rfid,merge_key,AO0_damages,AO0_event_impact,AO0_net_impact,AO1_cost,AO1_damages,AO1_event_impact,AO1_net_impact,AO1_benefit,AO1_bc_ratio
168,168,0.0,0.0,0.0,249653.0,0.0,0.0,0.0,0.0,0.0
2,2,0.0,0.0,0.0,140883.0,0.0,0.0,0.0,0.0,0.0
1034,1034,0.0,0.0,0.0,148721.99999999997,0.0,0.0,0.0,0.0,0.0
891,891,0.0,0.0,0.0,251426.00000000003,0.0,0.0,0.0,0.0,0.0
4,4,167315.0,167315.0,296160.7563587285,289492.0,56797.0,56797.0,100535.17305027467,195625.58330845385,0.6757547127673782
733,733,21018.0,21018.0,37203.51897407738,170648.0,7722.0,7722.0,13668.549506034138,23534.96946804324,0.13791529621233908
1136,1136,3278.0,3278.0,5802.318736179734,21488.999999999996,1270.0,1270.0,2248.000242510147,3554.3184936695866,0.16540176339846374
11,11,205861.0,205861.0,364390.2188373082,65265.0,78531.0,78531.0,139006.06853902704,225384.15029828114,3.4533693449518292
1027,1027,363811.0,363811.0,643974.1860061883,108543.0,140703.0,140703.0,249055.41584401985,394918.7701621684,3.638362401648825
507,507,9126.0,9126.0,16153.740325313072,89211.00000000001,3211.0,3211.0,5683.72344779534,10470.016877517734,0.11736239788274688
15,15,233088.0,233088.0,412584.1578946497,100733.0,84603.0,84603.0,149753.9878087291,262830.1700859206,2.6091764375718047
723,723,8326.0,8326.0,14737.677180424791,147248.0,2790.0,2790.0,4938.520217797882,9799.156962626908,0.06654865915073148
503,503,7490.0,7490.0,13257.891194016536,70343.0,2629.0,2629.0,4653.537509889115,8604.353684127422,0.12231997048927998
17,17,242973.0,242973.0,430081.3881286756,107449.00000000001,87865.0,87865.0,155527.98528201107,274553.40284666454,2.5551973759333686
386,386,8840.0,8840.0,15647.497751015511,85733.0,3086.0,3086.0,5462.463581406546,10185.034169608965,0.1187994607631713
22,22,252117.0,252117.0,446266.98987474863,108448.00000000001,97606.0,97606.0,172770.324149957,273496.6657247916,2.521915256388237
499,499,16710.0,16710.0,29578.01893885398,102714.0,6540.0,6540.0,11576.316209461702,18001.70272939228,0.1752604584515478
1011,1011,17181.0,17181.0,30411.726115406957,113827.00000000001,6622.0,6622.0,11721.46268181275,18690.263433594206,0.16419885821109406
25,25,398542.0,398542.0,705450.797362582,107864.0,157449.0,157449.0,278697.1576243938,426753.6397381881,3.956404729457355
495,495,22874.0,22874.0,40488.785470218194,120177.0,9074.0,9074.0,16061.696220895334,24427.08924932286,0.20325926965494945
918,918,17568.0,17568.0,31096.746661746663,96974.0,6943.0,6943.0,12289.658018699174,18807.08864304749,0.1939394955663115
30,30,443191.0,443191.0,784483.051557728,107727.0,177180.0,177180.0,313622.58501413214,470860.46654359583,4.37086771694743
737,737,16914.0,16914.0,29939.115040800494,78068.0,6799.0,6799.0,12034.766652619282,17904.348388181214,0.22934298801277364
627,627,7480.0,7480.0,13240.190404705432,33084.0,3003.0,3003.0,5315.547030124387,7924.6433745810455,0.23953099306556178
32,32,573282.0,573282.0,1014754.3897848048,108348.0,253574.0,253574.0,448845.9948773764,565908.3949074284,5.223062676813863
605,605,14582.0,14582.0,25811.290973451152,61385.99999999999,6355.0,6355.0,11248.851607206287,14562.439366244866,0.2372273705119224
1040,1040,620049.0,620049.0,1097535.6711560427,108045.0,329881.0,329881.0,583915.407873614,513620.2632824287,4.753762444189261
34,34,21788.0,21788.0,38566.47975103235,17390.0,10807.0,10807.0,19129.243008509573,19437.236742522775,1.1177249420657145
35,35,156831.0,156831.0,277603.24884496763,122696.0,81197.0,81197.0,143725.09896936725,133878.1498756004,1.0911370368683606
1039,1039,317972.0,317972.0,562835.5378830208,108425.0,176441.0,176441.0,312314.49668404163,250521.0411989792,2.3105468406638616
1043,1043,15492.0,15492.0,27422.062800761574,12311.0,7758.0,7758.0,13732.27234755411,13689.790453207464,1.111996625230076
1122,1122,5233.0,5233.0,9262.823046500473,19487.0,2979.0,2979.0,5273.065135777739,3989.757910722734,0.20473946275582358
1112,1112,29098.0,29098.0,51505.756737449025,105414.99999999999,17295.0,17295.0,30613.515113553538,20892.241623895487,0.1981904057666887
509,509,30104.0,30104.0,53286.45614214604,106917.99999999999,18429.0,18429.0,32620.78462143268,20665.67152071336,0.1932852421548604
44,44,29515.0,29515.0,52243.87965172204,103965.0,18273.0,18273.0,32344.652308179462,19899.227343542578,0.19140313897506447
1121,1121,23943.0,23943.0,42380.999847575156,84832.0,14708.0,14708.0,26034.320918771056,16346.6789288041,0.1926947252075172
46,46,29320.0,29320.0,51898.71426015552,104051.99999999999,17967.0,17967.0,31803.008155259693,20095.706104895824,0.19313137762749227
136,136,30226.0,30226.0,53502.4057717415,106414.0,18726.0,18726.0,33146.49806397245,20355.907707769045,0.1912897523612405
1110,1110,29048.0,29048.0,51417.2527908935,104034.0,17566.0,17566.0,31093.20650388444,20324.04628700906,0.195359654411145
50,50,28902.0,28902.0,51158.821266951396,106130.00000000001,16852.0,16852.0,29829.37014707165,21329.451119879745,0.20097475850258872
1108,1108,28916.0,28916.0,51183.60237198694,105323.00000000001,17072.0,17072.0,30218.78751191593,20964.814860071012,0.19905257977907018
995,995,30108.0,30108.0,53293.536457870476,106349.0,18570.0,18570.0,32870.36575071923,20423.170707151243,0.19203914194916025
53,53,27866.0,27866.0,49325.019494321066,105128.0,15492.0,15492.0,27422.062800761574,21902.956693559492,0.20834560434479388
1104,1104,29119.0,29119.0,51542.92839500234,106189.0,17165.0,17165.0,30383.404852509193,21159.523542493145,0.19926285719324172
358,358,29645.0,29645.0,52473.98991276638,106214.99999999999,17926.0,17926.0,31730.434919084168,20743.554993682214,0.19529779215442467
1101,1101,28278.0,28278.0,50054.29201393853,106042.0,15896.0,15896.0,28137.174688930154,21917.117325008378,0.20668336437457213
982,982,26322.0,26322.0,46592.01762468668,106679.99999999999,12607.0,12607.0,22315.38508450821,24276.632540178474,0.22756498444111808
60,60,0.0,0.0,0.0,42182.0,0.0,0.0,0.0,0.0,0.0
647,647,0.0,0.0,0.0,112022.0,0.0,0.0,0.0,0.0,0.0
251,251,8065.0,8065.0,14275.686579404988,189810.99999999997,2689.0,2689.0,4759.742245755737,9515.944333649251,0.05013378747095402
63,63,0.0,0.0,0.0,35715.0,0.0,0.0,0.0,0.0,0.0
470,470,0.0,0.0,0.0,85203.0,0.0,0.0,0.0,0.0,0.0
65,65,0.0,0.0,0.0,76594.0,0.0,0.0,0.0,0.0,0.0
179,179,0.0,0.0,0.0,112687.0,0.0,0.0,0.0,0.0,0.0
69,69,39659.0,39659.0,70199.56032890546,194449.0,15815.0,15815.0,27993.798295510216,42205.762033395236,0.21705311949866155
897,897,50301.0,50301.0,89036.74031378182,253032.99999999997,20022.0,20022.0,35440.520358691465,53596.21995509035,0.2118151385593593
631,631,16659.0,16659.0,29487.744913367354,85108.0,6623.0,6623.0,11723.232760743862,17764.512152623494,0.20872905194133917
895,895,16197.0,16197.0,28669.96844719437,76739.0,6474.0,6474.0,11459.491000008418,17210.47744718595,0.22427289184359908
766,766,18569.0,18569.0,32868.59567178813,87408.99999999999,7425.0,7425.0,13142.836063494364,19725.759608293763,0.22567195149577007
74,74,29134.0,29134.0,51569.479578968996,180366.0,11562.0,11562.0,20465.652601497888,31103.826977471108,0.1724483936965454
78,78,26947.0,26947.0,47698.31695663065,105968.99999999999,13798.0,13798.0,24423.549091460638,23274.767865170015,0.21963751535986958
758,758,28494.0,28494.0,50436.62906305837,105332.0,16418.0,16418.0,29061.15589096976,21375.47317208861,0.20293427611826043
850,850,26392.0,26392.0,46715.92314986441,103420.99999999999,13613.0,13613.0,24096.084489205223,22619.838660659185,0.21871610853365553
1077,1077,3220.0,3220.0,5699.654158175334,13486.0,1423.0,1423.0,2518.8223189700307,3180.831839205303,0.23586177066626893
79,79,137037.0,137037.0,242566.3064825693,102524.0,58054.0,58054.0,102760.16226668037,139806.14421588893,1.3636430905533234
442,442,148761.0,148761.0,263318.71187090705,107132.0,68967.0,68967.0,122077.03364188764,141241.6782290194,1.3183892602492195
85,85,19448.0,19448.0,34424.495052234124,106209.0,7692.0,7692.0,13615.447138100828,20809.047914133298,0.1959254669014236
299,299,19454.0,19454.0,34435.11552582079,104735.0,7704.0,7704.0,13636.688085274152,20798.427440546635,0.19858144307582598
294,294,17232.0,17232.0,30502.000140893586,104646.0,6752.0,6752.0,11951.572942857096,18550.42719803649,0.17726838291035005
1078,1078,22956.0,22956.0,40633.93194256924,107625.0,9350.0,9350.0,16550.23800588179,24083.693936687447,0.2237741596904757
762,762,17233.0,17233.0,30503.770219824695,104252.0,6757.0,6757.0,11960.423337512648,18543.34688231205,0.1778704186232595
853,853,17358.0,17358.0,30725.03008621349,105463.0,6804.0,6804.0,12043.617047274834,18681.413038938656,0.17713712903045292
420,420,32311.0,32311.0,57193.02034310658,331703.00000000006,11292.0,11292.0,19987.731290098094,37205.289053008484,0.1121644635502497
776,776,10991.0,10991.0,19454.93753183388,82676.0,4123.0,4123.0,7298.035432967981,12156.902098865898,0.14704269798812106
642,642,27181.0,27181.0,48112.51542651048,238639.0,9808.0,9808.0,17360.93415633033,30751.581270180148,0.1288623455100807
92,92,26354.0,26354.0,46648.66015048222,104967.00000000001,13130.0,13130.0,23241.13636547892,23407.523785003297,0.22299888331574014
96,96,28021.0,28021.0,49599.38172864317,108298.00000000001,14867.0,14867.0,26315.763468817604,23283.61825982557,0.21499582873022186
483,483,27441.0,27441.0,48572.73594859917,106452.0,14451.0,14451.0,25579.410633475698,22993.32531512347,0.2159971190313331
860,860,26454.0,26454.0,46825.66804359325,103769.0,13619.0,13619.0,24106.704962791882,22718.963080801368,0.21893786276056787
95,95,134639.0,134639.0,238321.65720576668,106010.0,68779.0,68779.0,121744.2588028389,116577.39840292778,1.0996830337036863
421,421,134850.0,134850.0,238695.14386023095,105733.0,69495.0,69495.0,123011.63531751391,115683.50854271704,1.0941097721876523
103,103,26823.0,26823.0,47478.82716917297,106786.0,13375.0,13375.0,23674.805703600956,23804.021465572012,0.22291331696638148
262,262,27439.0,27439.0,48569.19579073695,103265.99999999999,15323.0,15323.0,27122.919461403922,21446.276329333028,0.2076799365651137
257,257,27644.0,27644.0,48932.06197161457,105263.0,15101.0,15101.0,26729.961938697426,22202.10003291714,0.21092026669311287
1050,1050,28279.0,28279.0,50056.062092869644,107694.0,15444.0,15444.0,27337.099012068276,22718.963080801368,0.21095848497410596
485,485,23700.0,23700.0,41950.87066731534,105225.0,9514.0,9514.0,16840.53095058389,25110.339716731454,0.2386347323994436
108,108,21895.0,21895.0,38755.87819666116,106836.0,8734.0,8734.0,15459.869384317813,23296.008812343345,0.2180539220145208
989,989,22793.0,22793.0,40345.40907679825,103357.0,9138.0,9138.0,16174.981272486397,24170.427804311854,0.2338538057829838
878,878,17420.0,17420.0,30834.774979942333,103156.0,6843.0,6843.0,12112.65012558814,18722.124854354195,0.18149331938378954
489,489,18614.0,18614.0,32948.24922368809,104784.0,7344.0,7344.0,12999.459670074424,19948.78955361367,0.1903801110247144
109,109,17582.0,17582.0,31121.52776678221,106330.0,6894.0,6894.0,12202.924151074767,18918.60361570744,0.1779234798806305
908,908,15014.0,15014.0,26575.965071690825,105449.0,5727.0,5727.0,10137.242038468985,16438.72303322184,0.15589264035905356
494,494,20867.0,20867.0,36936.237055479716,104320.0,8309.0,8309.0,14707.585838595915,22228.6512168838,0.21308139586736774
116,116,19041.0,19041.0,33704.07292727221,105514.0,7522.0,7522.0,13314.533719812067,20389.53920746014,0.19324013123813086
769,769,20502.0,20502.0,36290.158245624436,104693.0,8151.0,8151.0,14427.91336748048,21862.244878143956,0.2088224129420683
119,119,18413.0,18413.0,32592.46335853491,107833.0,7241.0,7241.0,12817.141540170058,19775.321818364853,0.1833884044621299
498,498,18771.0,18771.0,33226.15161587242,104908.0,7411.0,7411.0,13118.054958458819,20108.0966574136,0.1916736250563694
390,390,11013.0,11013.0,19493.879268318306,104070.0,3858.0,3858.0,6828.9645162237375,12664.914752094568,0.12169611561539895
123,123,12032.0,12032.0,21297.589699119755,106065.0,4313.0,4313.0,7634.3504298789485,13663.239269240807,0.1288194905882318
385,385,12129.0,12129.0,21469.28735543746,104157.0,4384.0,4384.0,7760.026033987783,13709.261321449678,0.13162112312614302
926,926,7283.0,7283.0,12891.484855276693,103268.0,2428.0,2428.0,4297.751644735935,8593.733210540759,0.0832177752114959
500,500,8777.0,8777.0,15535.98277835556,103493.0,2926.0,2926.0,5179.25095242889,10356.731825926669,0.10007180993812788
128,128,7923.0,7923.0,14024.335371187319,93783.0,2647.0,2647.0,4685.398930649102,9338.936440538217,0.09958026977744598
947,947,3291.0,3291.0,5825.329762284168,97986.0,1097.0,1097.0,1941.776587428056,3883.5531748561125,0.03963375558606446
504,504,5622.0,5622.0,9951.383750702398,82891.0,1874.0,1874.0,3317.1279169007994,6634.255833801599,0.08003590056582258
129,129,33354.0,33354.0,59039.21266825468,288609.0,12026.0,12026.0,21286.969225533092,37752.24344272159,0.13080757510237584
556,556,13477.0,13477.0,23855.353754574215,95981.0,5120.0,5120.0,9062.804127285002,14792.549627289212,0.15411956144746577
134,134,29500.0,29500.0,52217.32846775538,266587.99999999994,10872.0,10872.0,19244.298139031747,32973.03032872363,0.12368535091123246
552,552,0.0,0.0,0.0,78749.0,0.0,0.0,0.0,0.0,0.0
135,135,0.0,0.0,0.0,128672.0,0.0,0.0,0.0,0.0,0.0
1109,1109,4772.0,4772.0,8446.8166592586,18535.0,2506.0,2506.0,4435.817801362542,4010.9988578960583,0.21640134113277898
143,143,28622.0,28622.0,50663.19916624049,105454.0,16583.0,16583.0,29353.218914602967,21309.980251637524,0.20207844417127396
139,139,165362.0,165362.0,292703.79220627004,103875.0,97517.0,97517.0,172612.7871250882,120091.00508118185,1.1561107589042778
463,463,134399.0,134399.0,237896.83826230018,104455.0,70532.0,70532.0,124847.20716907535,113049.63109322483,1.0822807055021284
146,146,25525.0,25525.0,45181.26471659174,105664.0,11617.0,11617.0,20563.00694270896,24618.25777388278,0.2329862372603988
856,856,29046.0,29046.0,51413.71263303128,102824.99999999999,17860.0,17860.0,31613.609709630888,19800.102923400395,0.1925611760116742
510,510,27251.0,27251.0,48236.420951688204,106380.0,14163.0,14163.0,25069.627901315915,23166.79305037229,0.21777395234416516
514,514,18538.0,18538.0,32813.723224923706,105000.0,7310.0,7310.0,12939.276986416673,19874.446238507033,0.18928044036673364
151,151,18835.0,18835.0,33339.43666746348,107629.0,7422.0,7422.0,13137.525826701032,20201.910840762448,0.18769951259198217
610,610,18620.0,18620.0,32958.86969727476,103067.0,7356.0,7356.0,13020.700617247749,19938.169080027008,0.19344862157651826
741,741,18694.0,18694.0,33089.85553817692,104823.0,7378.0,7378.0,13059.642353732177,20030.213184444743,0.19108605157689385
518,518,14940.0,14940.0,26444.97923078866,104136.0,5709.0,5709.0,10105.380617709,16339.598613079661,0.15690633991203484
154,154,20062.0,20062.0,35511.32351593588,106150.0,7955.0,7955.0,14080.97789698285,21430.345618953033,0.201887382185144
921,921,19652.0,19652.0,34785.591154180634,103719.0,7794.0,7794.0,13795.995189074083,20989.59596510655,0.20236982582850346
158,158,17756.0,17756.0,31429.52150079541,105481.0,6973.0,6973.0,12342.760386632484,19086.761114162924,0.1809497550664378
523,523,20008.0,20008.0,35415.73925365592,106827.0,7928.0,7928.0,14033.18576584287,21382.55348781305,0.20016057258757664
825,825,7194.0,7194.0,12733.947830407873,50760.0,2741.0,2741.0,4851.786350173475,7882.161480234398,0.15528292908263197
526,526,15243.0,15243.0,26981.313146915094,105176.0,5839.0,5839.0,10335.490878753346,16645.822268161748,0.15826635609037945
163,163,13280.0,13280.0,23506.648205145473,214355.00000000003,4580.0,4580.0,8106.961504485412,15399.686700660062,0.07184197569760473
727,727,0.0,0.0,0.0,101927.0,0.0,0.0,0.0,0.0,0.0
530,530,0.0,0.0,0.0,106078.0,0.0,0.0,0.0,0.0,0.0
164,164,0.0,0.0,0.0,55538.0,0.0,0.0,0.0,0.0,0.0
532,532,0.0,0.0,0.0,162015.0,0.0,0.0,0.0,0.0,0.0
1132,1132,0.0,0.0,0.0,66761.0,0.0,0.0,0.0,0.0,0.0
172,172,0.0,0.0,0.0,173629.0,0.0,0.0,0.0,0.0,0.0
1173,1173,14158.0,14158.0,25060.777506660364,188446.0,7085.0,7085.0,12541.009226916844,12519.76827974352,0.06643690117987923
892,892,0.0,0.0,0.0,248025.0,0.0,0.0,0.0,0.0,0.0
1176,1176,0.0,0.0,0.0,53074.0,0.0,0.0,0.0,0.0,0.0
1026,1026,3255.0,3255.0,5761.606920764196,100535.0,1084.0,1084.0,1918.7655613236216,3842.8413594405743,0.03822391564570124
176,176,7499.0,7499.0,13273.82190439653,102884.0,2500.0,2500.0,4425.19732777588,8848.624576620648,0.08600583741515345
180,180,74.0,74.0,130.98584090216605,211143.0,25.0,25.0,44.2519732777588,86.73386762440725,0.0004107825863249421
653,653,6598.0,6598.0,11678.980787466102,77053.0,2223.0,2223.0,3934.8854638583125,7744.095323607789,0.10050348881429393
796,796,91.0,91.0,161.07718273104203,155680.99999999997,30.0,30.0,53.10236793331056,107.97481479773147,0.0006935644991857162
649,649,0.0,0.0,0.0,77642.0,0.0,0.0,0.0,0.0,0.0
754,754,0.0,0.0,0.0,154401.0,0.0,0.0,0.0,0.0,0.0
187,187,0.0,0.0,0.0,66125.0,0.0,0.0,0.0,0.0,0.0
1032,1032,4546.0,4546.0,8046.77882082766,144042.0,1515.0,1515.0,2681.669580632183,5365.109240195477,0.0372468393954227
189,189,960.0,960.0,1699.275773865938,59046.0,320.0,320.0,566.4252579553126,1132.8505159106253,0.019185897705358963
573,573,6736.0,6736.0,11923.25167995933,242168.0,2245.0,2245.0,3973.82720034274,7949.42447961659,0.03282607313772501
981,981,0.0,0.0,0.0,126003.0,0.0,0.0,0.0,0.0,0.0
553,553,375.0,375.0,663.779599166382,116442.99999999999,125.0,125.0,221.259866388794,442.51973277758805,0.003800312021998644
357,357,408.0,408.0,722.1922038930236,70561.0,136.0,136.0,240.73073463100786,481.4614692620157,0.006823336818667759
354,354,14490.0,14490.0,25648.443711789,274263.00000000006,4830.0,4830.0,8549.481237263,17098.962474526,0.062345130311146586
476,476,8897.0,8897.0,15748.392250088802,92603.0,3008.0,3008.0,5324.397424779939,10423.994825308862,0.11256649163967541
196,196,26076.0,26076.0,46156.57820763354,227659.00000000006,9421.0,9421.0,16675.913609990625,29480.664597642914,0.12949483480838844
1161,1161,8394.0,8394.0,14858.042547740295,164664.00000000003,2799.0,2799.0,4954.4509281778755,9903.59161956242,0.06014424294054813
745,745,15861.0,15861.0,28075.22192634129,82613.0,6297.0,6297.0,11146.187029201887,16929.034897139405,0.20491974504181432
461,461,142124.0,142124.0,251570.69800512766,99811.0,66684.0,66684.0,118035.94344216271,133534.75456296495,1.337876131518219
942,942,27433.0,27433.0,48558.57531715029,322393.0,9544.0,9544.0,16893.6333185172,31664.941998633087,0.09821845387037897
613,613,9609.0,9609.0,17008.68844903937,85096.0,3457.0,3457.0,6119.162864848487,10889.525584190884,0.12796753765383664
1160,1160,7940.0,7940.0,14054.426713016195,218375.0,2718.0,2718.0,4811.074534757937,9243.352178258257,0.04232788633432516
204,204,0.0,0.0,0.0,113394.0,0.0,0.0,0.0,0.0,0.0
984,984,0.0,0.0,0.0,77021.0,0.0,0.0,0.0,0.0,0.0
679,679,0.0,0.0,0.0,77454.0,0.0,0.0,0.0,0.0,0.0
790,790,0.0,0.0,0.0,77328.0,0.0,0.0,0.0,0.0,0.0
682,682,0.0,0.0,0.0,77395.0,0.0,0.0,0.0,0.0,0.0
211,211,0.0,0.0,0.0,212720.0,0.0,0.0,0.0,0.0,0.0
212,212,0.0,0.0,0.0,93526.0,0.0,0.0,0.0,0.0,0.0
749,749,0.0,0.0,0.0,76869.0,0.0,0.0,0.0,0.0,0.0
686,686,0.0,0.0,0.0,76374.0,0.0,0.0,0.0,0.0,0.0
217,217,20236.0,20236.0,35819.31724994908,107750.0,8051.0,8051.0,14250.905474369443,21568.41177557964,0.20017087494737484
847,847,25503.0,25503.0,45142.3229801073,104743.0,11834.0,11834.0,20947.114070759904,24195.2089093474,0.23099595113131569
872,872,22993.0,22993.0,40699.42486302032,104700.0,9216.0,9216.0,16313.047429113003,24386.37743390732,0.23291668991315492
220,220,26699.0,26699.0,47259.33738171529,105939.00000000001,13407.0,13407.0,23731.44822939649,23527.8891523188,0.2220890243660861
218,218,136501.0,136501.0,241617.54417549414,105529.0,72404.0,72404.0,128160.79492811393,113456.74924738021,1.075123892459705
1083,1083,3488.0,3488.0,6174.035311712908,13681.0,1796.0,1796.0,3179.0617602741922,2994.9735514387157,0.21891481261886672
446,446,145027.0,145027.0,256709.237142141,104834.0,68281.0,68281.0,120862.75949514595,135846.47764699504,1.295824614600178
301,301,23873.0,23873.0,42257.09432239743,103937.0,9596.0,9596.0,16985.677422934936,25271.416899462496,0.24314168101313774
227,227,18751.0,18751.0,33190.75003725021,105694.0,7393.0,7393.0,13086.193537698831,20104.556499551378,0.19021473782382517
1084,1084,25903.0,25903.0,45850.35455255145,107301.99999999999,11769.0,11769.0,20832.058940237734,25018.295612313716,0.23315777536591786
298,298,20674.0,20674.0,36594.61182177542,104107.0,8228.0,8228.0,14564.209445175977,22030.402376599443,0.21161307478459127
827,827,11195.0,11195.0,19816.03363378039,72408.0,4350.0,4350.0,7699.843350330031,12116.190283450358,0.16733220477641086
228,228,31078.0,31078.0,55010.51302104752,184721.99999999997,12205.0,12205.0,21603.813354201844,33406.69966684567,0.18084851651046263
900,900,20671.0,20671.0,36589.30158498209,97554.0,8416.0,8416.0,14896.984284224722,21692.317300757364,0.22236215122657568
832,832,12379.0,12379.0,21911.807088215046,67816.0,4895.0,4895.0,8664.536367785173,13247.270720429873,0.19534137549294964
236,236,31689.0,31689.0,56092.03124795594,150987.00000000003,13425.0,13425.0,23763.309650156476,32328.721597799467,0.2141159278467647
784,784,23679.0,23679.0,41913.69900976202,94103.0,11855.0,11855.0,20984.28572831322,20929.4132814488,0.22240962861384653
780,780,22601.0,22601.0,40005.553922025065,96787.0,9703.0,9703.0,17175.075868563745,22830.47805346132,0.23588372460621077
382,382,16516.0,16516.0,29234.623626218574,117397.0,6282.0,6282.0,11119.63584523523,18114.98778098334,0.15430537220698434
238,238,11416.0,11416.0,20207.22107755578,88325.0,4250.0,4250.0,7522.8354572189955,12684.385620336783,0.14361036649121747
241,241,6171.0,6171.0,10923.157083881983,353574.00000000006,2057.0,2057.0,3641.052361293994,7282.104722587988,0.020595701953729593
939,939,9159.0,9159.0,16212.152930039714,92390.0,3134.0,3134.0,5547.427370099843,10664.72555993987,0.11543160038900174
836,836,11808.0,11808.0,20901.092018551037,136255.0,3936.0,3936.0,6967.030672850346,13934.061345700691,0.10226458732303909
548,548,1618.0,1618.0,2863.9877105365495,337616.99999999994,539.0,539.0,954.0725438684797,1909.9151666680698,0.005657046791684276
973,973,0.0,0.0,0.0,118798.0,0.0,0.0,0.0,0.0,0.0
940,940,2809.0,2809.0,4972.151717488979,305237.0,936.0,936.0,1656.7938795192895,3315.357837969689,0.010861585711986716
247,247,0.0,0.0,0.0,97839.0,0.0,0.0,0.0,0.0,0.0
249,249,7475.0,7475.0,13231.34001004988,211142.0,2492.0,2492.0,4411.036696326997,8820.303313722883,0.0417742718820646
652,652,861.0,861.0,1524.037959686013,77153.0,287.0,287.0,508.012653228671,1016.0253064573419,0.013168966941756535
648,648,3537.0,3537.0,6260.769179337315,76365.0,1179.0,1179.0,2086.923059779105,4173.8461195582095,0.05465653269898788
1158,1158,10779.0,10779.0,19079.680798438483,93612.99999999999,4010.0,4010.0,7098.016513752512,11981.664284685972,0.12799145721946711
622,622,27667.0,27667.0,48972.773787030106,106425.0,14819.0,14819.0,26230.799680124306,22741.9741069058,0.21369014899606106
258,258,27982.0,27982.0,49530.34865032987,105079.00000000001,15689.0,15689.0,27770.768350190312,21759.580300139558,0.20707829633075642
1037,1037,18348.0,18348.0,32477.408228012737,69619.0,10090.0,10090.0,17860.09641490345,14617.311813109285,0.2099615308049424
1045,1045,27217.0,27217.0,48176.23826803045,107217.00000000001,13883.0,13883.0,24574.005800605017,23602.232467425434,0.22013516949201556
486,486,26935.0,26935.0,47677.07600945733,107591.0,13332.0,13332.0,23598.692309563212,24078.383699894115,0.22379551914095153
1048,1048,28472.0,28472.0,50397.68732657394,108509.00000000001,15528.0,15528.0,27485.785642281546,22911.901684292396,0.2111520858573242
266,266,28204.0,28204.0,49923.30617303637,105198.00000000001,16011.0,16011.0,28340.733766007845,21582.572407028525,0.20516143279367025
991,991,26572.0,26572.0,47034.53735746427,106330.0,13101.0,13101.0,23189.80407647672,23844.73328098755,0.22425217042215323
1052,1052,29386.0,29386.0,52015.539469608804,107982.0,17124.0,17124.0,30310.831616333668,21704.707853275137,0.2010030176628988
271,271,28038.0,28038.0,49629.47307047205,104706.0,15882.0,15882.0,28112.39358389461,21517.07948657744,0.20549996644487842
1055,1055,28764.0,28764.0,50914.550374458166,107376.0,16303.0,16303.0,28857.59681389207,22056.953560566097,0.20541791052531383
326,326,26126.0,26126.0,46245.082154189055,106427.0,12366.0,12366.0,21888.796062110614,24356.28609207844,0.22885438931923704
980,980,27778.0,27778.0,49169.25254838336,105888.0,15143.0,15143.0,26804.30525380406,22364.9472945793,0.21121323752058116
275,275,25475.0,25475.0,45092.76077003621,104122.99999999999,11962.0,11962.0,21173.68417394203,23919.076596094183,0.22971943370911505
1155,1155,28858.0,28858.0,51080.937793982535,108145.0,16243.0,16243.0,28751.39207802545,22329.545715957087,0.2064778373106208
581,581,25245.0,25245.0,44685.64261588084,106638.0,10903.0,10903.0,19299.17058589617,25386.47202998467,0.23806215448512416
279,279,23495.0,23495.0,41588.00448643772,104868.0,9633.0,9633.0,17051.17034338602,24536.8341430517,0.2339782788176727
1060,1060,27463.0,27463.0,48611.677685083596,107713.0,14139.0,14139.0,25027.146006969266,23584.53167811433,0.2189571516726331
699,699,19717.0,19717.0,34900.64628470281,106529.0,7805.0,7805.0,13815.466057316296,21085.18022738651,0.19792901676901606
283,283,18370.0,18370.0,32516.349964497167,103675.99999999999,7246.0,7246.0,12825.99193482561,19690.35802967156,0.18992204588980632
1063,1063,25082.0,25082.0,44397.11975010985,108137.99999999999,10836.0,10836.0,19180.575297511776,25216.544452598075,0.2331885595498167
1007,1007,16892.0,16892.0,29900.173304316064,105998.0,6601.0,6601.0,11684.291024259433,18215.88228005663,0.17185118851352507
287,287,17345.0,17345.0,30702.019060109054,107637.0,6777.0,6777.0,11995.824916134856,18706.1941439742,0.173789627581354
1066,1066,22909.0,22909.0,40550.73823280705,107219.00000000001,9705.0,9705.0,17178.616026425967,23372.122206381086,0.21798489266250462
289,289,21974.0,21974.0,38895.714432218876,106841.0,8768.0,8768.0,15520.052067975566,23375.66236424331,0.21878925098270618
803,803,17607.0,17607.0,31165.779740059967,106231.0,6905.0,6905.0,12222.39501931698,18943.384720742986,0.17832256799562263
1069,1069,23496.0,23496.0,41589.77456536883,108453.0,9980.0,9980.0,17665.38773248131,23924.38683288752,0.2205968192017512
295,295,20812.0,20812.0,36838.88271426864,104494.0,8285.0,8285.0,14665.103944249266,22173.778770019377,0.21220145434206153
664,664,18069.0,18069.0,31983.556206232948,106164.0,7102.0,7102.0,12571.10056874572,19412.455637487226,0.18285346857208873
1072,1072,24441.0,24441.0,43262.49915526811,108116.0,10097.0,10097.0,17872.486967421224,25390.012187846885,0.2348404693833187
1074,1074,24206.0,24206.0,42846.53060645718,106710.0,9722.0,9722.0,17208.707368254843,25637.823238202334,0.24025698845658638
764,764,18996.0,18996.0,33624.41937537224,106841.0,7495.0,7495.0,13266.741588672088,20357.677786700155,0.19054181247554922
852,852,18363.0,18363.0,32503.959411979395,105982.0,7230.0,7230.0,12797.670671927845,19706.28874005155,0.18593995905013636
1082,1082,24736.0,24736.0,43784.672439945665,108096.0,10160.0,10160.0,17984.001940081176,25800.67049986449,0.23868293461242313
307,307,22470.0,22470.0,39773.67358204961,102868.0,9003.0,9003.0,15936.020616786498,23837.652965263114,0.23173049894294742
1087,1087,27651.0,27651.0,48944.45252413234,107241.99999999999,14567.0,14567.0,25784.739789484498,23159.712734647845,0.21595748619615307
901,901,32855.0,32855.0,58155.943281630614,289962.0,13390.0,13390.0,23701.356887567614,34454.586394063,0.11882448870563385
539,539,49093.0,49093.0,86898.4849650005,274707.0,19379.0,19379.0,34302.35960598751,52596.12535901299,0.1914626324011146
310,310,23373.0,23373.0,41372.05485684226,106744.0,9366.0,9366.0,16578.559268779558,24793.495588062702,0.23227062493500994
1090,1090,26678.0,26678.0,47222.16572416197,107322.0,12998.0,12998.0,23007.485946572357,24214.679777589612,0.22562643053231968
313,313,22613.0,22613.0,40026.79486919839,105569.0,9048.0,9048.0,16015.674168686464,24011.12070051193,0.22744480577169365
674,674,42440.0,42440.0,75122.14983632334,275020.0,16422.0,16422.0,29068.2362066942,46053.91362962914,0.16745659817332972
1093,1093,26784.0,26784.0,47409.794090859665,107452.0,13133.0,13133.0,23246.44660227225,24163.347488587413,0.22487573510579062
1095,1095,25578.0,25578.0,45275.078899940585,106367.0,11508.0,11508.0,20370.06833921793,24905.010560722654,0.23414226743936234
904,904,42805.0,42805.0,75768.22864617861,275503.0,16610.0,16610.0,29401.011045742947,46367.217600435666,0.16830022758531002
319,319,26441.0,26441.0,46802.65701748882,106449.00000000001,12861.0,12861.0,22764.985133010236,24037.671884478583,0.22581397556086558
864,864,26872.0,26872.0,47565.56103679738,103931.0,14237.0,14237.0,25200.61374221808,22364.9472945793,0.21519034065465836
861,861,27079.0,27079.0,47931.96737553722,104603.00000000001,14383.0,14383.0,25459.045266160192,22472.92210937703,0.21484012991383636
322,322,28430.0,28430.0,50323.34401146731,109000.00000000001,15323.0,15323.0,27122.919461403922,23200.424550063384,0.21284793165195762
1054,1054,3359.0,3359.0,5945.695129599672,12298.0,1969.0,1969.0,3485.285415356283,2460.4097142433893,0.20006584113216697
323,323,137417.0,137417.0,243238.93647639125,105338.0,74125.0,74125.0,131207.10076855484,112031.8357078364,1.0635462578351251
424,424,174770.0,174770.0,309356.6947901562,104511.00000000001,95130.0,95130.0,168387.6087165278,140969.08607362842,1.348844485973997
329,329,21298.0,21298.0,37699.14107478828,106282.0,8482.0,8482.0,15013.809493678005,22685.331581110273,0.21344471858932154
978,978,24584.0,24584.0,43515.62044241689,104309.0,10490.0,10490.0,18568.12798734759,24947.4924550693,0.23916912687370503
988,988,23444.0,23444.0,41497.73046095109,105553.0,9403.0,9403.0,16644.05218923064,24853.67827172045,0.23546160006556377
883,883,15094.0,15094.0,26717.571386179654,104697.0,5775.0,5775.0,10222.205827162283,16495.365559017373,0.15755337363073796
334,334,19162.0,19162.0,33918.25247793656,106272.0,7570.0,7570.0,13399.497508505365,20518.754969431197,0.19307771538534324
880,880,17155.0,17155.0,30365.70406319809,105739.0,6715.0,6715.0,11886.080022406013,18479.624040792078,0.17476639689038176
910,910,16917.0,16917.0,29944.425277593826,105465.0,6615.0,6615.0,11709.072129294978,18235.353148298847,0.1729043108927023
905,905,14786.0,14786.0,26172.387075397663,104239.0,5635.0,5635.0,9974.394776806834,16197.992298590829,0.15539282129136722
337,337,23269.0,23269.0,41187.96664800678,107136.0,9319.0,9319.0,16495.36555901737,24692.601088989413,0.2304790274883271
768,768,23814.0,23814.0,42152.65966546192,104287.0,9569.0,9569.0,16937.88529179496,25214.77437366696,0.24178252681222934
340,340,18960.0,18960.0,33560.69653385227,106637.0,7481.0,7481.0,13241.960483636543,20318.736050215728,0.19054114472664954
389,389,11750.0,11750.0,20798.427440546635,104554.0,4199.0,4199.0,7432.561431732368,13365.866008814268,0.12783696471502065
345,345,9050.0,9050.0,16019.214326548685,107333.0,3017.0,3017.0,5340.328135159932,10678.886191388752,0.09949303747578798
396,396,6898.0,6898.0,12210.004466799208,105098.0,2300.0,2300.0,4071.1815415538094,8138.822925245398,0.0774403216545072
1141,1141,302.0,302.0,534.5638371953263,97379.0,101.0,101.0,178.77797204214554,355.7858651531808,0.003653620032585884
925,925,1944.0,1944.0,3441.0334420785243,104292.0,648.0,648.0,1147.0111473595082,2294.022294719016,0.021996148263711653
349,349,52.0,52.0,92.0441044177383,87527.99999999999,17.0,17.0,30.091341828875983,61.95276258886231,0.0007078050748201984
946,946,0.0,0.0,0.0,95453.0,0.0,0.0,0.0,0.0,0.0
951,951,0.0,0.0,0.0,111932.0,0.0,0.0,0.0,0.0,0.0
353,353,14256.0,14256.0,25234.24524190918,277225.0,4752.0,4752.0,8411.415080636392,16822.83016127279,0.06068294764639837
559,559,9729.0,9729.0,17221.097920772616,90730.0,3424.0,3424.0,6060.750260121845,11160.347660650772,0.12300614637551827
555,555,4058.0,4058.0,7182.980302445808,96405.0,1353.0,1353.0,2394.916793792306,4788.063508653502,0.04966613255177119
1005,1005,0.0,0.0,0.0,114958.0,0.0,0.0,0.0,0.0,0.0
1017,1017,0.0,0.0,0.0,124880.0,0.0,0.0,0.0,0.0,0.0
1103,1103,4791.0,4791.0,8480.448158949695,17488.0,2821.0,2821.0,4993.392664662303,3487.0554942873923,0.199397043360441
365,365,29268.0,29268.0,51806.67015573778,105333.99999999999,17586.0,17586.0,31128.60808250665,20678.062073231133,0.19630947342008406
361,361,163240.0,163240.0,288947.6847144539,105366.99999999999,93610.0,93610.0,165697.08874124006,123250.59597321381,1.1697267263300068
466,466,167151.0,167151.0,295870.4634140264,104593.0,102828.0,102828.0,182013.67632821528,113856.78708581114,1.0885698573117812
1130,1130,20368.0,20368.0,36052.96766885565,71872.0,12580.0,12580.0,22267.59295336823,13785.374715487422,0.19180452353472036
855,855,29620.0,29620.0,52429.73793948862,104535.0,18290.0,18290.0,32374.74365000834,20054.994289480284,0.19184956511675788
369,369,28263.0,28263.0,50027.74082997188,104756.0,16193.0,16193.0,28662.88813146993,21364.852698501953,0.20394872559568858
1175,1175,12972.0,12972.0,22961.463894363485,52283.0,6292.0,6292.0,11137.336634546335,11824.12725981715,0.22615625078547807
607,607,23510.0,23510.0,41614.55567040438,105600.0,9431.0,9431.0,16693.61439930173,24920.94127110265,0.2359937620369569
373,373,25365.0,25365.0,44898.05208761408,107973.0,10728.0,10728.0,18989.406772951857,25908.645314662223,0.23995485273783468
1174,1174,10321.0,10321.0,18268.984647989942,52401.0,4105.0,4105.0,7266.174012207995,11002.810635781949,0.20997329508562715
740,740,19222.0,19222.0,34024.45721380319,105736.0,7598.0,7598.0,13449.059718576455,20575.39749522673,0.19459216818516617
375,375,21219.0,21219.0,37559.30483923056,105398.0,8454.0,8454.0,14964.247283606916,22595.057555623644,0.21437842801214105
1131,1131,1980.0,1980.0,3504.756283598497,10406.0,785.0,785.0,1389.5119609216263,2115.2443226768705,0.20327160510060258
924,924,18454.0,18454.0,32665.036594710436,104530.0,7277.0,7277.0,12880.864381690031,19784.172213020407,0.1892678868556434
380,380,17707.0,17707.0,31342.787633171003,106608.0,6935.0,6935.0,12275.49738725029,19067.29024592071,0.1788542158742375
381,381,11287.0,11287.0,19978.880895442544,107808.0,3940.0,3940.0,6974.1109885747865,13004.769906867758,0.12062898770840529
998,998,14140.0,14140.0,25028.91608590038,104217.0,5331.0,5331.0,9436.290781749287,15592.625304151092,0.14961690802989044
833,833,9525.0,9525.0,16860.001818826102,84762.0,3405.0,3405.0,6027.118760430749,10832.883058395353,0.12780353293215538
779,779,14594.0,14594.0,25832.531920624475,95231.0,5660.0,5660.0,10018.646750084592,15813.885170539883,0.16605816562400777
502,502,9762.0,9762.0,17279.510525499256,107120.0,3280.0,3280.0,5805.858894041954,11473.651631457302,0.10711026541689042
496,496,14309.0,14309.0,25328.059425258027,106095.0,5387.0,5387.0,9535.415201891466,15792.64422336656,0.14885380294421566
927,927,8607.0,8607.0,15235.0693600668,106850.0,2869.0,2869.0,5078.3564533556,10156.7129067112,0.09505580633328217
770,770,17705.0,17705.0,31339.24747530878,106023.0,6948.0,6948.0,12298.508413354726,19040.739061954053,0.1795906460103379
930,930,5661.0,5661.0,10020.416829015703,108666.0,1887.0,1887.0,3340.138943005234,6680.277886010469,0.06147532702050751
911,911,39368.0,39368.0,69684.46735995234,212943.0,15583.0,15583.0,27583.139983492616,42101.327376459725,0.1977117227448647
398,398,8319.0,8319.0,14725.286627907019,104417.0,2773.0,2773.0,4908.428875969006,9816.857751938012,0.09401589541873462
402,402,9343.0,9343.0,16537.84745336402,105383.0,3114.0,3114.0,5512.025791477636,11025.821661886383,0.10462618887188999
595,595,7036.0,7036.0,12454.275359292436,107954.00000000001,2346.0,2346.0,4152.605172384886,8301.670186907551,0.07690007027907766
590,590,35803.0,35803.0,63374.13597054393,213216.99999999997,13995.0,13995.0,24772.254640889376,38601.881329654556,0.1810450448587803
406,406,6560.0,6560.0,11611.717788083908,104315.0,2187.0,2187.0,3871.1626223383396,7740.555165745569,0.07420366357422777
710,710,10284.0,10284.0,18203.491727538858,108571.0,3457.0,3457.0,6119.162864848487,12084.32886269037,0.11130346835426007
708,708,36444.0,36444.0,64508.756565385665,212971.99999999997,14287.0,14287.0,25289.1176887736,39219.638876612065,0.18415396801744863
409,409,6182.0,6182.0,10942.627952124196,106797.0,2061.0,2061.0,3648.1326770184355,7294.495275105761,0.06830243616492748
934,934,2936.0,2936.0,5196.951741739993,106521.99999999999,979.0,979.0,1732.9072735570346,3464.0444681829586,0.032519521490236375
916,916,31450.0,31450.0,55668.98238342057,214274.0,11928.0,11928.0,21113.501490284278,34555.48089313629,0.1612677268037013
815,815,5459.0,5459.0,9662.860884931411,106659.0,1820.0,1820.0,3221.5436546208407,6441.317230310571,0.06039168968685785
773,773,6677.0,6677.0,11818.81702302382,52140.0,2480.0,2480.0,4389.795749153673,7429.021273870147,0.14248218783793914
416,416,24836.0,24836.0,43961.6803330567,122967.0,9896.0,9896.0,17516.70110226804,26444.979230788656,0.21505752950619805
546,546,14264.0,14264.0,25248.40587335806,84140.99999999999,5596.0,5596.0,9905.361698493529,15343.044174864532,0.18234920163611718
544,544,19316.0,19316.0,34190.84463332756,88783.99999999999,7857.0,7857.0,13907.510161734035,20283.334471593524,0.22845709217419272
675,675,16864.0,16864.0,29850.611094244974,81789.0,6730.0,6730.0,11912.63120637267,17937.979887872305,0.2193202006122132
547,547,27797.0,27797.0,49202.884048074455,170785.00000000003,10870.0,10870.0,19240.757981169525,29962.12606690493,0.1754376910554494
643,643,1832.0,1832.0,3242.7846017941647,77421.0,611.0,611.0,1081.518226908425,2161.2663748857394,0.027915764132286323
639,639,8522.0,8522.0,15084.61265092242,80872.0,2981.0,2981.0,5276.605293639959,9808.00735728246,0.1212781600217932
1047,1047,2820.0,2820.0,4991.622585731193,11479.0,1336.0,1336.0,2364.82545196343,2626.7971337677627,0.22883501470230533
480,480,26705.0,26705.0,47269.95785530195,108134.0,12818.0,12818.0,22688.87173897249,24581.08611632946,0.22732060329155918
1042,1042,270969.0,270969.0,479636.51788404095,188766.0,130988.0,130988.0,231859.09902828277,247777.41885575818,1.3126167787406533
858,858,28362.0,28362.0,50202.9786441518,109207.00000000001,15160.0,15160.0,26834.396595632938,23368.582048518863,0.21398428716583057
1059,1059,3323.0,3323.0,5881.9722880797,12272.0,1920.0,1920.0,3398.551547731876,2483.420740347824,0.20236479305311472
578,578,29137.0,29137.0,51574.78981576233,108514.0,16575.0,16575.0,29339.058283154085,22235.731532608243,0.2049111776601014
428,428,156959.0,156959.0,277829.81894814974,104812.0,86671.0,86671.0,153414.5110382653,124415.30790988443,1.1870330487910203
1058,1058,171818.0,171818.0,304131.42178551847,100875.0,94714.0,94714.0,167651.25588118588,136480.1659043326,1.352963230774053
1062,1062,3342.0,3342.0,5915.603787770796,12872.0,1786.0,1786.0,3161.3609709630887,2754.242816807707,0.21397162964634145
696,696,27242.0,27242.0,48220.49024130821,105565.0,14379.0,14379.0,25451.96495043575,22768.525290872458,0.21568252063536644
431,431,151009.0,151009.0,267297.84930804314,103507.0,80547.0,80547.0,142574.54766414553,124723.3016438976,1.2049745586665406
1065,1065,3562.0,3562.0,6305.021152615073,13420.0,1985.0,1985.0,3513.606678254049,2791.4144743610245,0.20800405919232673
866,866,27215.0,27215.0,48172.69811016823,105881.0,14249.0,14249.0,25221.854689391406,22950.843420776826,0.2167607353611774
434,434,161781.0,161781.0,286365.13955396385,107705.0,89727.0,89727.0,158823.87225173856,127541.26730222529,1.1841722046536862
1068,1068,3339.0,3339.0,5910.293550977465,12984.0,1750.0,1750.0,3097.6381294431158,2812.6554215343494,0.21662472439420435
798,798,27924.0,27924.0,49427.68407232547,105667.99999999997,15434.0,15434.0,27319.398222757172,22108.2858495683,0.209224039913392
437,437,148529.0,148529.0,262908.0535588895,107008.99999999999,69988.0,69988.0,123884.28423055132,139023.76932833815,1.2991782871378872
1071,1071,3353.0,3353.0,5935.07465601301,13899.0,1521.0,1521.0,2692.2900542188454,3242.7846017941647,0.23331064118239908
658,658,26925.0,26925.0,47659.37522014623,104681.99999999999,14111.0,14111.0,24977.583796898176,22681.79142324805,0.21667327165365635
440,440,144120.0,144120.0,255103.77555162393,103514.00000000001,68922.0,68922.0,121997.38008998768,133106.39546163625,1.2858781948493558
1075,1075,3642.0,3642.0,6446.627467103902,14147.0,1913.0,1913.0,3386.1609952141034,3060.4664718897984,0.21633324887890001
759,759,27728.0,27728.0,49080.748601827836,105640.0,15122.0,15122.0,26767.133596250744,22313.615005577092,0.211223163627197
1080,1080,3225.0,3225.0,5708.504552830885,13460.0,1437.0,1437.0,2543.6034240055756,3164.901128825309,0.2351338134342726
848,848,26528.0,26528.0,46956.65388449542,105742.0,13194.0,13194.0,23354.421417069985,23602.232467425434,0.22320584505140278
1086,1086,3745.0,3745.0,6628.945597008268,13732.0,2190.0,2190.0,3876.4728591316707,2752.4727378765974,0.2004422325864111
870,870,25646.0,25646.0,45395.44426725608,106969.00000000001,11962.0,11962.0,21173.68417394203,24221.760093314053,0.22643719295603446
449,449,155140.0,155140.0,274610.04537246,104014.00000000001,86507.0,86507.0,153124.21809356322,121485.82727889676,1.1679757271030509
1089,1089,3357.0,3357.0,5942.154971737452,12713.0,1853.0,1853.0,3279.956259347482,2662.19871238997,0.20940759162982536
537,537,27551.0,27551.0,48767.44463102131,107609.00000000001,14309.0,14309.0,25328.059425258027,23439.385205763283,0.217819933330514
452,452,155644.0,155644.0,275502.1651537396,104118.0,85968.0,85968.0,152170.14554969475,123332.01960404488,1.1845408056632367
1092,1092,3807.0,3807.0,6738.69049073711,13921.0,2235.0,2235.0,3956.1264110316365,2782.5640797054734,0.1998824854324742
670,670,28042.0,28042.0,49636.55338619649,106887.0,15280.0,15280.0,27046.80606736618,22589.74731883031,0.21134232711957776
455,455,161927.0,161927.0,286623.57107790594,104865.0,94267.0,94267.0,166860.03059897956,119763.54047892638,1.1420735276682057
1096,1096,3485.0,3485.0,6168.725074919576,12948.0,1992.0,1992.0,3525.9972307718213,2642.727844147755,0.20410316992182231
457,457,131552.0,131552.0,232857.42354542902,107473.00000000001,62133.0,62133.0,109980.3142266795,122877.10931874951,1.143330039347087
876,876,26540.0,26540.0,46977.89483166874,107723.0,12807.0,12807.0,22669.40087073028,24308.49396093846,0.2256574172733628
1098,1098,3099.0,3099.0,5485.474607510981,13146.0,1323.0,1323.0,2341.8144258589955,3143.660181651985,0.23913435125908908
746,746,24075.0,24075.0,42614.65026648172,107198.0,10209.0,10209.0,18070.735807705583,24543.91445877614,0.22895869753891063
513,513,28017.0,28017.0,49592.30141291873,106684.00000000001,15302.0,15302.0,27085.747803850605,22506.553609068123,0.21096465832803532
1106,1106,4759.0,4759.0,8423.805633154165,16929.0,2906.0,2906.0,5143.849373806683,3279.956259347482,0.19374778541836388
857,857,29474.0,29474.0,52171.30641554651,105807.0,17772.0,17772.0,31457.842763693174,20713.463651853337,0.1957664771882138
1177,1177,1728.0,1728.0,3058.696392958688,6393.0,996.0,996.0,1762.9986153859106,1295.6977775727776,0.2026744529286372
1100,1100,4232.0,4232.0,7490.97403645901,16027.000000000002,2335.0,2335.0,4133.134304142672,3357.839732316338,0.20951143272704423
472,472,0.0,0.0,0.0,93673.0,0.0,0.0,0.0,0.0,0.0
976,976,0.0,0.0,0.0,129066.0,0.0,0.0,0.0,0.0,0.0
1166,1166,0.0,0.0,0.0,201021.00000000003,0.0,0.0,0.0,0.0,0.0
1172,1172,164.0,164.0,290.2929447020977,82475.0,55.0,55.0,97.35434121106935,192.93860349102835,0.0023393586358415076
729,729,0.0,0.0,0.0,112362.0,0.0,0.0,0.0,0.0,0.0
732,732,9310.0,9310.0,16479.43484863738,91281.0,3220.0,3220.0,5699.654158175334,10779.780690462045,0.11809446314635078
731,731,21069.0,21069.0,37293.79299956401,169595.0,7760.0,7760.0,13735.812505416332,23557.980494147676,0.1389072820197982
481,481,26346.0,26346.0,46634.499519033336,106804.0,12610.0,12610.0,22320.695321301537,24313.8041977318,0.22764881650248867
1119,1119,48743.0,48743.0,86278.95733911189,189572.99999999997,25536.0,25536.0,45200.73558483395,41078.22175427794,0.21668814522256832
488,488,22365.0,22365.0,39587.81529428302,106185.0,8939.0,8939.0,15822.735565195437,23765.079729087585,0.22380825661899126
624,624,24798.0,24798.0,43894.41733367451,104207.0,10898.0,10898.0,19290.320191240615,24604.097142433893,0.23610791158400005
625,625,22511.0,22511.0,39846.24681822513,105254.0,9006.0,9006.0,15941.33085357983,23904.915964645304,0.22711646079621967
493,493,22716.0,22716.0,40209.112999102756,105914.0,9090.0,9090.0,16090.017483793099,24119.09551530966,0.22772339365248842
497,497,18835.0,18835.0,33339.43666746348,106454.99999999999,7429.0,7429.0,13149.916379218805,20189.520288244676,0.18965309556380328
506,506,9207.0,9207.0,16297.11671873301,101666.00000000001,3113.0,3113.0,5510.2557125465255,10786.861006186486,0.10610096793605024
508,508,48114.0,48114.0,85165.57769144347,461513.0,17179.0,17179.0,30408.185957544738,54757.39173389873,0.11864756081388549
1038,1038,38541.0,38541.0,68220.61208392408,145595.0,21372.0,21372.0,37830.126915690445,30390.48516823363,0.20873302770173172
517,517,25280.0,25280.0,44747.5953784697,105050.0,11749.0,11749.0,20796.657361615526,23950.938016854172,0.22799560225468035
519,519,19262.0,19262.0,34095.2603710476,107517.0,7605.0,7605.0,13461.450271094227,20633.810099953378,0.19191207064885904
604,604,23370.0,23370.0,41366.74462004893,103417.0,9384.0,9384.0,16610.420689539544,24756.323930509385,0.2393835049412513
736,736,17525.0,17525.0,31020.63326770892,103953.0,6883.0,6883.0,12183.453282832552,18837.17998487637,0.1812086229822744
525,525,16473.0,16473.0,29158.510232180826,108548.0,6376.0,6376.0,11286.023264759604,17872.486967421224,0.1646505413957072
917,917,17986.0,17986.0,31836.63965495079,102326.0,7090.0,7090.0,12549.859621572396,19286.780033378396,0.1884836701657291
529,529,17245.0,17245.0,30525.01116699802,104690.0,6759.0,6759.0,11963.963495374868,18561.047671623153,0.1772953259301094
1010,1010,16471.0,16471.0,29154.970074318608,104597.00000000001,6404.0,6404.0,11335.585474830694,17819.384599487916,0.17036229145661838
533,533,13328.0,13328.0,23591.61199383877,213724.0,4744.0,4744.0,8397.25444918751,15194.35754465126,0.07109336127272212
722,722,0.0,0.0,0.0,105311.99999999999,0.0,0.0,0.0,0.0,0.0
538,538,20153.0,20153.0,35672.40069866693,106359.0,8054.0,8054.0,14256.215711162775,21416.18498750415,0.20135752486864442
668,668,24695.0,24695.0,43712.09920377014,104840.0,10523.0,10523.0,18626.540592074234,25085.55861169591,0.23927469106920937
873,873,23022.0,23022.0,40750.757152022525,103935.0,9303.0,9303.0,16467.044296119606,24283.71285590292,0.23364326604034175
673,673,19185.0,19185.0,33958.9642933521,105661.0,7583.0,7583.0,13422.508534609799,20536.455758742304,0.1943617395135604
898,898,22389.0,22389.0,39630.29718862967,97774.0,8998.0,8998.0,15927.170222130948,23703.126966498727,0.24242771050073358
677,677,33245.0,33245.0,58846.27406476365,139423.0,14636.0,14636.0,25906.875235731113,32939.398829032536,0.23625512884554584
782,782,21264.0,21264.0,37638.95839113052,85292.0,10428.0,10428.0,18458.38309361875,19180.575297511772,0.22488129364432505
549,549,9545.0,9545.0,16895.40339744831,84354.99999999999,3422.0,3422.0,6057.210102259624,10838.193295188685,0.12848311653356276
943,943,7007.0,7007.0,12402.943070290235,175400.0,2335.0,2335.0,4133.134304142672,8269.808766147564,0.04714828258921074
938,938,7462.0,7462.0,13208.328983945446,93237.0,2507.0,2507.0,4437.587880293652,8770.741103651795,0.0940693190863262
992,992,0.0,0.0,0.0,182425.0,0.0,0.0,0.0,0.0,0.0
948,948,15824.0,15824.0,28009.72900589021,281502.0,5275.0,5275.0,9337.166361607107,18672.562644283105,0.0663319004635246
562,562,9346.0,9346.0,16543.15769015735,88459.0,3273.0,3273.0,5793.468341524182,10749.689348633168,0.12152171456418417
949,949,13344.0,13344.0,23619.933256736538,214829.0,4448.0,4448.0,7873.311085578845,15746.622171157693,0.07329840091960439
566,566,3498.0,3498.0,6191.736101024011,89256.0,1166.0,1166.0,2063.9120336746705,4127.82406734934,0.0462470205627559
600,600,9347.0,9347.0,16544.92776908846,94487.0,3196.0,3196.0,5657.172263828685,10887.755505259775,0.11523019574396239
597,597,11089.0,11089.0,19628.405267082693,204213.00000000003,3696.0,3696.0,6542.211729383861,13086.193537698833,0.06408109933108486
568,568,0.0,0.0,0.0,87886.0,0.0,0.0,0.0,0.0,0.0
713,713,3446.0,3446.0,6099.691996606273,188979.0,1149.0,1149.0,2033.8206918457945,4065.871304760479,0.02151493713460479
953,953,0.0,0.0,0.0,182070.0,0.0,0.0,0.0,0.0,0.0
959,959,0.0,0.0,0.0,108699.00000000001,0.0,0.0,0.0,0.0,0.0
572,572,3409.0,3409.0,6034.19907615519,41212.0,1136.0,1136.0,2010.8096657413598,4023.38941041383,0.09762664783106449
1033,1033,4628.0,4628.0,8191.925293178709,54707.0,1561.0,1561.0,2763.0932114632596,5428.832081715449,0.09923468809686967
579,579,38041.0,38041.0,67335.5726183689,176683.0,16768.0,16768.0,29680.683516858382,37654.88910151052,0.2131211780505794
865,865,27052.0,27052.0,47884.175244397244,104527.0,14360.0,14360.0,25418.333450744653,22465.84179365259,0.21492860020523494
694,694,27982.0,27982.0,49530.34865032987,104860.99999999999,15749.0,15749.0,27876.973086056933,21653.375564272937,0.20649598577424344
585,585,21714.0,21714.0,38435.493910130186,106110.0,8661.0,8661.0,15330.65362234676,23104.840287783427,0.21774423040037158
977,977,24394.0,24394.0,43179.305445505925,104348.0,10178.0,10178.0,18015.863360841162,25163.442084664763,0.24114925139595164
701,701,21437.0,21437.0,37945.18204621261,104318.0,8553.0,8553.0,15139.485097786841,22805.69694842577,0.21861708380553474
588,588,18517.0,18517.0,32776.551567370385,106693.0,7292.0,7292.0,12907.415565656687,19869.136001713698,0.1862271751821928
705,705,17266.0,17266.0,30562.18282455134,104521.0,6770.0,6770.0,11983.434363617083,18578.748460934257,0.1777513462455799
882,882,13897.0,13897.0,24598.78690564056,104594.0,5212.0,5212.0,9225.651388947155,15373.135516693406,0.14697913376191182
909,909,17100.0,17100.0,30268.34972198702,104361.0,6700.0,6700.0,11859.528838439359,18408.82088354766,0.17639559685656195
709,709,14394.0,14394.0,25478.516134402405,103175.0,5455.0,5455.0,9655.78056920697,15822.735565195435,0.15335823179254116
1147,1147,173.0,173.0,306.2236550820909,99317.0,58.0,58.0,102.66457800440041,203.55907707769046,0.0020495894668353903
1137,1137,403.0,403.0,713.3418092374718,95559.0,134.0,134.0,237.19057676878717,476.1512324686846,0.004982798401706638
598,598,59.0,59.0,104.43465693551077,131906.0,20.0,20.0,35.40157862220704,69.03307831330373,0.0005233505550414973
715,715,0.0,0.0,0.0,90647.0,0.0,0.0,0.0,0.0,0.0
950,950,0.0,0.0,0.0,91081.0,0.0,0.0,0.0,0.0,0.0
1031,1031,1154.0,1154.0,2042.6710865013463,126872.0,384.0,384.0,679.7103095463751,1362.9607769549712,0.01074280201269761
961,961,1842.0,1842.0,3260.4853911052683,182605.0,614.0,614.0,1086.8284637017562,2173.656927403512,0.011903600270548516
958,958,5725.0,5725.0,10133.701880606764,144045.99999999997,1917.0,1917.0,3393.2413109385448,6740.460569668219,0.04679380593468906
739,739,21348.0,21348.0,37787.64502134379,106335.00000000001,8505.0,8505.0,15054.521309093543,22733.12371225025,0.2137877811844665
743,743,21865.0,21865.0,38702.77582872785,107049.0,8720.0,8720.0,15435.088279282269,23267.68754944558,0.21735548720161404
854,854,27347.0,27347.0,48406.34852907479,107071.0,14132.0,14132.0,25014.755454451493,23391.5930746233,0.21846805460510596
719,719,6975.0,6975.0,12346.300544494705,69484.0,2398.0,2398.0,4244.649276802624,8101.651267692081,0.116597364396006
616,616,12164.0,12164.0,21531.240118026322,142167.0,4055.0,4055.0,7177.670065652477,14353.570052373845,0.10096274137017623
716,716,4762.0,4762.0,8429.115869947496,239936.0,1587.0,1587.0,2809.1152636721285,5620.000606275367,0.023422915303561647
618,618,10726.0,10726.0,18985.866615089635,188504.00000000003,3621.0,3621.0,6409.4558095505845,12576.41080553905,0.06671694396691343
620,620,7089.0,7089.0,12548.089542641284,122747.0,2614.0,2614.0,4626.98632592246,7921.103216718824,0.06453194959321877
678,678,27638.0,27638.0,48921.44149802791,210246.0,11472.0,11472.0,20306.34549769796,28615.09600032995,0.13610292704893293
799,799,34937.0,34937.0,61841.24761620237,182775.0,15123.0,15123.0,26768.903675181853,35072.34394102052,0.19188808065118598
626,626,25578.0,25578.0,45275.078899940585,105955.0,11621.0,11621.0,20570.0872584334,24704.991641507186,0.23316494399987905
632,632,15644.0,15644.0,27691.114798290346,77965.0,6231.0,6231.0,11029.361819748603,16661.752978541743,0.2137081123394054
765,765,41716.0,41716.0,73840.61269019944,210993.0,16597.0,16597.0,29378.00001963851,44462.612670560935,0.2107302738506061
761,761,9946.0,9946.0,17605.20504882356,53238.0,3940.0,3940.0,6974.1109885747865,10631.094060248775,0.1996899594321495
637,637,52466.0,52466.0,92868.96119963573,283825.99999999994,20768.0,20768.0,36760.99924129979,56107.96195833594,0.19768436280797372
655,655,45552.0,45552.0,80630.63546993876,226251.0,18147.0,18147.0,32121.622362859558,48509.0131070792,0.21440353018143213
640,640,20827.0,20827.0,36865.4338982353,106389.0,8280.0,8280.0,14656.253549593714,22209.18034864159,0.20875447977367573
814,814,13404.0,13404.0,23726.13799260316,56659.0,5778.0,5778.0,10227.516063955614,13498.621928647544,0.2382432081160547
657,657,17380.0,17380.0,30763.971822697917,76827.0,7011.0,7011.0,12410.023386014678,18353.94843668324,0.2388997154214435
772,772,7950.0,7950.0,14072.127502327297,56773.0,3021.0,3021.0,5347.408450884373,8724.719051442924,0.15367725946211974
816,816,0.0,0.0,0.0,51271.0,0.0,0.0,0.0,0.0,0.0
936,936,14960.0,14960.0,26480.380809410864,323082.0,4987.0,4987.0,8827.383629447326,17652.99717996354,0.054639370747870626
651,651,23771.0,23771.0,42076.54627142418,212595.0,8662.0,8662.0,15332.423701277869,26744.12257014631,0.12579845513839136
654,654,6395.0,6395.0,11319.6547644507,105289.0,2132.0,2132.0,3773.80828112727,7545.84648332343,0.07166794711055695
767,767,16595.0,16595.0,29374.45986177629,78979.0,6631.0,6631.0,11737.393392192744,17637.066469583544,0.2233133677253896
1126,1126,19509.0,19509.0,34532.469867031854,147912.0,7913.0,7913.0,14006.634581876215,20525.83528515564,0.1387705884928582
801,801,28383.0,28383.0,50240.15030170512,106496.00000000001,15938.0,15938.0,28211.51800403679,22028.632297668333,0.20684938680953585
757,757,28344.0,28344.0,50171.11722339182,105017.0,16281.0,16281.0,28818.655077407642,21352.462145984176,0.20332386324103885
763,763,16702.0,16702.0,29563.8583074051,105847.0,6518.0,6518.0,11537.374472977273,18026.483834427825,0.17030698871416125
804,804,18800.0,18800.0,33277.483904874614,105552.0,7419.0,7419.0,13132.2155899077,20145.268314966914,0.19085633919742795
818,818,4887.0,4887.0,8650.37573633629,28984.0,1919.0,1919.0,3396.7814688007657,5253.594267535524,0.18125842766821432
1001,1001,9315.0,9315.0,16488.28524329293,82250.0,3337.0,3337.0,5906.753393115245,10581.531850177684,0.1286508431632545
671,671,30092.0,30092.0,53265.21519497271,160660.0,12048.0,12048.0,21325.910962017522,31939.30423295519,0.19880059898515617
874,874,24061.0,24061.0,42589.86916144618,104579.0,9673.0,9673.0,17121.973500630436,25467.895660815742,0.2435278178297339
902,902,20990.0,20990.0,37153.95676400629,110456.0,8326.0,8326.0,14737.677180424791,22416.279583581498,0.20294306858460834
786,786,21824.0,21824.0,38630.20259255232,88496.0,10440.0,10440.0,18479.624040792074,20150.578551760245,0.22770044467275635
955,955,0.0,0.0,0.0,125246.0,0.0,0.0,0.0,0.0,0.0
685,685,0.0,0.0,0.0,114226.0,0.0,0.0,0.0,0.0,0.0
789,789,0.0,0.0,0.0,85429.0,0.0,0.0,0.0,0.0,0.0
688,688,0.0,0.0,0.0,211388.0,0.0,0.0,0.0,0.0,0.0
690,690,983.0,983.0,1739.987589281476,143709.99999999997,328.0,328.0,580.5858894041954,1159.4016998772804,0.008067648040340134
1000,1000,1773.0,1773.0,3138.349944858654,80711.0,591.0,591.0,1046.116648286218,2092.2332965724363,0.025922529724231348
844,844,154.0,154.0,272.5921553909942,259900.99999999994,51.0,51.0,90.27402548662795,182.31812990436626,0.0007014906826228691
840,840,4051.0,4051.0,7170.589749928035,106622.99999999999,1350.0,1350.0,2389.606556998975,4780.98319292906,0.04484007383893776
697,697,38896.0,38896.0,68848.99010446825,179607.0,15905.0,15905.0,28153.10539931015,40695.884705158096,0.22658295447926916
868,868,27999.0,27999.0,49560.43999215875,104502.0,15875.0,15875.0,28100.003031376837,21460.43696078191,0.2053591027997733
703,703,19861.0,19861.0,35155.5376507827,106171.0,7869.0,7869.0,13928.75110890736,21226.786541875343,0.19993017435905608
1009,1009,18165.0,18165.0,32153.483783619544,104196.0,7155.0,7155.0,12664.914752094568,19488.569031524974,0.18703759291647448
706,706,19872.0,19872.0,35175.008519024916,106449.0,7872.0,7872.0,13934.061345700691,21240.947173324224,0.19954106824229653
887,887,17433.0,17433.0,30857.786006046765,104472.0,6841.0,6841.0,12109.109967725917,18748.676038320846,0.17946125314266834
914,914,15770.0,15770.0,27914.14474361025,105486.0,6083.0,6083.0,10767.39013794427,17146.754605665978,0.16255005029734731
1144,1144,309.0,309.0,546.9543897130987,6739.0,103.0,103.0,182.31812990436626,364.63625980873246,0.05410836323026153
1146,1146,184.0,184.0,325.6945233243048,6885.0,61.0,61.0,107.97481479773147,217.7197085265733,0.03162232513094747
952,952,0.0,0.0,0.0,88819.0,0.0,0.0,0.0,0.0,0.0
1002,1002,298.0,298.0,527.4835214708849,91371.0,99.0,99.0,175.23781417992484,352.24570729096,0.0038551149411844023
720,720,8717.0,8717.0,15429.778042488939,266306.0,2905.0,2905.0,5142.0792948755725,10287.698747613365,0.03863111889185135
968,968,14192.0,14192.0,25120.960190318114,196412.0,4806.0,4806.0,8506.999342916351,16613.960847401762,0.08458730040629779
735,735,3248.0,3248.0,5749.216368246423,168790.0,1082.0,1082.0,1915.225403461401,3833.9909647850227,0.022714562265448324
1012,1012,13608.0,13608.0,24087.23409454967,214952.0,4873.0,4873.0,8625.594631300744,15461.639463248925,0.07193066109293668
1133,1133,0.0,0.0,0.0,11911.0,0.0,0.0,0.0,0.0,0.0
999,999,12833.0,12833.0,22715.422922939146,213908.00000000003,4393.0,4393.0,7775.956744367776,14939.466178571369,0.06984061455659146
1167,1167,3127.0,3127.0,5535.03681758207,100191.0,1043.0,1043.0,1846.192325148097,3688.8444924339733,0.036818122310726245
1025,1025,8692.0,8692.0,15385.526069211179,121346.0,2897.0,2897.0,5127.91866342669,10257.607405784489,0.08453189561901084
920,920,18195.0,18195.0,32206.586151552856,106797.0,7154.0,7154.0,12663.144673163459,19543.441478389395,0.1829961654202777
923,923,19106.0,19106.0,33819.12805779438,105792.0,7549.0,7549.0,13362.325850952047,20456.802206842338,0.19336813943249337
875,875,21114.0,21114.0,37373.446551463974,107699.0,8395.0,8395.0,14859.812626671404,22513.63392479257,0.20904218168035518
1030,1030,17637.0,17637.0,31218.88210799328,105514.0,6915.0,6915.0,12240.095808628084,18978.786299365194,0.17986984001521308
752,752,0.0,0.0,0.0,77152.0,0.0,0.0,0.0,0.0,0.0
986,986,0.0,0.0,0.0,84781.0,0.0,0.0,0.0,0.0,0.0
793,793,0.0,0.0,0.0,211087.99999999997,0.0,0.0,0.0,0.0,0.0
794,794,0.0,0.0,0.0,211968.0,0.0,0.0,0.0,0.0,0.0
822,822,0.0,0.0,0.0,90729.99999999999,0.0,0.0,0.0,0.0,0.0
1128,1128,3599.0,3599.0,6370.514073066157,36781.0,1226.0,1226.0,2170.1167695412914,4200.3973035248655,0.114200193130281
1129,1129,19534.0,19534.0,34576.72184030961,148683.0,7966.0,7966.0,14100.448765225065,20476.273075084548,0.13771764811770376
906,906,21052.0,21052.0,37263.70165773513,107380.0,8370.0,8370.0,14815.560653393646,22448.141004341487,0.20905327811828542
812,812,22728.0,22728.0,40230.35394627608,112454.0,9057.0,9057.0,16031.604879066457,24198.749067209625,0.2151879796824446
781,781,14736.0,14736.0,26083.883128842146,90631.0,5753.0,5753.0,10183.264090677854,15900.619038164292,0.17544349105895657
937,937,22941.0,22941.0,40607.38075860259,193406.0,8338.0,8338.0,14758.918127598115,25848.46263100447,0.13364871116203464
896,896,20603.0,20603.0,36468.93621766658,97239.0,8238.0,8238.0,14581.910234487079,21887.025983179505,0.22508485261242409
899,899,27906.0,27906.0,49395.82265156548,101761.0,16450.0,16450.0,29117.79841676529,20278.024234800192,0.19927107865292393
941,941,42691.0,42691.0,75566.43964803204,225457.99999999997,18500.0,18500.0,32746.460225541512,42819.979422490534,0.18992441795141685
945,945,38359.0,38359.0,67898.45771846198,246731.0,16811.0,16811.0,29756.796910896126,38141.66080756586,0.1545880363941534
903,903,26367.0,26367.0,46671.67117658665,102149.0,13923.0,13923.0,24644.80895784943,22026.86221873722,0.21563463390475893
983,983,0.0,0.0,0.0,113354.0,0.0,0.0,0.0,0.0,0.0
797,797,0.0,0.0,0.0,76738.0,0.0,0.0,0.0,0.0,0.0
819,819,0.0,0.0,0.0,113064.0,0.0,0.0,0.0,0.0,0.0
869,869,28372.0,28372.0,50220.67943346291,106871.00000000001,15820.0,15820.0,28002.64869016577,22218.03074329714,0.20789578784981086
807,807,18401.0,18401.0,32571.222411361585,105431.0,7249.0,7249.0,12831.302171618941,19739.92023974264,0.18723070292174637
1008,1008,17544.0,17544.0,31054.264767400015,107420.0,6872.0,6872.0,12163.982414590339,18890.282352809678,0.1758544251797587
810,810,20772.0,20772.0,36768.07955702423,106742.0,8255.0,8255.0,14612.001576315955,22156.07798070828,0.2075666371316659
886,886,17765.0,17765.0,31445.4522111754,106783.0,6970.0,6970.0,12337.450149839153,19108.00206133625,0.17894236031331065
813,813,10833.0,10833.0,19175.265060718444,49910.0,4338.0,4338.0,7678.602403156707,11496.662657561737,0.23034787933403603
913,913,19641.0,19641.0,34766.12028593842,106668.0,7772.0,7772.0,13757.053452589655,21009.066833348767,0.19695753959339976
1149,1149,0.0,0.0,0.0,11397.0,0.0,0.0,0.0,0.0,0.0
963,963,0.0,0.0,0.0,44919.0,0.0,0.0,0.0,0.0,0.0
985,985,0.0,0.0,0.0,78012.0,0.0,0.0,0.0,0.0,0.0
826,826,9227.0,9227.0,16332.518297355218,108225.0,3076.0,3076.0,5444.762792095443,10887.755505259775,0.1006029614715618
996,996,6921.0,6921.0,12250.716282214746,53355.0,2579.0,2579.0,4565.033563333598,7685.682718881148,0.14404803146623835
851,851,6643.0,6643.0,11758.634339366068,38215.0,2616.0,2616.0,4630.526483784681,7128.107855581387,0.18652643871729394
831,831,32242.0,32242.0,57070.88489685997,190816.0,12667.0,12667.0,22421.58982037483,34649.29507648514,0.18158485177597863
894,894,31147.0,31147.0,55132.64846729413,156986.0,12397.0,12397.0,21943.66850897503,33188.9799583191,0.2114136289753169
935,935,7458.0,7458.0,13201.248668221006,87876.0,2486.0,2486.0,4400.416222740335,8800.832445480672,0.1001505808807942
839,839,4746.0,4746.0,8400.794607049731,88005.0,1582.0,1582.0,2800.264869016577,5600.529738033154,0.06363876754767518
841,841,2068.0,2068.0,3660.523229536208,214820.0,689.0,689.0,1219.5843835350324,2440.9388460011755,0.011362716907183575
842,842,3505.0,3505.0,6204.1266535417835,349265.00000000006,1168.0,1168.0,2067.452191536891,4136.674462004892,0.011843942169999545
845,845,0.0,0.0,0.0,114332.0,0.0,0.0,0.0,0.0,0.0
849,849,18749.0,18749.0,33187.20987938799,108250.99999999999,7565.0,7565.0,13390.647113849813,19796.56276553818,0.18287648858244435
987,987,26293.0,26293.0,46540.68533568449,105324.99999999999,12934.0,12934.0,22894.20089498129,23646.484440703196,0.2245097027363228
1057,1057,28023.0,28023.0,49602.92188650539,107872.0,14988.0,14988.0,26529.943019481954,23072.978867023437,0.21389219507400842
1154,1154,31624.0,31624.0,55976.97611743377,127106.0,15437.0,15437.0,27324.708459550504,28652.267657883265,0.2254202607106137
993,993,25872.0,25872.0,45795.48210568703,107730.99999999999,11887.0,11887.0,21040.928254108752,24754.553851578275,0.22978115724887246
975,975,19116.0,19116.0,33836.82884710549,106546.0,7547.0,7547.0,13358.785693089827,20478.043154015664,0.1921990797778956
994,994,20274.0,20274.0,35886.58024933127,106610.99999999999,8042.0,8042.0,14234.97476398945,21651.605485341825,0.20308978890866633
907,907,15877.0,15877.0,28103.54318923906,105540.0,6133.0,6133.0,10855.894084499789,17247.64910473927,0.16342286436175166
990,990,21474.0,21474.0,38010.6749666637,107047.0,8553.0,8553.0,15139.485097786841,22871.189868876856,0.21365558931008674
912,912,17525.0,17525.0,31020.63326770892,106985.0,6866.0,6866.0,12153.361941003677,18867.271326705242,0.1763543611413305
979,979,21647.0,21647.0,38316.898621745786,106436.0,8631.0,8631.0,15277.551254413447,23039.34736733234,0.21646198060179206
915,915,16872.0,16872.0,29864.77172569386,107151.0,6582.0,6582.0,11650.659524568337,18214.11220112552,0.1699854616487529
1006,1006,18040.0,18040.0,31932.22391723075,106610.0,7088.0,7088.0,12546.319463710175,19385.904453520576,0.18183945646300137
1029,1029,0.0,0.0,0.0,283085.0,0.0,0.0,0.0,0.0,0.0
1024,1024,4979.0,4979.0,8813.222997998442,199620.99999999997,1660.0,1660.0,2938.331025643184,5874.891972355258,0.029430230147906578
1013,1013,16879.0,16879.0,29877.162278211632,105953.0,6593.0,6593.0,11670.13039281055,18207.031885401084,0.17184064524271217
997,997,16536.0,16536.0,29270.025204840782,106604.0,6430.0,6430.0,11381.607527039563,17888.41767780122,0.167802499697959
1138,1138,163.0,163.0,288.5228657709874,7036.0,54.0,54.0,95.584262279959,192.93860349102837,0.0274216321050353
1140,1140,202.0,202.0,357.55594408429107,7263.0,67.0,67.0,118.59528838439358,238.96065569989747,0.03290109537379836
1153,1153,821.0,821.0,1453.234802441599,81394.0,274.0,274.0,485.00162712423645,968.2331753173626,0.011895633281536262
1143,1143,3248.0,3248.0,5749.216368246423,100490.0,1083.0,1083.0,1916.9954823925111,3832.2208858539125,0.038135345664781696
957,957,129.0,129.0,228.34018211323541,70327.0,43.0,43.0,76.11339403774514,152.22678807549028,0.0021645568284654583
971,971,4708.0,4708.0,8333.531607667537,92367.0,1605.0,1605.0,2840.976684432115,5492.554923235422,0.059464472411526005
956,956,0.0,0.0,0.0,77987.00000000001,0.0,0.0,0.0,0.0,0.0
964,964,0.0,0.0,0.0,88684.0,0.0,0.0,0.0,0.0,0.0
974,974,0.0,0.0,0.0,30560.0,0.0,0.0,0.0,0.0,0.0
1159,1159,112.0,112.0,198.24884028435943,15362.0,37.0,37.0,65.49292045108302,132.7559198332764,0.0086418382914514
969,969,6520.0,6520.0,11540.914630839496,68299.0,2207.0,2207.0,3906.5642009605467,7634.3504298789485,0.11177836322462918
1015,1015,2859.0,2859.0,5060.655664044496,79331.0,953.0,953.0,1686.8852213481655,3373.7704426963305,0.04252776900198322
1016,1016,7091.0,7091.0,12551.629700503507,99944.0,2382.0,2382.0,4216.328013904858,8335.301686598648,0.08339972070958385
1003,1003,3246.0,3246.0,5745.676210384203,89695.0,1082.0,1082.0,1915.225403461401,3830.4508069228023,0.042705287997355505
1014,1014,2999.0,2999.0,5308.466714399946,101286.0,1000.0,1000.0,1770.078931110352,3538.387783289594,0.034934618637221276
1020,1020,1722.0,1722.0,3048.075919372026,53063.0,574.0,574.0,1016.025306457342,2032.0506129146838,0.03829505706263656
1023,1023,5088.0,5088.0,9006.161601489472,145243.0,1696.0,1696.0,3002.053867163157,6004.107734326315,0.04133836215395107
1022,1022,509.0,509.0,900.9701759351692,50862.0,169.0,169.0,299.1433393576495,601.8268365775198,0.011832543678532495
1028,1028,246827.0,246827.0,436903.27232917486,514786.99999999994,87485.0,87485.0,154855.35528818914,282047.9170409857,0.5478924623989839
1035,1035,0.0,0.0,0.0,72402.00000000001,0.0,0.0,0.0,0.0,0.0
1036,1036,0.0,0.0,0.0,54549.0,0.0,0.0,0.0,0.0,0.0
1044,1044,310594.0,310594.0,549775.8955292887,106447.0,170709.0,170709.0,302168.4042509171,247607.4912783716,2.3261105646788693
1041,1041,21606.0,21606.0,38244.325385570264,17302.0,10639.0,10639.0,18831.869748083034,19412.45563748723,1.1219775538947654
1114,1114,30613.0,30613.0,54187.426318081205,12217.0,15184.0,15184.0,26876.878489979583,27310.547828101622,2.2354545165017288
1046,1046,103887.0,103887.0,183888.18991626112,80882.0,54327.0,54327.0,96163.07809043209,87725.11182582904,1.0846061154005717
1049,1049,134172.0,134172.0,237495.03034493813,105389.99999999999,68886.0,68886.0,121933.6572484677,115561.37309647043,1.096511747760418
1051,1051,176803.0,176803.0,312955.26525710354,103603.99999999999,92230.0,92230.0,163254.37981630777,149700.88544079577,1.4449334527701228
1053,1053,139456.0,139456.0,246848.12741692524,104875.0,77995.0,77995.0,138057.3062319519,108790.82118497335,1.037337985077219
1056,1056,139307.0,139307.0,246584.3856561898,104649.99999999999,78077.0,78077.0,138202.45270430294,108381.93295188688,1.0356610888856845
1156,1156,195651.0,195651.0,346317.7129506715,105763.0,110286.0,110286.0,195214.92499643628,151102.78795423522,1.4286923399887979
1061,1061,137500.0,137500.0,243385.8530276734,103768.0,76408.0,76408.0,135248.19096827979,108137.66205939362,1.0421099188516076
1064,1064,160814.0,160814.0,284653.47322758014,104014.00000000001,91882.0,91882.0,162638.39234828137,122015.08087929877,1.1730640190676136
1067,1067,148748.0,148748.0,263295.70084480266,104558.0,73113.0,73113.0,129415.78089027117,133879.91995453148,1.2804368862691662
1070,1070,160376.0,160376.0,283878.1786557538,106631.0,90383.0,90383.0,159985.04403054694,123893.13462520685,1.1618866429575532
1073,1073,147956.0,147956.0,261893.79833136324,106356.0,72397.0,72397.0,128148.40437559615,133745.3939557671,1.2575256116793325
1076,1076,149978.0,149978.0,265472.8979300684,105007.0,73790.0,73790.0,130614.12432663287,134858.7736034355,1.2842836535034379
1079,1079,152356.0,152356.0,269682.1456282488,106019.0,75928.0,75928.0,134398.5530813468,135283.59254690201,1.276031584403758
1081,1081,138987.0,138987.0,246017.96039823449,103951.00000000001,58374.0,58374.0,103326.58752463569,142691.3728735988,1.3726791745495357
1085,1085,147847.0,147847.0,261700.85972787222,104514.99999999999,72452.0,72452.0,128245.75871680722,133455.101011065,1.2768990193853995
1088,1088,158482.0,158482.0,280525.6491602308,104603.0,88498.0,88498.0,156648.44524540394,123877.20391482688,1.1842605270864783
1091,1091,140353.0,140353.0,248435.88821813124,103995.0,80645.0,80645.0,142748.01539939432,105687.87281873691,1.0162784058727528
1094,1094,159453.0,159453.0,282244.39580233896,103921.0,90480.0,90480.0,160156.74168686464,122087.65411547432,1.1748121564984393
1097,1097,162345.0,162345.0,287363.46407111007,105098.0,92418.0,92418.0,163587.1546553565,123776.30941575355,1.17772278650168
1099,1099,155237.0,155237.0,274781.7430287777,107609.00000000001,79311.0,79311.0,140386.73010529313,134395.01292348458,1.2489198201217795
1115,1115,142767.0,142767.0,252708.85875783162,101970.0,64519.0,64519.0,114203.7225563088,138505.13620152284,1.3582929901100602
1102,1102,157891.0,157891.0,279479.5325119446,105176.0,87604.0,87604.0,155065.99468099128,124413.53783095331,1.1829080572654722
1105,1105,166220.0,166220.0,294222.5199291627,104325.0,101781.0,101781.0,180160.40368734274,114062.11624181995,1.0933344475611786
1107,1107,140028.0,140028.0,247860.61256552037,103986.0,79964.0,79964.0,141542.59164730817,106318.02091821219,1.0224262969843267
1111,1111,128717.0,128717.0,227839.24977573118,104950.0,60804.0,60804.0,107627.87932723384,120211.37044849734,1.1454156307622425
1113,1113,263292.0,263292.0,466047.6219299068,119660.0,134210.0,134210.0,237562.29334432035,228485.32858558642,1.9094545260369917
1116,1116,5324.0,5324.0,9423.900229231514,19110.0,3211.0,3211.0,5683.72344779534,3740.1767814361747,0.19571830358117084
1120,1120,5191.0,5191.0,9188.479731393838,18329.0,3203.0,3203.0,5669.562816346457,3518.916915047381,0.19198630121923624
1117,1117,4578.0,4578.0,8103.421346623191,16349.0,2781.0,2781.0,4922.589507417889,3180.8318392053025,0.1945581894431037
1118,1118,4040.0,4040.0,7151.118881685822,14514.0,2435.0,2435.0,4310.142197253707,2840.976684432115,0.1957404357470108
1123,1123,16788.0,16788.0,29716.08509548059,66604.99999999999,8435.0,8435.0,14930.615783915819,14785.469311564771,0.22198737799811988
1157,1157,1090.0,1090.0,1929.3860349102836,31197.0,363.0,363.0,642.5386519930578,1286.8473829172258,0.04124907468401531
1127,1127,488.0,488.0,863.7985183818517,104703.0,163.0,163.0,288.5228657709874,575.2756526108644,0.0054943569201538105
1135,1135,0.0,0.0,0.0,37217.0,0.0,0.0,0.0,0.0,0.0
1134,1134,0.0,0.0,0.0,10477.0,0.0,0.0,0.0,0.0,0.0
1142,1142,252.0,252.0,446.0598906398087,94314.0,84.0,84.0,148.68663021326955,297.37326042653916,0.0031530129188300695
1148,1148,886.0,886.0,1568.289932963772,84366.99999999999,295.0,295.0,522.1732846775539,1046.1166482862182,0.01239959520056679
1152,1152,0.0,0.0,0.0,12838.0,0.0,0.0,0.0,0.0,0.0
1151,1151,0.0,0.0,0.0,71944.0,0.0,0.0,0.0,0.0,0.0
1164,1164,173.0,173.0,306.2236550820909,19485.0,58.0,58.0,102.66457800440041,203.55907707769046,0.010446963155129097
1165,1165,948.0,948.0,1678.0348266926137,93056.0,316.0,316.0,559.3449422308712,1118.6898844617426,0.012021684624975743
1170,1170,250.0,250.0,442.519732777588,18344.0,84.0,84.0,148.68663021326955,293.83310256431844,0.016017940610789275
1171,1171,198.0,198.0,350.4756283598497,78755.0,66.0,66.0,116.82520945328324,233.65041890656644,0.00296680107811017
