osmid,oneway,highway,length,rfid_c,geometry,rfid,avgspeed,time,name,maxspeed,lanes,ref,junction,bridge,u,v,key,alt_dist,alt_nodes,diff_dist,detour
44785078,True,tertiary,70.0,"[1, 983, 41]","LINESTRING (34.8767312 -19.8504692, 34.8764243 -19.8505868, 34.8763052 -19.8506415, 34.8761365 -19.8507433)",1,58.0,4.0,nan,nan,nan,nan,nan,nan,567924681,4095037852,0,95.0,"[567924681, 567929920, 4095037852]",25.0,1
820923407,False,tertiary,529.0,"[386, 388, 138, 267, 273]","LINESTRING (34.8815538 -19.8490569, 34.8801748 -19.8494517, 34.8789496 -19.8498189, 34.8777974 -19.8501604, 34.8773655 -19.8502849, 34.8767312 -19.8504692)",45,60.0,32.0,Ava Mártires da Revolução,60,nan,nan,nan,nan,567924681,683300830,0,7968.0,"[567924681, 567929920, 567929922, 567929928, 567929916, 567929915, 2141099647, 5635142264, 4723127321, 4723127307, 663132500, 567929911, 5633351964, 5632800164, 4722963447, 5632800156, 5632800161, 5632800160, 4723043854, 3250274460, 4723053009, 776521982, 776521998, 776390396, 6416932944, 4095037839, 4095037823, 1935869770, 683300830]",7439.0,1
44785077,True,tertiary,71.0,"[984, 40, 28]","LINESTRING (34.8760621 -19.8505504, 34.876277 -19.850533, 34.8764025 -19.8505229, 34.8767312 -19.8504692)",12,58.0,4.0,nan,nan,nan,nan,nan,nan,567924681,567929920,0,94.0,"[567924681, 4095037852, 567929920]",23.0,1
44785315,True,tertiary,118.0,"[823, 69, 13, 967]","LINESTRING (34.8556853 -19.848007, 34.8552152 -19.847975, 34.855008 -19.8479603, 34.8548484 -19.8479654, 34.8545717 -19.8480323)",3,58.0,7.0,Avenida das FPLM,nan,nan,nan,nan,nan,567929911,567932048,0,187.0,"[567929911, 5633351964, 567932048]",69.0,1
52014468,False,tertiary,320.0,"[12, 110, 368, 370, 372]","LINESTRING (34.8586841 -19.8485588, 34.8576581 -19.8483608, 34.8570949 -19.8482611, 34.8560287 -19.8480643, 34.8558516 -19.8480353, 34.8556853 -19.848007)",41,60.0,19.0,Avenida das FPLM,60,2,1344,nan,nan,567929911,663132500,0,8177.0,"[567929911, 5633351964, 5632800164, 4722963447, 5632800156, 5632800161, 5632800160, 4723043854, 3250274460, 4723053009, 776521982, 776521998, 776390396, 6416932944, 4095037839, 4095037823, 1935869770, 683300830, 567924681, 4095037852, 567929924, 567929928, 567929916, 567929915, 2141099647, 5635142264, 4723127321, 4723127307, 663132500]",7857.0,1
44785316,True,tertiary,124.0,"[352, 969, 714, 70]","LINESTRING (34.8546164 -19.847532, 34.8548241 -19.847669, 34.8550081 -19.8477634, 34.8552392 -19.8478591, 34.8556853 -19.848007)",224,58.0,8.0,Avenida das FPLM,nan,nan,nan,nan,nan,567929911,5633351964,0,181.0,"[567929911, 567932048, 5633351964]",57.0,1
44785083,True,tertiary,264.0,"[25, 19, 985, 1031]","LINESTRING (34.8723328 -19.8510239, 34.8734716 -19.8510354, 34.873806 -19.8510394, 34.8744437 -19.8510452, 34.8748553 -19.851031)",5,58.0,16.0,nan,nan,nan,nan,nan,nan,567929915,567929916,0,282.0,"[567929915, 567929917, 567929916]",18.0,1
479363812,False,tertiary,233.0,"[24, 17]","LINESTRING (34.8745304 -19.8513266, 34.8729745 -19.8511215, 34.8723328 -19.8510239)",10,58.0,14.0,Avenida das FPLM,nan,nan,nan,nan,nan,567929915,567929917,0,313.0,"[567929915, 567929916, 567929917]",80.0,1
590153115,False,tertiary,909.0,"[462, 270, 464, 272, 16, 276, 278, 829, 831]","LINESTRING (34.8638111 -19.8494692, 34.8640465 -19.8495169, 34.864131 -19.8495332, 34.866979 -19.8500648, 34.8672179 -19.8501082, 34.8678617 -19.8502314, 34.8700135 -19.8506306, 34.8702088 -19.8506631, 34.8719648 -19.8509773, 34.8723328 -19.8510239)",90,58.0,56.0,Avenida das FPLM,nan,nan,nan,nan,nan,567929915,2141099647,0,7588.0,"[567929915, 567929916, 567929928, 567929924, 4095037852, 567924681, 683300830, 1935869770, 4095037823, 4095037839, 6416932944, 776390396, 776521998, 776521982, 4723053009, 3250274460, 4723043854, 5632800160, 5632800161, 5632800156, 4722963447, 5632800164, 5633351964, 567929911, 663132500, 4723127314, 4723127315, 5635142263, 2141099647]",6679.0,1
473659365,False,tertiary,66.0,37,"LINESTRING (34.8748553 -19.851031, 34.8754527 -19.8508448)",17,58.0,4.0,nan,nan,nan,nan,nan,nan,567929916,567929928,0,8431.0,"[567929916, 567929915, 2141099647, 5635142264, 4723127321, 4723127307, 663132500, 567929911, 5633351964, 5632800164, 4722963447, 5632800156, 5632800161, 5632800160, 4723043854, 3250274460, 4723053009, 776521982, 776521998, 776390396, 6416932944, 4095037839, 4095037823, 1935869770, 683300830, 567924681, 4095037852, 567929924, 567929928]",8365.0,1
44785094,True,tertiary,49.0,"[986, 987, 988, 22]","LINESTRING (34.8748553 -19.851031, 34.8746851 -19.8511032, 34.8746301 -19.8511511, 34.8745832 -19.8512218, 34.8745304 -19.8513266)",9,58.0,3.0,nan,nan,nan,nan,nan,nan,567929916,567929917,0,497.0,"[567929916, 567929915, 567929917]",448.0,1
44785076,True,tertiary,24.0,"[660, 27, 659, 39]","LINESTRING (34.8760621 -19.8505504, 34.8761039 -19.850588, 34.8761317 -19.8506358, 34.876143 -19.8506892, 34.8761365 -19.8507433)",11,58.0,2.0,nan,nan,nan,nan,roundabout,nan,567929920,4095037852,0,100.0,"[567929920, 567924681, 4095037852]",76.0,1
44785076,True,tertiary,34.0,"[34, 35, 657, 658, 29, 30]","LINESTRING (34.8757849 -19.8506145, 34.8758154 -19.8505741, 34.8758662 -19.8505382, 34.8759267 -19.85052, 34.8759902 -19.8505216, 34.8760277 -19.8505325, 34.8760621 -19.8505504)",13,58.0,2.0,nan,nan,nan,nan,roundabout,nan,567929920,567929922,0,90.0,"[567929920, 4095037852, 567929924, 567929922]",56.0,1
44785076,True,tertiary,30.0,"[32, 654, 655, 656, 31]","LINESTRING (34.875857 -19.8508504, 34.8758126 -19.8508163, 34.875781 -19.8507713, 34.8757652 -19.8507195, 34.8757665 -19.8506656, 34.8757849 -19.8506145)",15,58.0,2.0,nan,nan,nan,nan,roundabout,nan,567929922,567929924,0,85.0,"[567929922, 567929928, 567929924]",55.0,1
44785082,True,tertiary,43.0,36,"LINESTRING (34.8757849 -19.8506145, 34.8754527 -19.8508448)",16,58.0,3.0,nan,nan,nan,nan,nan,nan,567929922,567929928,0,72.0,"[567929922, 567929924, 567929928]",29.0,1
44785084,True,tertiary,42.0,33,"LINESTRING (34.875857 -19.8508504, 34.8754527 -19.8508448)",14,58.0,3.0,nan,nan,nan,nan,nan,nan,567929924,567929928,0,73.0,"[567929924, 567929922, 567929928]",31.0,1
44785076,True,tertiary,36.0,"[38, 661, 662, 663, 664, 26]","LINESTRING (34.8761365 -19.8507433, 34.8761131 -19.8507931, 34.8760747 -19.8508339, 34.876025 -19.850862, 34.8759686 -19.8508746, 34.8759108 -19.8508706, 34.875857 -19.8508504)",119,58.0,2.0,nan,nan,nan,nan,roundabout,nan,567929924,4095037852,0,88.0,"[567929924, 567929922, 567929920, 4095037852]",52.0,1
44785317,True,trunk,24.0,"[617, 55]","LINESTRING (34.8438512 -19.8305013, 34.843972 -19.8305401, 34.8440482 -19.8306085)",18,0.0,inf,Praça de Outubro,nan,nan,nan,roundabout,nan,567932015,3250274451,0,152.0,"[567932015, 4095037803, 4094281337, 3250274451]",128.0,1
407381861,True,trunk,78.0,"[56, 618, 619]","LINESTRING (34.8438512 -19.8305013, 34.844013 -19.8303165, 34.8442165 -19.8300551, 34.8443014 -19.8299376)",19,0.0,inf,Avenida Massano de Amorim,nan,3,N6,nan,nan,567932015,4095037803,0,117.0,"[567932015, 3250274451, 4094281337, 4095037803]",39.0,1
44785317,True,trunk,18.0,"[507, 63]","LINESTRING (34.8436825 -19.8305396, 34.8437635 -19.8305074, 34.8438512 -19.8305013)",23,0.0,inf,Praça de Outubro,nan,nan,nan,roundabout,nan,567932015,567932028,0,158.0,"[567932015, 3250274451, 567932019, 567932023, 3250274456, 4715615568, 4715615570, 567932028]",140.0,1
44785317,True,trunk,26.0,"[57, 59, 510]","LINESTRING (34.844092 -19.8308049, 34.8440592 -19.830885, 34.8440106 -19.8309413, 34.8439472 -19.8309825)",20,0.0,inf,Praça de Outubro,nan,nan,nan,roundabout,nan,567932019,567932023,0,150.0,"[567932019, 5624721172, 5624721173, 567932023]",124.0,1
104498606,True,tertiary,72.0,"[58, 196, 205]","LINESTRING (34.844092 -19.8308049, 34.8443383 -19.8309229, 34.844482 -19.8310054, 34.8446891 -19.8311336)",21,58.0,4.0,Armando Tivane,nan,nan,nan,nan,nan,567932019,5624721172,0,122.0,"[567932019, 567932023, 5624721173, 5624721172]",50.0,1
44785317,True,trunk,23.0,"[508, 509]","LINESTRING (34.8440482 -19.8306085, 34.8440915 -19.8307024, 34.844092 -19.8308049)",91,0.0,inf,Praça de Outubro,nan,nan,nan,roundabout,nan,567932019,3250274451,0,153.0,"[567932019, 567932023, 3250274456, 4715615568, 4715615570, 567932028, 567932015, 3250274451]",130.0,1
44785317,True,trunk,10.0,60,"LINESTRING (34.8439472 -19.8309825, 34.8438542 -19.8310078)",22,0.0,inf,Praça de Outubro,nan,nan,nan,roundabout,nan,567932023,3250274456,0,166.0,"[567932023, 567932019, 3250274451, 567932015, 567932028, 4715615570, 4715615568, 3250274456]",156.0,1
62226382,True,tertiary,75.0,"[858, 187]","LINESTRING (34.8445805 -19.831292, 34.8442522 -19.8310972, 34.8439472 -19.8309825)",175,58.0,5.0,Armando Tivane,nan,nan,nan,nan,nan,567932023,5624721173,0,119.0,"[567932023, 567932019, 5624721172, 5624721173]",44.0,1
44785317,True,trunk,31.0,"[805, 399, 117, 54, 670]","LINESTRING (34.8435577 -19.8307789, 34.8435593 -19.8307177, 34.8435764 -19.8306587, 34.8436081 -19.8306052, 34.843642 -19.8305691, 34.8436825 -19.8305396)",121,0.0,inf,Praça de Outubro,nan,nan,nan,roundabout,nan,567932028,4715615570,0,145.0,"[567932028, 4715615572, 4715615573, 4715615570]",114.0,1
172428918,True,tertiary,108.0,"[673, 161, 116]","LINESTRING (34.8428094 -19.8300254, 34.8430301 -19.8301626, 34.843476 -19.8304494, 34.8436825 -19.8305396)",124,58.0,7.0,nan,nan,nan,nan,nan,nan,567932028,4715615572,0,162.0,"[567932028, 4715615570, 4715615573, 4715615572]",54.0,1
44785313,True,tertiary,74.0,"[64, 1123, 67, 68, 457, 297, 459]","LINESTRING (34.8545717 -19.8480323, 34.8544896 -19.8480737, 34.8543988 -19.8480935, 34.8543057 -19.8480901, 34.8542168 -19.8480638, 34.8541237 -19.8480041, 34.8540554 -19.8479198, 34.854019 -19.8478196)",24,58.0,5.0,nan,nan,nan,nan,roundabout,nan,567932048,6426615641,0,155.0,"[567932048, 5633351964, 5632800151, 6426615641]",81.0,1
44785313,True,tertiary,63.0,"[1121, 66, 1122, 968, 458, 460, 716]","LINESTRING (34.8546164 -19.847532, 34.854667 -19.8475933, 34.854701 -19.8476639, 34.8547166 -19.84774, 34.8547129 -19.8478175, 34.8546864 -19.8479, 34.8546383 -19.8479732, 34.8545717 -19.8480323)",223,58.0,4.0,nan,nan,nan,nan,roundabout,nan,567932048,5633351964,0,166.0,"[567932048, 567929911, 5633351964]",103.0,1
44785545,False,tertiary,782.0,"[322, 101, 91, 107, 941, 340, 343, 345, 347]","LINESTRING (34.8532433 -19.8470772, 34.8529412 -19.8468868, 34.8524551 -19.8465869, 34.8520302 -19.8463247, 34.851125 -19.8457363, 34.850209 -19.8451793, 34.8492966 -19.844597, 34.8483459 -19.8439959, 34.8474732 -19.8434606, 34.8470189 -19.8431737)",36,58.0,49.0,Av Eduardo Mondlane,nan,2,nan,nan,nan,567933754,567933779,0,3627.0,"[567933754, 1934244711, 1934244677, 1934244652, 567933759, 567933772, 5624721182, 568013323, 4722963440, 4092461280, 4092464991, 4722963441, 1934244728, 1934244735, 4722963442, 663133292, 5632800151, 567933779]",2845.0,1
589205505,True,tertiary,61.0,"[72, 321, 694]","LINESTRING (34.8470189 -19.8431737, 34.8467749 -19.843088, 34.8466485 -19.8430624, 34.8464544 -19.8430349)",26,58.0,4.0,nan,nan,nan,nan,nan,nan,567933754,1934244711,0,99.0,"[567933754, 1934244692, 1934244711]",38.0,1
589205504,True,tertiary,62.0,"[316, 693, 318]","LINESTRING (34.8466365 -19.8427533, 34.8467397 -19.8429135, 34.846847 -19.8430221, 34.8470189 -19.8431737)",72,58.0,4.0,nan,nan,nan,nan,nan,nan,567933754,1934244692,0,98.0,"[567933754, 1934244711, 1934244692]",36.0,1
44785546,True,tertiary,60.0,"[680, 75]","LINESTRING (34.8396219 -19.836736, 34.8397267 -19.8364399, 34.8397557 -19.8362073)",27,58.0,4.0,nan,nan,nan,nan,nan,nan,567933759,1934261195,0,99.0,"[567933759, 567933772, 1934261195]",39.0,1
"[1058000505, 1058000506, 44785549, 473658934]",False,tertiary,996.0,"[129, 103, 359, 74, 302, 113, 157, 93]","LINESTRING (34.8452645 -19.8420873, 34.8447294 -19.8417493, 34.8435931 -19.8410538, 34.8415234 -19.8397753, 34.8398016 -19.8387006, 34.8386882 -19.8380391, 34.8390332 -19.8375438, 34.8393252 -19.8371492, 34.8396219 -19.836736)",66,58.0,62.0,Rua Pedro Álvares Cabral,nan,nan,nan,nan,nan,567933759,1934244652,0,3413.0,"[567933759, 567933772, 5624721182, 568013323, 4722963440, 4092461280, 4092464991, 4722963441, 1934244728, 1934244735, 4722963442, 663133292, 5632800151, 567933779, 567933754, 1934244711, 1934244677, 1934244652]",2417.0,1
52014441,True,tertiary,58.0,"[89, 356]","LINESTRING (34.8400467 -19.8364003, 34.8398426 -19.8365512, 34.8396219 -19.836736)",35,58.0,4.0,nan,nan,nan,nan,nan,nan,567933759,567933772,0,101.0,"[567933759, 1934261195, 567933772]",43.0,1
44785548,True,tertiary,38.0,"[81, 83, 549, 550]","LINESTRING (34.8399681 -19.835921, 34.8400786 -19.835929, 34.8401551 -19.8359632, 34.8402156 -19.8360189, 34.8402535 -19.8360902)",29,58.0,2.0,Praça da Juventude,nan,nan,nan,roundabout,nan,567933765,567933769,0,130.0,"[567933765, 1934261195, 567933772, 5624721182, 567933770, 567933769]",92.0,1
"[44785553, 389966870, 589011895]",True,tertiary,230.0,"[576, 577, 868, 869, 574, 593, 82, 1208, 572, 573, 1054]","LINESTRING (34.8399681 -19.835921, 34.8401919 -19.8357424, 34.8402518 -19.8356987, 34.8403003 -19.8356375, 34.8404919 -19.8353605, 34.8406415 -19.8351544, 34.8408036 -19.8349515, 34.8409082 -19.8348091, 34.8410682 -19.8345895, 34.8411259 -19.8344875, 34.8411518 -19.8343961, 34.841125 -19.8342356)",30,58.0,14.0,Rua 1.361,nan,nan,nan,nan,yes,567933765,3930024306,0,4635.0,"[567933765, 567933769, 567933770, 568013323, 4722963440, 4092461280, 4092464991, 4722963441, 1934244728, 4722963448, 5632800155, 5632800156, 5632800161, 5632800160, 4723043854, 3250274460, 5632534919, 776522008, 8253130795, 8253130802, 4094281337, 3250274451, 567932019, 567932023, 3250274456, 3930024301, 3930024306]",4405.0,1
44785548,True,tertiary,43.0,"[353, 354, 547, 548, 79, 80]","LINESTRING (34.8397557 -19.8362073, 34.839752 -19.8361395, 34.8397686 -19.8360735, 34.839804 -19.8360143, 34.8398555 -19.8359668, 34.8399213 -19.8359338, 34.8399681 -19.835921)",78,58.0,3.0,Praça da Juventude,nan,nan,nan,roundabout,nan,567933765,1934261195,0,125.0,"[567933765, 567933769, 567933770, 5624721182, 567933772, 1934261195]",82.0,1
44785548,True,tertiary,13.0,"[84, 551]","LINESTRING (34.8402535 -19.8360902, 34.8402645 -19.8361487, 34.84026 -19.8362081)",31,58.0,1.0,Praça da Juventude,nan,nan,nan,roundabout,nan,567933769,567933770,0,155.0,"[567933769, 567933765, 1934261195, 567933772, 5624721182, 567933770]",142.0,1
"[389966871, 389966869, 44785551]",True,tertiary,239.0,"[1056, 1057, 578, 579, 580, 581, 582, 677, 679, 678, 53, 1207, 1055, 575]","LINESTRING (34.8414931 -19.8343112, 34.8413693 -19.8344025, 34.8412653 -19.8344713, 34.8411872 -19.8345402, 34.8411225 -19.8346219, 34.8409593 -19.8348575, 34.840913 -19.8349463, 34.840868 -19.8350378, 34.8407641 -19.8352032, 34.8405774 -19.8354783, 34.8404786 -19.8356249, 34.8403861 -19.8357678, 34.8403349 -19.8358627, 34.8403046 -19.8359554, 34.8402535 -19.8360902)",100,30.0,29.0,Rua 1.361,30,nan,nan,nan,yes,567933769,3930024321,0,,nan,,0
359898619,True,tertiary,47.0,86,"LINESTRING (34.84026 -19.8362081, 34.8403795 -19.8366171)",32,58.0,3.0,nan,nan,nan,nan,nan,nan,567933770,568013323,0,70.0,"[567933770, 5624721182, 568013323]",23.0,1
44785548,True,tertiary,29.0,"[552, 553, 85, 87]","LINESTRING (34.84026 -19.8362081, 34.8402378 -19.8362694, 34.8401989 -19.836323, 34.8401464 -19.836365, 34.8400838 -19.8363923)",33,58.0,2.0,Praça da Juventude,nan,nan,nan,roundabout,nan,567933770,5624721182,0,88.0,"[567933770, 568013323, 5624721182]",59.0,1
44785548,True,tertiary,41.0,"[554, 77, 78, 88, 90]","LINESTRING (34.8400467 -19.8364003, 34.8399683 -19.8364002, 34.8398936 -19.8363778, 34.8398296 -19.8363353, 34.8397821 -19.8362767, 34.8397557 -19.8362073)",34,58.0,3.0,Praça da Juventude,nan,nan,nan,roundabout,nan,567933772,1934261195,0,118.0,"[567933772, 567933759, 1934261195]",77.0,1
44785548,True,tertiary,4.0,866,"LINESTRING (34.8400467 -19.8364003, 34.8400838 -19.8363923)",179,58.0,0.0,Praça da Juventude,nan,nan,nan,roundabout,nan,567933772,5624721182,0,164.0,"[567933772, 1934261195, 567933765, 567933769, 567933770, 5624721182]",160.0,1
44785557,True,tertiary,109.0,"[713, 92, 350]","LINESTRING (34.8532433 -19.8470772, 34.8536446 -19.8472461, 34.8539098 -19.8474052, 34.8541894 -19.8474778)",37,58.0,7.0,nan,nan,nan,nan,nan,nan,567933779,5632800151,0,160.0,"[567933779, 6426615641, 5632800151]",51.0,1
44785556,True,tertiary,116.0,"[1069, 1125, 351]","LINESTRING (34.854019 -19.8478196, 34.8539183 -19.8477101, 34.8535557 -19.8473739, 34.8532433 -19.8470772)",236,58.0,7.0,nan,nan,nan,nan,nan,nan,567933779,6426615641,0,153.0,"[567933779, 5632800151, 6426615641]",37.0,1
"[54172957, 44794261, 183063711]",False,tertiary,1590.0,"[128, 97, 99, 325, 358, 327, 871, 873, 105, 301, 1198, 337, 695, 314, 123, 476, 125, 159]","LINESTRING (34.851876 -19.8449504, 34.8517564 -19.8448828, 34.8517177 -19.8448609, 34.8508061 -19.8443029, 34.8498852 -19.8437392, 34.8489177 -19.8431682, 34.8480738 -19.8425862, 34.8471494 -19.8420223, 34.8462321 -19.8414522, 34.8453075 -19.8408882, 34.8441869 -19.8401994, 34.842136 -19.8388969, 34.8404011 -19.8378342, 34.8406797 -19.8374497, 34.8407136 -19.8373784, 34.8407228 -19.8372972, 34.8406881 -19.8371942, 34.8404629 -19.8367827, 34.8403795 -19.8366171)",137,58.0,99.0,Rua Correia De Brito,nan,2,nan,nan,nan,568013323,4722963440,0,2819.0,"[568013323, 5624721182, 567933772, 567933759, 1934244652, 1934244654, 1934244692, 567933754, 567933779, 5632800151, 663133292, 4722963442, 1934244735, 1934244728, 4722963441, 4092461282, 4092461288, 4722963440]",1229.0,1
52014442,True,tertiary,41.0,"[96, 867, 355, 870]","LINESTRING (34.8403795 -19.8366171, 34.8402791 -19.8364953, 34.8402161 -19.8364457, 34.8401614 -19.8364162, 34.8400838 -19.8363923)",39,58.0,3.0,nan,nan,nan,nan,nan,nan,568013323,5624721182,0,76.0,"[568013323, 567933770, 5624721182]",35.0,1
52014467,True,tertiary,209.0,"[373, 109]","LINESTRING (34.8586841 -19.8485588, 34.8595447 -19.8486211, 34.860679 -19.8486901)",40,58.0,13.0,nan,nan,nan,nan,nan,nan,663132500,4723127314,0,244.0,"[663132500, 4723127307, 4723127314]",35.0,1
204092456,True,tertiary,212.0,"[755, 711]","LINESTRING (34.8606659 -19.8489244, 34.8595826 -19.8487367, 34.8586841 -19.8485588)",156,58.0,13.0,nan,nan,nan,nan,nan,nan,663132500,4723127307,0,241.0,"[663132500, 4723127314, 4723127307]",29.0,1
62226384,True,tertiary,21.0,120,"LINESTRING (34.8544815 -19.8458743, 34.8545042 -19.8456843)",42,60.0,1.0,Avenida 24 de Julho,60,2,praca da independencia e dos professores,nan,nan,663133292,4722963442,0,61.0,"[663133292, 5632800164, 4722963447, 4722963442]",40.0,1
589896893,True,tertiary_link,20.0,"[121, 963, 964]","LINESTRING (34.8544815 -19.8458743, 34.8545551 -19.8458745, 34.8546108 -19.8458777, 34.8546691 -19.8458859)",43,58.0,1.0,nan,nan,nan,nan,nan,nan,663133292,5632800164,0,62.0,"[663133292, 5632800151, 5633351964, 5632800164]",42.0,1
104498605,True,tertiary,181.0,"[944, 945, 946, 262]","LINESTRING (34.8541894 -19.8474778, 34.8542279 -19.847305, 34.8543105 -19.8470953, 34.8543766 -19.8469146, 34.8544815 -19.8458743)",211,58.0,11.0,Avenida 24 de Julho,nan,1,nan,nan,nan,663133292,5632800151,0,252.0,"[663133292, 5632800164, 5633351964, 5632800151]",71.0,1
"[590522944, 590522945, 204096428, 54172956, 204096412]",False,tertiary,2582.0,"[141, 143, 1042, 1044, 1046, 151, 792, 153, 794, 1051, 155, 796, 798, 544, 1186, 1188, 1062, 168, 170, 172, 174, 176, 178, 182, 833, 835, 454, 466, 468, 1111, 1115, 990, 992, 994, 996, 998, 1000, 1002, 1004, 494, 1006, 496, 1008, 1010, 500, 1012, 1018, 381, 383]","LINESTRING (34.8670205 -19.8316399, 34.8671065 -19.8316787, 34.8684651 -19.8324861, 34.8694741 -19.8331001, 34.8698675 -19.8333394, 34.8701653 -19.8335152, 34.8714409 -19.8342686, 34.8723233 -19.8348034, 34.8728119 -19.8350939, 34.8736022 -19.8355792, 34.8739939 -19.8358116, 34.8740507 -19.8358453, 34.874643 -19.836195, 34.8749367 -19.8363776, 34.874952 -19.836389, 34.875122 -19.8364991, 34.8751567 -19.8365183, 34.8753142 -19.8366057, 34.8754281 -19.8366706, 34.8755248 -19.8367339, 34.8756894 -19.8368472, 34.8757841 -19.8369293, 34.875915 -19.837054, 34.8759962 -19.8371483, 34.8767405 -19.8380694, 34.877476 -19.8390014, 34.8776714 -19.8392217, 34.8777244 -19.8392814, 34.8777817 -19.8393497, 34.8782136 -19.8399102, 34.8783633 -19.8401072, 34.8784853 -19.8402676, 34.8787106 -19.8405666, 34.8787894 -19.8407321, 34.8788619 -19.8408834, 34.8789025 -19.8409882, 34.8793099 -19.8421762, 34.8793907 -19.8424118, 34.8794804 -19.8426884, 34.8797044 -19.8433798, 34.8799431 -19.8441029, 34.8801502 -19.8447377, 34.8802279 -19.844976, 34.8802411 -19.8450167, 34.8803008 -19.8452027, 34.8803157 -19.8452471, 34.8805077 -19.845849, 34.8808329 -19.846838, 34.8811816 -19.8478837, 34.8815538 -19.8490569)",86,58.0,161.0,Rua Alfredo Lawley,nan,nan,nan,nan,yes,683300830,1935869770,0,5915.0,"[683300830, 567924681, 4095037852, 567929924, 567929928, 567929916, 567929915, 2141099647, 5635142264, 4723127321, 4723127307, 663132500, 567929911, 5633351964, 5632800164, 4722963447, 5632800156, 5632800161, 5632800160, 4723043854, 3250274460, 4723053009, 776521982, 776521998, 776390396, 6416932944, 4095037839, 4095037823, 1935869770]",3333.0,1
"[44794760, 820923407]",False,tertiary,2553.0,"[384, 1025, 3, 1027, 1029, 5, 7, 9, 1034, 265, 1037, 1039, 789, 665, 799, 801, 165, 295, 1065, 42, 1067, 45, 46, 48, 50, 819, 1202, 821, 1204, 1087, 491, 1133, 497, 501, 374, 1015, 376, 378, 1019, 1021, 1023]","LINESTRING (34.8999908 -19.8377955, 34.8998515 -19.8384646, 34.8997155 -19.8389465, 34.8995975 -19.8395086, 34.8995776 -19.8396861, 34.8995653 -19.8397962, 34.8995362 -19.8404572, 34.8994825 -19.841172, 34.8994285 -19.8418908, 34.8994022 -19.842046, 34.8993668 -19.8421456, 34.899323 -19.8422428, 34.8987234 -19.8429783, 34.8986007 -19.8431288, 34.8980304 -19.8439068, 34.8977807 -19.8441989, 34.8976735 -19.8442782, 34.8975271 -19.8443229, 34.8968822 -19.8445375, 34.8960779 -19.8447783, 34.8952995 -19.8450045, 34.8950674 -19.8450733, 34.8937356 -19.8454581, 34.892139 -19.845913, 34.8908539 -19.8463085, 34.8901453 -19.8465191, 34.8892661 -19.8467804, 34.88912 -19.8468224, 34.8888713 -19.8468913, 34.8881732 -19.8471033, 34.8877586 -19.8472185, 34.8868502 -19.8474931, 34.8863479 -19.847641, 34.8860802 -19.8477174, 34.8857609 -19.8478125, 34.8852249 -19.8479721, 34.8846983 -19.8481256, 34.8841355 -19.8482896, 34.8830317 -19.8486191, 34.8829458 -19.8486444, 34.8824908 -19.8487819, 34.8815538 -19.8490569)",229,60.0,153.0,"['Ava Mártires da Revolução', 'Rua Carlos Pereira']",60,nan,nan,nan,nan,683300830,5649714322,0,,nan,,0
684867496,True,secondary,30.0,179,"LINESTRING (34.8615138 -19.8323629, 34.861797 -19.8323418)",47,0.0,inf,Rua Alfredo Lawley,nan,nan,nan,nan,nan,776390396,6416932944,0,39.0,"[776390396, 1935839907, 6416932944]",9.0,1
684867497,False,secondary,451.0,"[227, 1190, 1192, 431, 435, 437, 439, 441, 443]","LINESTRING (34.8577037 -19.8304573, 34.8577794 -19.8304955, 34.8579862 -19.8305998, 34.8587449 -19.8309825, 34.8596189 -19.8314164, 34.8601008 -19.8316631, 34.8605723 -19.8318894, 34.8606417 -19.8319211, 34.8611785 -19.8321888, 34.8615138 -19.8323629)",57,0.0,inf,Rua Alfredo Lawley,nan,nan,nan,nan,nan,776390396,776521998,0,8046.0,"[776390396, 6416932944, 4095037839, 4095037823, 1935869770, 683300830, 567924681, 4095037852, 567929924, 567929928, 567929916, 567929915, 2141099647, 5635142264, 4723127321, 4723127307, 663132500, 567929911, 5633351964, 5632800164, 4722963447, 5632800156, 5632800161, 5632800160, 4723043854, 3250274460, 4723053009, 776521982, 776521998]",7595.0,1
684869597,True,secondary,23.0,445,"LINESTRING (34.8615138 -19.8323629, 34.8617089 -19.8324493)",83,0.0,inf,Rua Alfredo Lawley,nan,nan,nan,nan,nan,776390396,1935839907,0,46.0,"[776390396, 6416932944, 1935839907]",23.0,1
62226637,False,tertiary,37.0,217,"LINESTRING (34.8562537 -19.8323049, 34.8566101 -19.8323269)",52,58.0,2.0,nan,nan,nan,nan,nan,nan,776521967,776521982,0,82.0,"[776521967, 4723053009, 776521982]",45.0,1
62226638,False,tertiary,23.0,229,"LINESTRING (34.8562537 -19.8323049, 34.8560367 -19.8322886)",58,58.0,1.0,nan,nan,nan,nan,nan,nan,776521967,776522008,0,478.0,"[776521967, 8253130813, 8253130795, 776522008]",455.0,1
183217110,True,tertiary,32.0,216,"LINESTRING (34.8562537 -19.8323049, 34.856219 -19.8325897)",51,58.0,2.0,Avenida 24 De Julho,nan,nan,nan,nan,nan,776521967,4723053009,0,87.0,"[776521967, 776521982, 4723053009]",55.0,1
479157724,True,tertiary,230.0,"[429, 1175]","LINESTRING (34.8564721 -19.8302393, 34.8564193 -19.8308306, 34.8562537 -19.8323049)",245,58.0,14.0,nan,nan,nan,nan,nan,nan,776521967,8253130813,0,271.0,"[776521967, 776522008, 8253130795, 8253130813]",41.0,1
62226637,False,tertiary,248.0,"[225, 231, 432, 916, 729, 220, 223]","LINESTRING (34.8577037 -19.8304573, 34.8573815 -19.8312968, 34.8570828 -19.831941, 34.8569664 -19.8321648, 34.8568914 -19.8322443, 34.8568243 -19.8322843, 34.8567475 -19.8323093, 34.8566101 -19.8323269)",55,58.0,15.0,nan,nan,nan,nan,nan,nan,776521982,776521998,0,404.0,"[776521982, 776521967, 8253130813, 8253130811, 776521998]",156.0,1
479156671,True,tertiary_link,50.0,"[219, 732, 918]","LINESTRING (34.8566101 -19.8323269, 34.8564608 -19.8324054, 34.856364 -19.8324695, 34.856219 -19.8325897)",54,58.0,3.0,nan,nan,nan,nan,nan,nan,776521982,4723053009,0,69.0,"[776521982, 776521967, 4723053009]",19.0,1
479157500,False,secondary,131.0,"[897, 147, 1172, 893]","LINESTRING (34.8564976 -19.8301871, 34.8571361 -19.8302699, 34.8572883 -19.8303087, 34.8575888 -19.8304194, 34.8577037 -19.8304573)",243,0.0,inf,Rua Alfredo Lawley,nan,nan,nan,nan,nan,776521998,8253130811,0,521.0,"[776521998, 776521982, 776521967, 8253130813, 8253130811]",390.0,1
479157723,True,tertiary,229.0,230,"LINESTRING (34.8560367 -19.8322886, 34.8563085 -19.830239)",59,58.0,14.0,Avenida 24 De Julho,nan,nan,nan,nan,nan,776522008,8253130795,0,272.0,"[776522008, 776521967, 8253130813, 8253130795]",43.0,1
62226379,True,tertiary,574.0,"[480, 481, 258, 1097, 1099, 1101, 1199, 1200, 913, 1201, 728, 478, 479]","LINESTRING (34.8554278 -19.8374428, 34.8554818 -19.8371122, 34.8555259 -19.8367439, 34.8556009 -19.8361608, 34.8556054 -19.8361212, 34.8556223 -19.8359734, 34.8556729 -19.8355151, 34.8557427 -19.8348914, 34.8557559 -19.8347737, 34.8558148 -19.8342799, 34.8558744 -19.833678, 34.8558841 -19.8335799, 34.8559376 -19.8330436, 34.8560367 -19.8322886)",188,58.0,36.0,Avenida 24 De Julho,nan,nan,nan,nan,nan,776522008,5632534919,0,636.0,"[776522008, 776521967, 4723053009, 3250274460, 5632534919]",62.0,1
"[253460454, 588685776, 62226807, 479173017, 964945084, 183118911]",False,tertiary,1271.0,"[785, 404, 406, 408, 537, 410, 539, 412, 414, 416, 418, 848, 850, 851, 1107, 248, 484, 486, 489, 233, 235, 747, 749, 237, 239, 242, 886, 632, 249, 253, 894]","LINESTRING (34.8469504 -19.8263589, 34.8475082 -19.8267045, 34.8483465 -19.8272254, 34.8488668 -19.8275764, 34.8491565 -19.8275197, 34.8493074 -19.8274878, 34.8494287 -19.8274566, 34.849534 -19.8273881, 34.8496051 -19.8273099, 34.849986 -19.8267503, 34.8504133 -19.8270051, 34.8506217 -19.8271156, 34.8507196 -19.8271572, 34.8508117 -19.8271689, 34.8510385 -19.8271998, 34.851953 -19.8272579, 34.8529301 -19.827302, 34.8533932 -19.8273102, 34.8537723 -19.8273159, 34.8539994 -19.8273175, 34.8542447 -19.8273274, 34.85444 -19.8273236, 34.8545734 -19.8273257, 34.8546046 -19.8273295, 34.8547204 -19.8273437, 34.8548429 -19.8273647, 34.8549924 -19.82738, 34.8552531 -19.8273757, 34.8555415 -19.8273865, 34.8561579 -19.8274209, 34.8566041 -19.8274643, 34.8564526 -19.8289337)",111,58.0,79.0,Avenida 24 De Julho,nan,nan,nan,nan,nan,776741680,4094281341,0,1874.0,"[776741680, 8253130794, 8253130802, 4094281337, 4094281341]",603.0,1
183118893,True,tertiary,128.0,1153,"LINESTRING (34.8564526 -19.8289337, 34.8563321 -19.8300866)",238,58.0,8.0,Avenida 24 De Julho,nan,nan,nan,nan,nan,776741680,8253130794,0,3017.0,"[776741680, 4094281341, 4094281337, 8253130802, 8253130794]",2889.0,1
183114456,True,tertiary,35.0,281,"LINESTRING (34.8372963 -19.8267638, 34.8375838 -19.8269163)",61,58.0,2.0,nan,nan,nan,nan,nan,nan,1833347000,9743549768,0,234.0,"[1833347000, 1833347001, 9743549769, 9743549768]",199.0,1
389968200,True,tertiary,198.0,"[280, 809, 811, 812, 813, 814, 816, 817, 818, 402, 882, 279, 536, 283, 284, 285]","LINESTRING (34.8373661 -19.8270389, 34.8372856 -19.8271423, 34.8371568 -19.8272079, 34.837004 -19.8272433, 34.8368055 -19.8272407, 34.8367371 -19.8272193, 34.836666 -19.8271587, 34.8366217 -19.8270944, 34.8365989 -19.8270124, 34.8366056 -19.8269354, 34.8366365 -19.8268749, 34.8366982 -19.8267815, 34.8367847 -19.8267427, 34.8368672 -19.8267058, 34.8370528 -19.8266692, 34.8371917 -19.8266957, 34.8372963 -19.8267638)",63,58.0,12.0,nan,nan,nan,nan,roundabout,nan,1833347000,1833347001,0,71.0,"[1833347000, 9743549768, 9743549769, 1833347001]",-127.0,1
473661409,True,tertiary,13.0,1182,"LINESTRING (34.8373661 -19.8270389, 34.8374725 -19.8270995)",249,58.0,1.0,nan,nan,nan,nan,nan,nan,1833347001,9743549769,0,256.0,"[1833347001, 1833347000, 9743549768, 9743549769]",243.0,1
318655604,False,tertiary,141.0,"[288, 807, 393, 1194, 365]","LINESTRING (34.8384604 -19.8276533, 34.8385768 -19.8277195, 34.8388606 -19.8278804, 34.8391845 -19.8280899, 34.8394542 -19.8282491, 34.839599 -19.8283345)",81,58.0,9.0,nan,nan,nan,nan,nan,nan,1833347010,1934772679,0,,nan,,0
"[479355170, 172428918]",True,tertiary,82.0,"[808, 290, 884, 118]","LINESTRING (34.839599 -19.8283345, 34.8398042 -19.8282891, 34.8398781 -19.8282889, 34.8399771 -19.8283143, 34.8403101 -19.8285097)",65,58.0,5.0,nan,nan,nan,nan,nan,nan,1833347010,5622112471,0,94.0,"[1833347010, 5622112472, 5622112471]",12.0,1
183114458,True,tertiary,73.0,"[843, 885]","LINESTRING (34.8401992 -19.8286691, 34.8397247 -19.8284113, 34.839599 -19.8283345)",169,58.0,5.0,nan,nan,nan,nan,nan,nan,1833347010,5622112472,0,103.0,"[1833347010, 5622112471, 5622112472]",30.0,1
589205500,True,tertiary,46.0,"[304, 303]","LINESTRING (34.8452645 -19.8420873, 34.8454723 -19.8421415, 34.845695 -19.8421681)",67,58.0,3.0,nan,nan,nan,nan,nan,nan,1934244652,1934244654,0,77.0,"[1934244652, 1934244677, 1934244654]",31.0,1
589205499,True,tertiary,44.0,"[306, 309]","LINESTRING (34.8455134 -19.8424069, 34.8454093 -19.8422387, 34.8452645 -19.8420873)",69,58.0,3.0,nan,nan,nan,nan,nan,nan,1934244652,1934244677,0,79.0,"[1934244652, 1934244654, 1934244677]",35.0,1
60944887,True,tertiary,123.0,"[163, 164, 112, 305, 881, 308]","LINESTRING (34.845695 -19.8421681, 34.845856 -19.8421895, 34.8460611 -19.84225, 34.8462744 -19.8423812, 34.8464902 -19.8425376, 34.8465689 -19.8426389, 34.8466365 -19.8427533)",68,58.0,8.0,nan,nan,nan,nan,nan,nan,1934244654,1934244692,0,195.0,"[1934244654, 1934244677, 1934244711, 1934244692]",72.0,1
589205503,True,tertiary,33.0,"[307, 310]","LINESTRING (34.8455134 -19.8424069, 34.8456498 -19.8422269, 34.845695 -19.8421681)",70,58.0,2.0,Rua Don Gonçalo Silveira,nan,nan,nan,nan,nan,1934244654,1934244677,0,90.0,"[1934244654, 1934244652, 1934244677]",57.0,1
60944884,True,tertiary,125.0,"[320, 160, 162, 311, 312, 317, 319]","LINESTRING (34.8464544 -19.8430349, 34.846323 -19.8430085, 34.8461875 -19.8429643, 34.8459702 -19.8428495, 34.8456926 -19.8426641, 34.8456236 -19.8426109, 34.8455539 -19.8424995, 34.8455134 -19.8424069)",73,58.0,8.0,nan,nan,nan,nan,nan,nan,1934244677,1934244711,0,193.0,"[1934244677, 1934244654, 1934244692, 1934244711]",68.0,1
478348665,True,tertiary,37.0,315,"LINESTRING (34.8466365 -19.8427533, 34.8464544 -19.8430349)",71,58.0,2.0,Rua Renato Baptista,nan,nan,nan,nan,nan,1934244692,1934244711,0,123.0,"[1934244692, 567933754, 1934244711]",86.0,1
183063721,False,tertiary,161.0,"[708, 331, 1195, 338, 697]","LINESTRING (34.85269 -19.8449996, 34.8528228 -19.8449454, 34.8529028 -19.8449143, 34.8533807 -19.8447284, 34.8538048 -19.8446374, 34.8541545 -19.8445884)",139,58.0,10.0,nan,nan,nan,nan,nan,nan,1934244728,4722963441,0,4248.0,"[1934244728, 1934244735, 4722963442, 663133292, 5632800151, 567933779, 567933754, 1934244711, 1934244677, 1934244652, 567933759, 567933772, 5624721182, 568013323, 4722963440, 4092461280, 4092464991, 4722963441]",4087.0,1
479147376,True,tertiary,57.0,"[329, 706, 707, 961]","LINESTRING (34.8541545 -19.8445884, 34.8545166 -19.8445291, 34.8545622 -19.8445137, 34.854602 -19.8444913, 34.8546603 -19.8444417)",75,58.0,4.0,nan,nan,nan,nan,nan,nan,1934244728,4722963448,0,108.0,"[1934244728, 1934244735, 4722963448]",51.0,1
479147377,True,tertiary,59.0,"[962, 330, 333, 335]","LINESTRING (34.8545972 -19.8448788, 34.8545132 -19.8447492, 34.854472 -19.8447026, 34.8544228 -19.8446704, 34.8541545 -19.8445884)",77,58.0,4.0,nan,nan,nan,nan,nan,nan,1934244728,1934244735,0,106.0,"[1934244728, 4722963448, 1934244735]",47.0,1
62226384,True,tertiary,49.0,334,"LINESTRING (34.8545972 -19.8448788, 34.8546603 -19.8444417)",76,60.0,3.0,Avenida 24 de Julho,60,2,praca da independencia e dos professores,nan,nan,1934244735,4722963448,0,116.0,"[1934244735, 1934244728, 4722963448]",67.0,1
62226384,True,tertiary,90.0,699,"LINESTRING (34.8545972 -19.8448788, 34.8545042 -19.8456843)",140,60.0,5.0,Avenida 24 de Julho,60,2,praca da independencia e dos professores,nan,nan,1934244735,4722963442,0,372.0,"[1934244735, 4722963448, 5632800155, 5632800156, 4722963447, 4722963442]",282.0,1
44785318,True,tertiary,411.0,"[584, 585, 361, 586, 591, 52, 669, 862, 863]","LINESTRING (34.8413504 -19.8338754, 34.8415214 -19.8337823, 34.8416727 -19.8336758, 34.841761 -19.8335698, 34.8418513 -19.8334454, 34.8429032 -19.8319534, 34.8431844 -19.8315499, 34.8435503 -19.8310089, 34.8435809 -19.830918, 34.8435854 -19.8308693)",79,58.0,26.0,Avenida Samora Machel,nan,nan,nan,nan,nan,1934288342,4715615568,0,478.0,"[1934288342, 3930024301, 3250274456, 4715615568]",67.0,1
389844218,True,tertiary,31.0,"[561, 362, 555, 556]","LINESTRING (34.8413504 -19.8338754, 34.8414236 -19.8338877, 34.8414899 -19.8339195, 34.8415435 -19.8339681, 34.8415798 -19.8340291)",80,58.0,2.0,nan,nan,nan,nan,roundabout,nan,1934288342,3930024301,0,134.0,"[1934288342, 3930024306, 3930024301]",103.0,1
389844218,True,tertiary,56.0,"[363, 115, 567, 568, 569, 570, 571]","LINESTRING (34.841125 -19.8342356, 34.8410947 -19.8341621, 34.8410915 -19.8340833, 34.8411117 -19.834016, 34.8411518 -19.833957, 34.8412084 -19.8339116, 34.8412765 -19.8338836, 34.8413504 -19.8338754)",99,58.0,4.0,nan,nan,nan,nan,roundabout,nan,1934288342,3930024306,0,109.0,"[1934288342, 3930024301, 3930024306]",53.0,1
473661409,True,tertiary,120.0,"[392, 394, 286]","LINESTRING (34.8384604 -19.8276533, 34.8383067 -19.8275736, 34.8380044 -19.8274022, 34.8374725 -19.8270995)",82,58.0,7.0,nan,nan,nan,nan,nan,nan,1934772679,9743549769,0,151.0,"[1934772679, 9743549768, 9743549769]",31.0,1
183114456,True,tertiary,128.0,"[390, 391, 883, 667, 1180]","LINESTRING (34.8375838 -19.8269163, 34.8378628 -19.8270642, 34.8382194 -19.8272789, 34.838309 -19.8273553, 34.8383883 -19.8274351, 34.8384604 -19.8276533)",248,58.0,8.0,nan,nan,nan,nan,nan,nan,1934772679,9743549768,0,143.0,"[1934772679, 9743549769, 9743549768]",15.0,1
684867498,True,secondary_link,16.0,"[1128, 444, 1127]","LINESTRING (34.8617089 -19.8324493, 34.8617119 -19.8324101, 34.8617418 -19.8323811, 34.861797 -19.8323418)",84,0.0,inf,nan,nan,nan,nan,nan,nan,1935839907,6416932944,0,53.0,"[1935839907, 776390396, 6416932944]",37.0,1
"[407458648, 684869597]",True,secondary,65.0,"[648, 649, 1132, 1049, 1085]","LINESTRING (34.8622819 -19.8325019, 34.8622521 -19.8325388, 34.8622323 -19.8325505, 34.8621706 -19.8325667, 34.8620684 -19.8325805, 34.8617089 -19.8324493)",233,0.0,inf,Rua Alfredo Lawley,nan,nan,nan,nan,nan,1935839907,6416932949,0,82.0,"[1935839907, 6416932944, 4095037839, 6416932948, 6416932949]",17.0,1
"[686767326, 887795677, 887795678]",False,secondary,1015.0,"[777, 1033, 779, 1036, 527, 535, 1053, 546, 804, 1077, 448, 451, 453, 455, 1105, 980, 982, 1113, 1014]","LINESTRING (34.8670205 -19.8316399, 34.8671602 -19.8314274, 34.8672961 -19.8312053, 34.8675348 -19.830794, 34.8677831 -19.8303399, 34.8680252 -19.8298558, 34.86852 -19.8289436, 34.8685375 -19.8289096, 34.8685448 -19.8288969, 34.8686334 -19.8287409, 34.8686399 -19.8287285, 34.8689478 -19.8281638, 34.8691124 -19.827862, 34.8695686 -19.8270001, 34.8697464 -19.8266655, 34.8703594 -19.8255114, 34.8710296 -19.8242689, 34.8710689 -19.824196, 34.8712618 -19.8238293, 34.8714519 -19.8234906)",87,0.0,inf,Rua Dom Jaime Pedro Gonçalves,nan,nan,nan,nan,yes,1935869749,1935869770,0,,nan,,0
887795679,False,secondary,482.0,"[643, 775, 145, 978, 595, 531, 533, 1048]","LINESTRING (34.8624764 -19.8322626, 34.8630658 -19.832175, 34.8636376 -19.8320904, 34.8642105 -19.8320013, 34.8656186 -19.8317889, 34.8667671 -19.8316133, 34.866871 -19.8316134, 34.8669414 -19.8316241, 34.8670205 -19.8316399)",116,0.0,inf,Rua Alfredo Lawley,nan,nan,nan,nan,nan,1935869770,4095037823,0,8015.0,"[1935869770, 683300830, 567924681, 4095037852, 567929924, 567929928, 567929916, 567929915, 2141099647, 5635142264, 4723127321, 4723127307, 663132500, 567929911, 5633351964, 5632800164, 4722963447, 5632800156, 5632800161, 5632800160, 4723043854, 3250274460, 4723053009, 776521982, 776521998, 776390396, 6416932944, 4095037839, 4095037823]",7533.0,1
204092456,True,tertiary,121.0,"[824, 970, 463]","LINESTRING (34.8638111 -19.8494692, 34.8636961 -19.8494722, 34.8635321 -19.8494482, 34.862669 -19.8492933)",89,58.0,8.0,nan,nan,nan,nan,nan,nan,2141099647,5635142264,0,143.0,"[2141099647, 5635142263, 5635142264]",22.0,1
52014467,True,tertiary,121.0,"[465, 971, 973, 1126]","LINESTRING (34.8627259 -19.849098, 34.8635336 -19.8493503, 34.8637041 -19.8494047, 34.8637752 -19.8494476, 34.8638111 -19.8494692)",226,58.0,8.0,nan,nan,nan,nan,nan,nan,2141099647,5635142263,0,143.0,"[2141099647, 5635142264, 5635142263]",22.0,1
407381862,True,trunk,80.0,"[628, 629]","LINESTRING (34.8444175 -19.8299771, 34.8441028 -19.8304632, 34.8440482 -19.8306085)",109,0.0,inf,Avenida Samora Machel,nan,2,N6,nan,nan,3250274451,4094281337,0,115.0,"[3250274451, 567932015, 4095037803, 4094281337]",35.0,1
44785317,True,trunk,34.0,"[512, 61, 583, 511]","LINESTRING (34.8438542 -19.8310078, 34.8437602 -19.8310013, 34.8436743 -19.8309648, 34.8436235 -19.8309224, 34.8435854 -19.8308693)",92,0.0,inf,Praça de Outubro,nan,nan,nan,roundabout,nan,3250274456,4715615568,0,142.0,"[3250274456, 3930024301, 1934288342, 4715615568]",108.0,1
389844219,True,tertiary,413.0,"[864, 513, 865, 587, 588, 589, 590, 592]","LINESTRING (34.8438542 -19.8310078, 34.8437552 -19.8310379, 34.8436659 -19.8311116, 34.8430087 -19.8320312, 34.8420418 -19.8334013, 34.8419485 -19.8335373, 34.8417521 -19.8338289, 34.8416524 -19.8339584, 34.8415798 -19.8340291)",93,58.0,26.0,Avenida Samora Machel,nan,nan,nan,nan,nan,3250274456,3930024301,0,476.0,"[3250274456, 4715615568, 1934288342, 3930024301]",63.0,1
62226383,True,tertiary,55.0,"[193, 517, 519, 522, 189]","LINESTRING (34.8557372 -19.8375015, 34.8558106 -19.837586, 34.8558478 -19.8376893, 34.8558441 -19.8377982, 34.8558001 -19.837899, 34.8557681 -19.8379462)",94,58.0,3.0,nan,nan,nan,nan,roundabout,nan,3250274460,4723043854,0,160.0,"[3250274460, 5632534919, 4723043850, 3250279363, 3250279365, 4723043854]",105.0,1
183217110,True,tertiary,547.0,"[514, 1096, 733, 1098, 744, 1100, 915, 731, 477, 446]","LINESTRING (34.856219 -19.8325897, 34.8561917 -19.8327963, 34.8561664 -19.8330326, 34.8561045 -19.8335968, 34.8559967 -19.8345794, 34.8559718 -19.8347918, 34.8558321 -19.8359838, 34.8556957 -19.837148, 34.8556897 -19.8372523, 34.8556958 -19.8373561, 34.8557372 -19.8375015)",149,58.0,34.0,Avenida 24 De Julho,nan,nan,nan,nan,nan,3250274460,4723053009,0,663.0,"[3250274460, 5632534919, 776522008, 776521967, 4723053009]",116.0,1
62226383,True,tertiary,34.0,"[914, 515, 199]","LINESTRING (34.8554278 -19.8374428, 34.8555318 -19.8374283, 34.8556371 -19.8374466, 34.8557372 -19.8375015)",189,58.0,2.0,nan,nan,nan,nan,roundabout,nan,3250274460,5632534919,0,181.0,"[3250274460, 4723053009, 776521967, 776522008, 5632534919]",147.0,1
62226382,True,tertiary,76.0,"[520, 202, 912]","LINESTRING (34.8552162 -19.8378723, 34.855054 -19.8376774, 34.8549057 -19.8375486, 34.8546922 -19.8373996)",95,58.0,5.0,Armando Tivane,nan,nan,nan,nan,nan,3250279363,4723043852,0,143.0,"[3250279363, 4723043850, 5632591858, 4723043852]",67.0,1
62226383,True,tertiary,52.0,"[197, 518, 521, 203, 184]","LINESTRING (34.8552162 -19.8378723, 34.8552041 -19.8377784, 34.855205 -19.8376842, 34.8552364 -19.8375947, 34.8552953 -19.8375185, 34.855376 -19.8374627)",96,58.0,3.0,nan,nan,nan,nan,roundabout,nan,3250279363,4723043850,0,163.0,"[3250279363, 4723043852, 5632591858, 4723043850]",111.0,1
62226383,True,tertiary,10.0,523,"LINESTRING (34.8552162 -19.8378723, 34.8552567 -19.8379513)",97,58.0,1.0,nan,nan,nan,nan,roundabout,nan,3250279363,3250279365,0,205.0,"[3250279363, 4723043850, 5632534919, 3250274460, 4723043854, 3250279365]",195.0,1
62226383,True,tertiary,58.0,"[201, 524, 525, 722, 724, 186]","LINESTRING (34.8557681 -19.8379462, 34.8557024 -19.8379913, 34.8556243 -19.8380259, 34.8555392 -19.83804, 34.8554532 -19.8380325, 34.8553723 -19.838004, 34.8552567 -19.8379513)",147,58.0,4.0,nan,nan,nan,nan,roundabout,nan,3250279365,4723043854,0,157.0,"[3250279365, 5632800159, 5632800160, 4723043854]",99.0,1
62226384,True,tertiary,450.0,"[1090, 471, 122, 726, 727, 472, 954]","LINESTRING (34.8549395 -19.8419876, 34.8550489 -19.8408138, 34.855112 -19.8402453, 34.8552345 -19.839259, 34.8553306 -19.8384428, 34.855334 -19.8382309, 34.8553032 -19.8381073, 34.8552567 -19.8379513)",216,60.0,27.0,Avenida 24 de Julho,60,2,praca da independencia e dos professores,nan,nan,3250279365,5632800159,0,532.0,"[3250279365, 4723043854, 5632800160, 5632800159]",82.0,1
389844218,True,tertiary,78.0,"[557, 558, 559, 560, 562, 563, 564, 565, 1206, 566]","LINESTRING (34.8415798 -19.8340291, 34.8415961 -19.834106, 34.8415851 -19.8341837, 34.8415478 -19.8342539, 34.8414931 -19.8343112, 34.8414417 -19.8343332, 34.8413716 -19.8343505, 34.8412992 -19.8343485, 34.8412303 -19.8343273, 34.8411706 -19.8342886, 34.841125 -19.8342356)",98,58.0,5.0,nan,nan,nan,nan,roundabout,nan,3930024301,3930024306,0,87.0,"[3930024301, 1934288342, 3930024306]",9.0,1
479147370,True,tertiary,43.0,602,"LINESTRING (34.8522082 -19.8451823, 34.851876 -19.8449504)",101,58.0,3.0,nan,nan,nan,nan,nan,nan,4092461280,4722963440,0,65.0,"[4092461280, 4092461288, 4722963440]",22.0,1
407204284,True,tertiary,24.0,"[608, 609, 610, 342, 601]","LINESTRING (34.8522082 -19.8451823, 34.8521904 -19.8451421, 34.8521874 -19.8450987, 34.8521996 -19.8450567, 34.8522256 -19.8450207, 34.8522626 -19.8449946)",102,58.0,2.0,nan,nan,nan,nan,roundabout,nan,4092461280,4092461288,0,68.0,"[4092461280, 4722963440, 4092461288]",44.0,1
407204284,True,tertiary,29.0,"[614, 615, 616, 597, 598, 599, 600]","LINESTRING (34.8524436 -19.8451864, 34.8524179 -19.8452132, 34.8523854 -19.8452324, 34.8523486 -19.8452427, 34.8523079 -19.845243, 34.8522688 -19.8452322, 34.8522346 -19.8452114, 34.8522082 -19.8451823)",106,58.0,2.0,nan,nan,nan,nan,roundabout,nan,4092461280,4092464991,0,63.0,"[4092461280, 4092461288, 4092461282, 4092464991]",34.0,1
479147371,True,tertiary,31.0,605,"LINESTRING (34.8523964 -19.8449967, 34.85269 -19.8449996)",103,58.0,2.0,nan,nan,nan,nan,nan,nan,4092461282,4722963441,0,57.0,"[4092461282, 4092464991, 4722963441]",26.0,1
407204284,True,tertiary,24.0,"[613, 596, 604, 606, 607]","LINESTRING (34.8523964 -19.8449967, 34.8524324 -19.8450241, 34.8524571 -19.845061, 34.8524677 -19.8451034, 34.852463 -19.8451468, 34.8524436 -19.8451864)",104,58.0,2.0,nan,nan,nan,nan,roundabout,nan,4092461282,4092464991,0,64.0,"[4092461282, 4722963441, 4092464991]",40.0,1
407204284,True,tertiary,15.0,"[603, 611, 612]","LINESTRING (34.8522626 -19.8449946, 34.8523066 -19.8449811, 34.8523529 -19.8449819, 34.8523964 -19.8449967)",105,58.0,1.0,nan,nan,nan,nan,roundabout,nan,4092461282,4092461288,0,77.0,"[4092461282, 4092464991, 4092461280, 4092461288]",62.0,1
479147369,True,tertiary,41.0,696,"LINESTRING (34.8522626 -19.8449946, 34.851876 -19.8449504)",136,58.0,3.0,nan,nan,nan,nan,nan,nan,4092461288,4722963440,0,67.0,"[4092461288, 4092461280, 4722963440]",26.0,1
479147372,True,tertiary,33.0,698,"LINESTRING (34.8524436 -19.8451864, 34.85269 -19.8449996)",138,58.0,2.0,nan,nan,nan,nan,nan,nan,4092464991,4722963441,0,55.0,"[4092464991, 4092461282, 4722963441]",22.0,1
407381861,True,trunk,1922.0,"[641, 780, 781, 782, 783, 400, 401, 1116, 1117, 1118, 1119, 620, 621, 622, 623, 1136, 624, 1138, 625, 1140, 1142, 1144, 1146, 1148, 1150]","LINESTRING (34.8443014 -19.8299376, 34.8446386 -19.8294661, 34.8448198 -19.8292126, 34.8450297 -19.8289153, 34.8454314 -19.8283464, 34.8455233 -19.8282163, 34.8455874 -19.8281243, 34.846517 -19.8267904, 34.8467293 -19.8264858, 34.8471516 -19.8258818, 34.8480426 -19.8246077, 34.8487366 -19.8236233, 34.8489192 -19.8233561, 34.8489757 -19.823276, 34.849037 -19.8231914, 34.8492791 -19.8228466, 34.8502722 -19.8214328, 34.8507702 -19.8207254, 34.8512082 -19.8201058, 34.8515291 -19.8196519, 34.8526041 -19.8181173, 34.8526853 -19.8180013, 34.8528335 -19.8177936, 34.8530853 -19.8174409, 34.8534692 -19.816903, 34.8544562 -19.815476)",114,0.0,inf,Avenida Massano de Amorim,nan,3,N6,nan,nan,4094281323,4095037803,0,,nan,,0
62224547,False,secondary,13.0,640,"LINESTRING (34.8444175 -19.8299771, 34.8443014 -19.8299376)",113,0.0,inf,Rua Alfredo Lawley,nan,nan,nan,nan,nan,4094281337,4095037803,0,182.0,"[4094281337, 3250274451, 567932015, 4095037803]",169.0,1
62224547,False,secondary,1255.0,"[131, 133, 135, 1162, 148, 1178, 541, 826, 190, 194, 206, 208, 210, 212, 482, 742, 745, 751, 753, 245, 503, 888, 505, 890, 251]","LINESTRING (34.8562833 -19.8301577, 34.8558232 -19.8300896, 34.8555224 -19.8300591, 34.8544383 -19.8298255, 34.8538363 -19.8296993, 34.8538084 -19.8296944, 34.853729 -19.8296804, 34.8536055 -19.8296655, 34.8532789 -19.8296414, 34.8527199 -19.8296089, 34.8518092 -19.8295597, 34.8510327 -19.8295156, 34.8507592 -19.8295016, 34.8498808 -19.8294676, 34.8494932 -19.8294676, 34.8486523 -19.8295168, 34.8479944 -19.8295597, 34.8469814 -19.8296323, 34.846618 -19.8296597, 34.8458439 -19.8297292, 34.845756 -19.8297436, 34.8453764 -19.8298353, 34.8447051 -19.8299998, 34.8445751 -19.8300184, 34.8444986 -19.8300151, 34.8444175 -19.8299771)",241,0.0,inf,Rua Alfredo Lawley,nan,nan,nan,nan,nan,4094281337,8253130802,0,1890.0,"[4094281337, 4094281341, 776741680, 8253130794, 8253130802]",635.0,1
407381862,True,trunk,481.0,"[631, 1135, 1137, 1139, 1141, 630, 1143]","LINESTRING (34.8469504 -19.8263589, 34.8466325 -19.8268595, 34.8456979 -19.8281809, 34.8455382 -19.8284066, 34.8453681 -19.8286471, 34.8451322 -19.8289771, 34.8447348 -19.8295332, 34.8444175 -19.8299771)",110,0.0,inf,Avenida Samora Machel,nan,2,N6,nan,nan,4094281337,4094281341,0,2664.0,"[4094281337, 8253130802, 8253130794, 776741680, 4094281341]",2183.0,1
407381862,True,trunk,1440.0,"[1147, 784, 633, 1149, 1145, 634, 635, 636, 637, 638, 639]","LINESTRING (34.854542 -19.8155161, 34.8535389 -19.8169537, 34.8525798 -19.8183153, 34.8512977 -19.8201619, 34.8505767 -19.821182, 34.8494616 -19.8227837, 34.8493783 -19.8229012, 34.8490326 -19.8233886, 34.8488336 -19.8236846, 34.8483169 -19.8244259, 34.8472484 -19.8259374, 34.8469504 -19.8263589)",112,0.0,inf,Avenida Samora Machel,nan,2,N6,nan,nan,4094281341,4094281348,0,,nan,,0
407458648,True,secondary,27.0,"[642, 644, 1130, 647]","LINESTRING (34.8624764 -19.8322626, 34.8623711 -19.8323244, 34.8623449 -19.832343, 34.8623237 -19.8323715, 34.8622913 -19.8324256)",115,0.0,inf,Rua Alfredo Lawley,nan,nan,nan,nan,nan,4095037823,6416932948,0,63.0,"[4095037823, 4095037839, 6416932948]",36.0,1
684867496,True,secondary,39.0,652,"LINESTRING (34.8624764 -19.8322626, 34.8621066 -19.8323137)",117,0.0,inf,Rua Alfredo Lawley,nan,nan,nan,nan,nan,4095037823,4095037839,0,51.0,"[4095037823, 6416932948, 4095037839]",12.0,1
684867501,True,secondary_link,28.0,"[1129, 646, 645, 1086]","LINESTRING (34.8622819 -19.8325019, 34.8623013 -19.8325549, 34.8623218 -19.8325935, 34.8623512 -19.8326249, 34.8624419 -19.8326896)",234,0.0,inf,nan,nan,nan,nan,nan,nan,4095037829,6416932949,0,,nan,,0
684867500,True,secondary_link,24.0,"[650, 1131, 651, 653]","LINESTRING (34.8621066 -19.8323137, 34.8621874 -19.8323357, 34.8622249 -19.8323522, 34.8622521 -19.8323739, 34.8622913 -19.8324256)",118,0.0,inf,nan,nan,nan,nan,nan,nan,4095037839,6416932948,0,66.0,"[4095037839, 4095037823, 6416932948]",42.0,1
684867496,True,secondary,33.0,1083,"LINESTRING (34.8621066 -19.8323137, 34.861797 -19.8323418)",231,0.0,inf,Rua Alfredo Lawley,nan,nan,nan,nan,nan,4095037839,6416932944,0,114.0,"[4095037839, 6416932948, 6416932949, 1935839907, 6416932944]",81.0,1
44785317,True,trunk,10.0,"[668, 62]","LINESTRING (34.8435854 -19.8308693, 34.8435671 -19.8308253, 34.8435577 -19.8307789)",120,0.0,inf,Praça de Outubro,nan,nan,nan,roundabout,nan,4715615568,4715615570,0,166.0,"[4715615568, 3250274456, 567932023, 567932019, 3250274451, 567932015, 567932028, 4715615570]",156.0,1
183114458,True,tertiary,110.0,"[672, 397, 398, 671]","LINESTRING (34.8435577 -19.8307789, 34.8434832 -19.8306657, 34.8433584 -19.8305774, 34.8429252 -19.8303193, 34.8427206 -19.8301918)",122,58.0,7.0,nan,nan,nan,nan,nan,nan,4715615570,4715615573,0,160.0,"[4715615570, 567932028, 4715615572, 4715615573]",50.0,1
478333248,False,tertiary_link,21.0,676,"LINESTRING (34.8428094 -19.8300254, 34.8427206 -19.8301918)",125,58.0,1.0,nan,nan,nan,nan,nan,nan,4715615572,4715615573,0,249.0,"[4715615572, 5622112469, 5622112470, 4715615573]",228.0,1
172428918,True,tertiary,194.0,"[845, 837, 119]","LINESTRING (34.8412527 -19.8290687, 34.8417468 -19.8293628, 34.8418612 -19.8294313, 34.8428094 -19.8300254)",163,58.0,12.0,nan,nan,nan,nan,nan,nan,4715615572,5622112469,0,240.0,"[4715615572, 4715615573, 5622112470, 5622112469]",46.0,1
183114458,True,tertiary,197.0,"[675, 396, 846]","LINESTRING (34.8427206 -19.8301918, 34.8417435 -19.829603, 34.8416202 -19.8295288, 34.8411348 -19.8292382)",126,58.0,12.0,nan,nan,nan,nan,nan,nan,4715615573,5622112470,0,237.0,"[4715615573, 4715615572, 5622112469, 5622112470]",40.0,1
104498606,True,tertiary,146.0,"[681, 228, 222]","LINESTRING (34.8456947 -19.8317332, 34.8459582 -19.8318884, 34.8466049 -19.8322834, 34.8468738 -19.8324445)",127,58.0,9.0,Armando Tivane,nan,nan,nan,nan,nan,4715745080,4715745197,0,198.0,"[4715745080, 4715745081, 4715745193, 4715745197]",52.0,1
478347695,True,tertiary_link,24.0,683,"LINESTRING (34.8456947 -19.8317332, 34.845567 -19.8319123)",129,58.0,1.0,nan,nan,nan,nan,nan,nan,4715745080,4715745081,0,50.0,"[4715745080, 5624721174, 5624721175, 4715745081]",26.0,1
104498606,True,tertiary,13.0,859,"LINESTRING (34.8456947 -19.8317332, 34.8455868 -19.8316685)",176,58.0,1.0,Armando Tivane,nan,nan,nan,nan,nan,4715745080,5624721174,0,61.0,"[4715745080, 4715745081, 5624721175, 5624721174]",48.0,1
62226382,True,tertiary,13.0,682,"LINESTRING (34.845567 -19.8319123, 34.8454612 -19.8318469)",128,58.0,1.0,Armando Tivane,nan,nan,nan,nan,nan,4715745081,5624721175,0,61.0,"[4715745081, 4715745080, 5624721174, 5624721175]",48.0,1
62226382,True,tertiary,146.0,689,"LINESTRING (34.845567 -19.8319123, 34.846725 -19.8326524)",133,58.0,9.0,Armando Tivane,nan,nan,nan,nan,nan,4715745081,4715745193,0,198.0,"[4715745081, 4715745080, 4715745197, 4715745193]",52.0,1
104498606,True,tertiary,246.0,"[825, 685, 183]","LINESTRING (34.8469892 -19.8325124, 34.8471307 -19.8325957, 34.8476904 -19.8329194, 34.848973 -19.8336952)",130,58.0,15.0,Armando Tivane,nan,nan,nan,nan,nan,4715745087,5624912711,0,302.0,"[4715745087, 4715745192, 5624912712, 5624912711]",56.0,1
478347701,True,tertiary_link,28.0,"[688, 686]","LINESTRING (34.8468369 -19.832723, 34.8469067 -19.832629, 34.8469892 -19.8325124)",132,58.0,2.0,nan,nan,nan,nan,nan,nan,4715745087,4715745192,0,56.0,"[4715745087, 4715745197, 4715745193, 4715745192]",28.0,1
104498606,True,tertiary,14.0,691,"LINESTRING (34.8469892 -19.8325124, 34.8468738 -19.8324445)",134,58.0,1.0,Armando Tivane,nan,nan,nan,nan,nan,4715745087,4715745197,0,70.0,"[4715745087, 4715745192, 4715745193, 4715745197]",56.0,1
62226382,True,tertiary,14.0,687,"LINESTRING (34.8468369 -19.832723, 34.846725 -19.8326524)",131,58.0,1.0,Armando Tivane,nan,nan,nan,nan,nan,4715745192,4715745193,0,70.0,"[4715745192, 4715745087, 4715745197, 4715745193]",56.0,1
62226382,True,tertiary,245.0,880,"LINESTRING (34.8468369 -19.832723, 34.8488116 -19.8339042)",185,58.0,15.0,Armando Tivane,nan,nan,nan,nan,nan,4715745192,5624912712,0,303.0,"[4715745192, 4715745087, 5624912711, 5624912712]",58.0,1
478347702,True,tertiary_link,28.0,"[690, 692]","LINESTRING (34.8468738 -19.8324445, 34.8468121 -19.8325338, 34.846725 -19.8326524)",135,58.0,2.0,nan,nan,nan,nan,nan,nan,4715745193,4715745197,0,56.0,"[4715745193, 4715745081, 4715745080, 4715745197]",28.0,1
479147375,True,tertiary_link,20.0,"[704, 700, 701, 702]","LINESTRING (34.8546953 -19.8456963, 34.8546473 -19.8457048, 34.8546058 -19.8457035, 34.8545502 -19.8456941, 34.8545042 -19.8456843)",142,58.0,1.0,nan,nan,nan,nan,nan,nan,4722963442,4722963447,0,62.0,"[4722963442, 663133292, 5632800164, 4722963447]",42.0,1
62229137,True,tertiary,21.0,703,"LINESTRING (34.8546953 -19.8456963, 34.8546691 -19.8458859)",141,58.0,1.0,Avenida 24 de Julho,nan,nan,nan,nan,nan,4722963447,5632800164,0,61.0,"[4722963447, 4722963442, 663133292, 5632800164]",40.0,1
62229137,True,tertiary,212.0,"[1120, 966, 263, 264, 490, 950]","LINESTRING (34.854903 -19.8437914, 34.8548841 -19.8439577, 34.8548253 -19.8446113, 34.8548157 -19.8446905, 34.8547848 -19.8449504, 34.8547522 -19.8452219, 34.8546953 -19.8456963)",215,58.0,13.0,Avenida 24 de Julho,nan,nan,nan,nan,nan,4722963447,5632800156,0,250.0,"[4722963447, 4722963442, 1934244735, 4722963448, 5632800155, 5632800156]",38.0,1
62226384,True,tertiary,74.0,"[1184, 705, 710]","LINESTRING (34.8546603 -19.8444417, 34.8547047 -19.8441082, 34.8547253 -19.8439532, 34.8547396 -19.8437752)",143,60.0,4.0,Avenida 24 de Julho,60,2,praca da independencia e dos professores,nan,nan,4722963448,5632800155,0,388.0,"[4722963448, 1934244735, 4722963442, 4722963447, 5632800156, 5632800155]",314.0,1
62226383,True,tertiary,6.0,"[516, 717]","LINESTRING (34.855376 -19.8374627, 34.8554258 -19.8374431, 34.8554278 -19.8374428)",144,58.0,0.0,nan,nan,nan,nan,roundabout,nan,4723043850,5632534919,0,209.0,"[4723043850, 3250279363, 3250279365, 4723043854, 3250274460, 5632534919]",203.0,1
104498606,True,tertiary,64.0,"[937, 718, 911]","LINESTRING (34.8548329 -19.8371965, 34.8549887 -19.8372849, 34.8551599 -19.8373708, 34.855376 -19.8374627)",209,58.0,4.0,Armando Tivane,nan,nan,nan,nan,nan,4723043850,5632591858,0,155.0,"[4723043850, 3250279363, 4723043852, 5632591858]",91.0,1
589862876,False,tertiary_link,27.0,938,"LINESTRING (34.8546922 -19.8373996, 34.8548329 -19.8371965)",208,58.0,2.0,nan,nan,nan,nan,nan,nan,4723043852,5632591858,0,192.0,"[4723043852, 5632591857, 5632591856, 5632591858]",165.0,1
62226382,True,tertiary,155.0,"[192, 719]","LINESTRING (34.8546922 -19.8373996, 34.8539759 -19.8369826, 34.8534359 -19.8366584)",146,58.0,10.0,Armando Tivane,nan,nan,nan,nan,nan,4723043852,5632591857,0,209.0,"[4723043852, 5632591858, 5632591856, 5632591857]",54.0,1
62229137,True,tertiary,457.0,"[256, 261, 910, 366, 721, 723, 725, 1078]","LINESTRING (34.8557681 -19.8379462, 34.8556625 -19.8381641, 34.8556049 -19.8382789, 34.8554966 -19.8385592, 34.8554094 -19.8393262, 34.8552952 -19.840481, 34.8552455 -19.8409023, 34.8551496 -19.8416504, 34.8550995 -19.8420029)",148,58.0,28.0,Avenida 24 de Julho,nan,nan,nan,nan,nan,4723043854,5632800160,0,525.0,"[4723043854, 3250279365, 5632800159, 5632800160]",68.0,1
62226382,True,tertiary,79.0,"[736, 473]","LINESTRING (34.8495952 -19.8343752, 34.8492763 -19.8341839, 34.8489577 -19.8339916)",150,58.0,5.0,Armando Tivane,nan,nan,nan,nan,nan,4723059929,4723059932,0,139.0,"[4723059929, 4723059930, 4723059931, 4723059932]",60.0,1
479157497,True,tertiary_link,30.0,738,"LINESTRING (34.8495952 -19.8343752, 34.8497592 -19.8341546)",152,58.0,2.0,nan,nan,nan,nan,nan,nan,4723059929,4723059930,0,62.0,"[4723059929, 5624912710, 5624912709, 4723059930]",32.0,1
62226382,True,tertiary,17.0,876,"LINESTRING (34.8495952 -19.8343752, 34.8497308 -19.8344555)",181,58.0,1.0,Armando Tivane,nan,nan,nan,nan,nan,4723059929,5624912710,0,75.0,"[4723059929, 4723059930, 5624912709, 5624912710]",58.0,1
104498606,True,tertiary,15.0,737,"LINESTRING (34.8497592 -19.8341546, 34.849877 -19.8342261)",151,58.0,1.0,Armando Tivane,nan,nan,nan,nan,nan,4723059930,5624912709,0,77.0,"[4723059930, 4723059929, 5624912710, 5624912709]",62.0,1
104498606,True,tertiary,80.0,"[739, 198]","LINESTRING (34.8491061 -19.8337757, 34.8494197 -19.8339569, 34.8497592 -19.8341546)",153,58.0,5.0,Armando Tivane,nan,nan,nan,nan,nan,4723059930,4723059931,0,138.0,"[4723059930, 4723059929, 4723059932, 4723059931]",58.0,1
479157498,True,tertiary_link,29.0,741,"LINESTRING (34.8491061 -19.8337757, 34.8489577 -19.8339916)",155,58.0,2.0,nan,nan,nan,nan,nan,nan,4723059931,4723059932,0,64.0,"[4723059931, 5624912711, 5624912712, 4723059932]",35.0,1
104498606,True,tertiary,17.0,878,"LINESTRING (34.8491061 -19.8337757, 34.848973 -19.8336952)",183,58.0,1.0,Armando Tivane,nan,nan,nan,nan,nan,4723059931,5624912711,0,76.0,"[4723059931, 4723059932, 5624912712, 5624912711]",59.0,1
62226382,True,tertiary,18.0,740,"LINESTRING (34.8489577 -19.8339916, 34.8488116 -19.8339042)",154,58.0,1.0,Armando Tivane,nan,nan,nan,nan,nan,4723059932,5624912712,0,75.0,"[4723059932, 4723059931, 5624912711, 5624912712]",57.0,1
479166608,True,tertiary_link,32.0,"[756, 757, 758, 759, 760, 761, 763]","LINESTRING (34.860679 -19.8486901, 34.8607069 -19.8487133, 34.8607338 -19.8487499, 34.8607499 -19.8487878, 34.8607499 -19.8488243, 34.8607378 -19.8488559, 34.8607204 -19.8488862, 34.8606659 -19.8489244)",158,58.0,2.0,nan,nan,nan,nan,nan,nan,4723127307,4723127314,0,91.0,"[4723127307, 663132500, 4723127314]",59.0,1
204092456,True,tertiary,26.0,770,"LINESTRING (34.8606659 -19.8489244, 34.86091 -19.8489691)",160,58.0,2.0,nan,nan,nan,nan,nan,nan,4723127307,4723127321,0,97.0,"[4723127307, 4723127314, 4723127315, 4723127321]",71.0,1
52014467,True,tertiary,30.0,762,"LINESTRING (34.860679 -19.8486901, 34.8609635 -19.8487143)",157,58.0,2.0,nan,nan,nan,nan,nan,nan,4723127314,4723127315,0,93.0,"[4723127314, 4723127307, 4723127321, 4723127315]",63.0,1
52014467,True,tertiary,190.0,"[298, 299, 972, 111, 764]","LINESTRING (34.8609635 -19.8487143, 34.861201 -19.8487361, 34.8615798 -19.8487809, 34.861959 -19.8488584, 34.8620516 -19.8488874, 34.8627259 -19.849098)",159,58.0,12.0,nan,nan,nan,nan,nan,nan,4723127315,5635142263,0,245.0,"[4723127315, 4723127321, 5635142264, 5635142263]",55.0,1
479166609,True,tertiary_link,35.0,"[768, 769, 771, 765, 766, 767]","LINESTRING (34.86091 -19.8489691, 34.8608732 -19.8489177, 34.8608531 -19.8488698, 34.8608545 -19.8488206, 34.8608732 -19.8487827, 34.8609135 -19.8487424, 34.8609635 -19.8487143)",161,58.0,2.0,nan,nan,nan,nan,nan,nan,4723127315,4723127321,0,88.0,"[4723127315, 4723127314, 4723127307, 4723127321]",53.0,1
204092456,True,tertiary,188.0,"[772, 975]","LINESTRING (34.862669 -19.8492933, 34.861573 -19.8490975, 34.86091 -19.8489691)",228,58.0,12.0,nan,nan,nan,nan,nan,nan,4723127321,5635142264,0,247.0,"[4723127321, 4723127315, 5635142263, 5635142264]",59.0,1
588685762,False,tertiary_link,22.0,840,"LINESTRING (34.8412527 -19.8290687, 34.8411348 -19.8292382)",164,58.0,1.0,nan,nan,nan,nan,nan,nan,5622112469,5622112470,0,255.0,"[5622112469, 5622112471, 5622112472, 5622112470]",233.0,1
172428918,True,tertiary,117.0,"[841, 395, 836]","LINESTRING (34.8403101 -19.8285097, 34.8408288 -19.8288165, 34.84113 -19.8289958, 34.8412527 -19.8290687)",167,58.0,7.0,nan,nan,nan,nan,nan,nan,5622112469,5622112471,0,160.0,"[5622112469, 5622112470, 5622112472, 5622112471]",43.0,1
183114458,True,tertiary,117.0,"[291, 684, 839]","LINESTRING (34.8411348 -19.8292382, 34.8406357 -19.8289394, 34.8403033 -19.8287317, 34.8401992 -19.8286691)",165,58.0,7.0,nan,nan,nan,nan,nan,nan,5622112470,5622112472,0,160.0,"[5622112470, 5622112469, 5622112471, 5622112472]",43.0,1
588685763,False,tertiary_link,21.0,844,"LINESTRING (34.8403101 -19.8285097, 34.8401992 -19.8286691)",168,58.0,1.0,nan,nan,nan,nan,nan,nan,5622112471,5622112472,0,155.0,"[5622112471, 1833347010, 5622112472]",134.0,1
104498606,True,tertiary,96.0,"[241, 244, 853]","LINESTRING (34.8448158 -19.8312071, 34.8449527 -19.8312899, 34.8452916 -19.8314943, 34.8455868 -19.8316685)",170,58.0,6.0,Armando Tivane,nan,nan,nan,nan,nan,5624721170,5624721174,0,140.0,"[5624721170, 5624721171, 5624721175, 5624721174]",44.0,1
589011886,True,tertiary_link,21.0,855,"LINESTRING (34.8448158 -19.8312071, 34.8447086 -19.8313693)",172,58.0,1.0,nan,nan,nan,nan,nan,nan,5624721170,5624721171,0,53.0,"[5624721170, 5624721172, 5624721173, 5624721171]",32.0,1
104498606,True,tertiary,16.0,856,"LINESTRING (34.8448158 -19.8312071, 34.8446891 -19.8311336)",173,58.0,1.0,Armando Tivane,nan,nan,nan,nan,nan,5624721170,5624721172,0,58.0,"[5624721170, 5624721171, 5624721173, 5624721172]",42.0,1
62226382,True,tertiary,16.0,854,"LINESTRING (34.8447086 -19.8313693, 34.8445805 -19.831292)",171,58.0,1.0,Armando Tivane,nan,nan,nan,nan,nan,5624721171,5624721173,0,58.0,"[5624721171, 5624721170, 5624721172, 5624721173]",42.0,1
62226382,True,tertiary,95.0,861,"LINESTRING (34.8447086 -19.8313693, 34.8454612 -19.8318469)",178,58.0,6.0,Armando Tivane,nan,nan,nan,nan,nan,5624721171,5624721175,0,141.0,"[5624721171, 5624721170, 5624721174, 5624721175]",46.0,1
589011888,True,tertiary_link,21.0,857,"LINESTRING (34.8446891 -19.8311336, 34.8445805 -19.831292)",174,58.0,1.0,nan,nan,nan,nan,nan,nan,5624721172,5624721173,0,53.0,"[5624721172, 567932019, 567932023, 5624721173]",32.0,1
589011890,True,tertiary_link,24.0,860,"LINESTRING (34.8455868 -19.8316685, 34.8454612 -19.8318469)",177,58.0,1.0,nan,nan,nan,nan,nan,nan,5624721174,5624721175,0,50.0,"[5624721174, 4715745080, 4715745081, 5624721175]",26.0,1
104498606,True,tertiary,85.0,"[875, 734]","LINESTRING (34.849877 -19.8342261, 34.850211 -19.8344249, 34.8505595 -19.834636)",180,58.0,5.0,Armando Tivane,nan,nan,nan,nan,nan,5624912709,5632591847,0,142.0,"[5624912709, 5624912710, 5632591846, 5632591847]",57.0,1
589030620,True,tertiary_link,30.0,877,"LINESTRING (34.849877 -19.8342261, 34.8497308 -19.8344555)",182,58.0,2.0,nan,nan,nan,nan,nan,nan,5624912709,5624912710,0,62.0,"[5624912709, 4723059930, 4723059929, 5624912710]",32.0,1
62226382,True,tertiary,83.0,"[474, 919]","LINESTRING (34.8504046 -19.8348561, 34.850046 -19.834642, 34.8497308 -19.8344555)",190,58.0,5.0,Armando Tivane,nan,nan,nan,nan,nan,5624912710,5632591846,0,144.0,"[5624912710, 5624912709, 5632591847, 5632591846]",61.0,1
589030621,True,tertiary_link,29.0,879,"LINESTRING (34.848973 -19.8336952, 34.8488116 -19.8339042)",184,58.0,2.0,nan,nan,nan,nan,nan,nan,5624912711,5624912712,0,64.0,"[5624912711, 4715745087, 4715745192, 5624912712]",35.0,1
318655603,False,tertiary,1300.0,"[899, 901, 903, 905, 907, 529, 788, 1059, 420, 1060, 422, 424, 1064, 426, 428, 1071, 1073, 1075, 1080, 1082, 1093, 1095, 1103, 1109]","LINESTRING (34.8592506 -19.8175788, 34.8591502 -19.8178163, 34.8589405 -19.8182879, 34.8586446 -19.8189127, 34.8584484 -19.81934, 34.8582405 -19.8197439, 34.8581091 -19.8200896, 34.8579708 -19.8203512, 34.8579141 -19.8204893, 34.8577599 -19.8208621, 34.8576719 -19.8210913, 34.8576545 -19.821145, 34.8575747 -19.8213918, 34.8575029 -19.8216565, 34.8574509 -19.8219612, 34.8573849 -19.8224867, 34.8572873 -19.8230751, 34.8572651 -19.8232354, 34.8572149 -19.8239002, 34.857177 -19.8242632, 34.8570496 -19.8254818, 34.8570175 -19.8257327, 34.8569363 -19.8263682, 34.8568572 -19.8269883, 34.8566117 -19.8289443)",230,58.0,81.0,nan,nan,nan,nan,nan,nan,5632424987,6355204289,0,,nan,,0
964945085,True,tertiary,132.0,"[909, 1151]","LINESTRING (34.8566117 -19.8289443, 34.8565882 -19.8290736, 34.856489 -19.8301303)",187,58.0,8.0,nan,nan,nan,nan,nan,nan,5632424987,8253130793,0,,nan,,0
589862870,True,tertiary_link,29.0,921,"LINESTRING (34.8504046 -19.8348561, 34.8505595 -19.834636)",192,58.0,2.0,nan,nan,nan,nan,nan,nan,5632591846,5632591847,0,62.0,"[5632591846, 5632591849, 5632591848, 5632591847]",33.0,1
62226382,True,tertiary,17.0,923,"LINESTRING (34.8504046 -19.8348561, 34.850538 -19.8349357)",194,58.0,1.0,Armando Tivane,nan,nan,nan,nan,nan,5632591846,5632591849,0,74.0,"[5632591846, 5632591847, 5632591848, 5632591849]",57.0,1
104498606,True,tertiary,16.0,920,"LINESTRING (34.8505595 -19.834636, 34.8506867 -19.8347131)",191,58.0,1.0,Armando Tivane,nan,nan,nan,nan,nan,5632591847,5632591848,0,75.0,"[5632591847, 5632591846, 5632591849, 5632591848]",59.0,1
104498606,True,tertiary,202.0,"[200, 922, 773]","LINESTRING (34.8506867 -19.8347131, 34.8515985 -19.8352656, 34.8521515 -19.8355983, 34.8523131 -19.8356951)",193,58.0,13.0,Armando Tivane,nan,nan,nan,nan,nan,5632591848,5632591851,0,258.0,"[5632591848, 5632591849, 5632591850, 5632591851]",56.0,1
589862871,True,tertiary_link,29.0,924,"LINESTRING (34.8506867 -19.8347131, 34.850538 -19.8349357)",195,58.0,2.0,nan,nan,nan,nan,nan,nan,5632591848,5632591849,0,62.0,"[5632591848, 5632591847, 5632591846, 5632591849]",33.0,1
62226382,True,tertiary,202.0,"[185, 925, 470]","LINESTRING (34.8521708 -19.8359029, 34.8516152 -19.8355717, 34.8509778 -19.8351983, 34.850538 -19.8349357)",196,58.0,13.0,Armando Tivane,nan,nan,nan,nan,nan,5632591849,5632591850,0,258.0,"[5632591849, 5632591848, 5632591851, 5632591850]",56.0,1
589862872,True,tertiary_link,27.0,927,"LINESTRING (34.8521708 -19.8359029, 34.8523131 -19.8356951)",198,58.0,2.0,nan,nan,nan,nan,nan,nan,5632591850,5632591851,0,62.0,"[5632591850, 5632591853, 5632591852, 5632591851]",35.0,1
62226382,True,tertiary,18.0,929,"LINESTRING (34.8521708 -19.8359029, 34.8523144 -19.8359885)",200,58.0,1.0,Armando Tivane,nan,nan,nan,nan,nan,5632591850,5632591853,0,71.0,"[5632591850, 5632591851, 5632591852, 5632591853]",53.0,1
104498606,True,tertiary,17.0,926,"LINESTRING (34.8523131 -19.8356951, 34.8524532 -19.835779)",197,58.0,1.0,Armando Tivane,nan,nan,nan,nan,nan,5632591851,5632591852,0,72.0,"[5632591851, 5632591850, 5632591853, 5632591852]",55.0,1
104498606,True,tertiary,121.0,"[928, 939, 735]","LINESTRING (34.8524532 -19.835779, 34.8527643 -19.8359718, 34.8531956 -19.8362239, 34.8534311 -19.8363639)",199,58.0,8.0,Armando Tivane,nan,nan,nan,nan,nan,5632591852,5632591855,0,174.0,"[5632591852, 5632591853, 5632591854, 5632591855]",53.0,1
589862873,True,tertiary_link,27.0,930,"LINESTRING (34.8524532 -19.835779, 34.8523144 -19.8359885)",201,58.0,2.0,nan,nan,nan,nan,nan,nan,5632591852,5632591853,0,62.0,"[5632591852, 5632591851, 5632591850, 5632591853]",35.0,1
62226382,True,tertiary,120.0,"[931, 204]","LINESTRING (34.8532848 -19.8365677, 34.8531346 -19.8364775, 34.8523144 -19.8359885)",202,58.0,7.0,Armando Tivane,nan,nan,nan,nan,nan,5632591853,5632591854,0,175.0,"[5632591853, 5632591852, 5632591855, 5632591854]",55.0,1
589862874,True,tertiary_link,27.0,933,"LINESTRING (34.8532848 -19.8365677, 34.8534311 -19.8363639)",204,58.0,2.0,nan,nan,nan,nan,nan,nan,5632591854,5632591855,0,64.0,"[5632591854, 5632591857, 5632591856, 5632591855]",37.0,1
62226382,True,tertiary,19.0,935,"LINESTRING (34.8532848 -19.8365677, 34.8534359 -19.8366584)",206,58.0,1.0,Armando Tivane,nan,nan,nan,nan,nan,5632591854,5632591857,0,72.0,"[5632591854, 5632591855, 5632591856, 5632591857]",53.0,1
104498606,True,tertiary,18.0,932,"LINESTRING (34.8534311 -19.8363639, 34.8535791 -19.8364518)",203,58.0,1.0,Armando Tivane,nan,nan,nan,nan,nan,5632591855,5632591856,0,73.0,"[5632591855, 5632591854, 5632591857, 5632591856]",55.0,1
104498606,True,tertiary,155.0,"[188, 934]","LINESTRING (34.8535791 -19.8364518, 34.8544555 -19.8369707, 34.8548329 -19.8371965)",205,58.0,10.0,Armando Tivane,nan,nan,nan,nan,nan,5632591856,5632591858,0,209.0,"[5632591856, 5632591857, 4723043852, 5632591858]",54.0,1
589862875,True,tertiary_link,27.0,936,"LINESTRING (34.8535791 -19.8364518, 34.8534359 -19.8366584)",207,58.0,2.0,nan,nan,nan,nan,nan,nan,5632591856,5632591857,0,64.0,"[5632591856, 5632591855, 5632591854, 5632591857]",37.0,1
44785313,True,tertiary,48.0,"[65, 259, 292, 293, 943]","LINESTRING (34.8541894 -19.8474778, 34.8542748 -19.8474445, 34.8543665 -19.8474332, 34.8544582 -19.8474449, 34.8545434 -19.8474786, 34.8546164 -19.847532)",210,58.0,3.0,nan,nan,nan,nan,roundabout,nan,5632800151,5633351964,0,181.0,"[5632800151, 6426615641, 567932048, 5633351964]",133.0,1
44785313,True,tertiary,44.0,"[940, 715, 1124, 294]","LINESTRING (34.854019 -19.8478196, 34.8540181 -19.8477136, 34.8540491 -19.84762, 34.8541079 -19.847539, 34.8541894 -19.8474778)",235,58.0,3.0,nan,nan,nan,nan,roundabout,nan,5632800151,6426615641,0,185.0,"[5632800151, 567933779, 6426615641]",141.0,1
589896890,False,tertiary_link,17.0,951,"LINESTRING (34.8547396 -19.8437752, 34.854903 -19.8437914)",214,58.0,1.0,nan,nan,nan,nan,nan,nan,5632800155,5632800156,0,382.0,"[5632800155, 5632800162, 5632800161, 5632800156]",365.0,1
62226384,True,tertiary,182.0,"[1089, 1091, 953, 948]","LINESTRING (34.8547396 -19.8437752, 34.8547547 -19.8435876, 34.8548166 -19.8430236, 34.854885 -19.8424527, 34.8549205 -19.8421358)",213,60.0,11.0,Avenida 24 de Julho,60,2,praca da independencia e dos professores,nan,nan,5632800155,5632800162,0,217.0,"[5632800155, 5632800156, 5632800161, 5632800162]",35.0,1
62229137,True,tertiary,183.0,"[965, 957, 952]","LINESTRING (34.8550809 -19.8421499, 34.8550731 -19.8422287, 34.8549937 -19.8430261, 34.854903 -19.8437914)",219,58.0,11.0,Avenida 24 de Julho,nan,nan,nan,nan,nan,5632800156,5632800161,0,216.0,"[5632800156, 5632800155, 5632800162, 5632800161]",33.0,1
589896891,True,tertiary_link,17.0,956,"LINESTRING (34.8549395 -19.8419876, 34.8550995 -19.8420029)",218,58.0,1.0,nan,nan,nan,nan,nan,nan,5632800159,5632800160,0,50.0,"[5632800159, 5632800162, 5632800161, 5632800160]",33.0,1
62226384,True,tertiary,17.0,958,"LINESTRING (34.8549395 -19.8419876, 34.8549205 -19.8421358)",220,60.0,1.0,Avenida 24 de Julho,60,2,praca da independencia e dos professores,nan,nan,5632800159,5632800162,0,50.0,"[5632800159, 5632800160, 5632800161, 5632800162]",33.0,1
62229137,True,tertiary,16.0,955,"LINESTRING (34.8550995 -19.8420029, 34.8550809 -19.8421499)",217,58.0,1.0,Avenida 24 de Julho,nan,nan,nan,nan,nan,5632800160,5632800161,0,51.0,"[5632800160, 5632800159, 5632800162, 5632800161]",35.0,1
589896892,True,tertiary_link,17.0,959,"LINESTRING (34.8550809 -19.8421499, 34.8549205 -19.8421358)",221,58.0,1.0,nan,nan,nan,nan,nan,nan,5632800161,5632800162,0,50.0,"[5632800161, 5632800156, 5632800155, 5632800162]",33.0,1
62229137,True,tertiary,184.0,"[960, 257, 712, 947, 349, 255]","LINESTRING (34.8546691 -19.8458859, 34.8546192 -19.8463696, 34.8545321 -19.846933, 34.854539 -19.8471216, 34.8545564 -19.8472663, 34.8545902 -19.8474215, 34.8546164 -19.847532)",222,58.0,11.0,Avenida 24 de Julho,nan,nan,nan,nan,nan,5632800164,5633351964,0,249.0,"[5632800164, 663133292, 5632800151, 5633351964]",65.0,1
590190919,False,tertiary_link,22.0,976,"LINESTRING (34.8627259 -19.849098, 34.862669 -19.8492933)",227,58.0,1.0,nan,nan,nan,nan,nan,nan,5635142263,5635142264,0,242.0,"[5635142263, 2141099647, 5635142264]",220.0,1
407458648,True,secondary,9.0,1084,"LINESTRING (34.8622913 -19.8324256, 34.8622819 -19.8325019)",232,0.0,inf,Rua Alfredo Lawley,nan,nan,nan,nan,nan,6416932948,6416932949,0,138.0,"[6416932948, 4095037839, 6416932944, 1935839907, 6416932949]",129.0,1
887679158,True,secondary,6.0,"[1152, 1171]","LINESTRING (34.856489 -19.8301303, 34.8564976 -19.8301581, 34.8564976 -19.8301871)",237,0.0,inf,nan,nan,nan,nan,roundabout,nan,8253130793,8253130811,0,64.0,"[8253130793, 8253130794, 8253130802, 8253130795, 8253130813, 8253130811]",58.0,1
887679158,True,secondary,19.0,"[1154, 1166, 1167, 1168, 1169, 1170]","LINESTRING (34.8563321 -19.8300866, 34.8563601 -19.8300747, 34.8563907 -19.8300706, 34.8564211 -19.8300748, 34.8564491 -19.8300869, 34.8564724 -19.8301059, 34.856489 -19.8301303)",239,0.0,inf,nan,nan,nan,nan,roundabout,nan,8253130793,8253130794,0,51.0,"[8253130793, 8253130811, 8253130813, 8253130795, 8253130802, 8253130794]",32.0,1
887679158,True,secondary,10.0,"[1163, 1164, 1165]","LINESTRING (34.8562833 -19.8301577, 34.856292 -19.8301299, 34.8563088 -19.8301056, 34.8563321 -19.8300866)",242,0.0,inf,nan,nan,nan,nan,roundabout,nan,8253130794,8253130802,0,60.0,"[8253130794, 776741680, 4094281341, 4094281337, 8253130802]",50.0,1
887679158,True,secondary,10.0,"[1160, 1161, 1155]","LINESTRING (34.8563085 -19.830239, 34.8562919 -19.8302145, 34.8562832 -19.8301867, 34.8562833 -19.8301577)",240,0.0,inf,nan,nan,nan,nan,roundabout,nan,8253130795,8253130802,0,60.0,"[8253130795, 8253130813, 8253130811, 8253130793, 8253130794, 8253130802]",50.0,1
887679158,True,secondary,19.0,"[1156, 1157, 1158, 1159, 1176, 1177]","LINESTRING (34.8564721 -19.8302393, 34.8564488 -19.8302582, 34.8564207 -19.8302702, 34.8563902 -19.8302743, 34.8563597 -19.8302701, 34.8563317 -19.830258, 34.8563085 -19.830239)",246,0.0,inf,nan,nan,nan,nan,roundabout,nan,8253130795,8253130813,0,51.0,"[8253130795, 776522008, 776521967, 8253130813]",32.0,1
887679158,True,secondary,6.0,"[1173, 1174]","LINESTRING (34.8564976 -19.8301871, 34.8564888 -19.8302149, 34.8564721 -19.8302393)",244,0.0,inf,nan,nan,nan,nan,roundabout,nan,8253130811,8253130813,0,64.0,"[8253130811, 776521998, 776521982, 776521967, 8253130813]",58.0,1
1060517269,False,tertiary_link,23.0,1183,"LINESTRING (34.8375838 -19.8269163, 34.8374725 -19.8270995)",250,58.0,1.0,nan,nan,nan,nan,nan,nan,9743549768,9743549769,0,246.0,"[9743549768, 1934772679, 9743549769]",223.0,1
