u,v,key,osmid,oneway,lanes,ref,highway,maxspeed,reversed,length,rfid_c,rfid,avgspeed,time,bridge,RP100_me,RP100_fr,RP1000_me,RP1000_fr,dam_RP1000_HZ_segments,dam_RP1000_HZ,dam_RP100_HZ_segments,dam_RP100_HZ,risk_HZ_segments,risk_HZ,name,junction
42002848,3510081992,0,435722626,True,3,N2,trunk,80,False,226.857,"[1, 1607]",1,80.0,0.003,nan,1.0,1.0,1.0,1.0,"[nan, 17623.7]",17623.7,"[nan, 17623.7]",17623.7,"[0.0, 1850.49]",1850.49,nan,nan
42002848,42005643,0,72400805,True,2,N2,trunk,80,False,334.93,"[6, 1608, 1771, 1015, 1016]",4,80.0,0.004,nan,,1.0,,1.0,"[nan, nan, nan, nan, nan]",0.0,"[nan, nan, nan, nan, nan]",0.0,"[0.0, 0.0, 0.0, 0.0, 0.0]",0.0,nan,nan
42002848,2832217848,0,"[720205318, 284802951]",True,1,A79,motorway_link,80,False,557.7090000000001,"[1697, 1698, 5, 1772, 1709, 1710, 1900, 1621, 1368, 1370, 1695]",99,80.0,0.007,nan,2.8376068376068377,1.0,3.5080645161290325,1.0,"[5499.16, 7785.49, 4383.45, nan, nan, nan, nan, 4233.08, nan, 2619.32, 5112.73]",29633.23,"[5106.36, 7375.72, 3973.48, nan, nan, nan, nan, 3459.03, nan, 2077.4, 4397.92]",26389.91,"[538.33, 776.7, 419.47, 0.0, 0.0, 0.0, 0.0, 367.46, 0.0, 221.11, 465.71]",2788.78,nan,nan
42003549,1912827603,0,"[382923864, 215573156]",True,"['2', '3']",A79,motorway,100,False,429.50999999999993,"[1600, 1601, 2, 1732, 933, 1832, 1290, 1739, 1292, 1738, 1295, 1296, 1359, 1754, 1756]",2,100.0,0.004,nan,4.592039800995025,1.0,4.892018779342723,1.0,"[9321.3, 10614.15, nan, 7067.7, 7336.54, 6937.9, 11127.04, 13336.2, 28620.55, 6260.4, 9804.55, 15059.1, 11869.6, nan, nan]",137355.03,"[9321.3, 10614.15, nan, 14135.4, 7329.81, 6501.99, 26435.36, 12002.58, 28520.13, 5122.15, 9804.55, 14793.35, 15578.85, nan, nan]",160159.62,"[978.74, 1114.49, 0.0, 1445.34, 769.67, 685.11, 2691.52, 1267.61, 2995.17, 544.09, 1029.48, 1554.76, 1615.38, 0.0, 0.0]",16691.36,nan,nan
42003549,2119022099,0,"[337060729, 254696086, 7125689, 7125692, 1093098142]",True,2,A2,motorway,100,False,603.4239999999999,"[3, 4, 7, 9, 10, 12, 20, 1558, 1560, 1821, 1822, 934, 1322, 1581, 1352, 1747, 1751, 1758, 1761, 1514, 1007, 1008, 1272]",3,100.0,0.006,"['yes', 'viaduct']",4.51,1.0,4.539823008849558,1.0,"[nan, nan, 7063.7, 5924.36, nan, nan, nan, 3379.67, 5681.81, nan, nan, 4930.45, nan, 5417.65, nan, 7765.45, 4976.49, 6541.5, nan, 9314.55, nan, 7248.15, nan]",68243.78,"[nan, nan, 7063.7, nan, nan, nan, nan, 2706.83, 4800.15, nan, nan, 4930.45, nan, 5108.07, nan, nan, 4793.87, 6541.5, nan, 9314.55, nan, 7248.15, nan]",52507.27,"[0.0, 0.0, 741.69, 32.58, 0.0, 0.0, 0.0, 287.92, 508.86, 0.0, 0.0, 517.7, 0.0, 538.05, 0.0, 42.71, 504.36, 686.86, 0.0, 978.03, 0.0, 761.06, 0.0]",5599.82,nan,nan
42003549,5284280680,0,425176802,True,4,A2,motorway,100,False,446.129,"[1488, 1752, 1755, 1757, 1759]",111,100.0,0.004,nan,3.2711864406779663,1.0,4.246666666666667,1.0,"[32947.61, 44956.5, 31445.38, 39166.6, 65313.66]",213829.75,"[24020.82, 44553.66, 26646.94, 27416.62, 62714.97]",185353.01,"[2571.28, 4680.35, 2824.32, 2943.37, 6599.36]",19618.68,nan,nan
42005643,2178785463,0,294242089,True,1,N2,trunk_link,80,False,416.235,"[1288, 905, 8, 1880, 1781, 1879, 1304]",93,80.0,0.005,nan,,1.0,,1.0,"[nan, nan, nan, nan, nan, nan, nan]",0.0,"[nan, nan, nan, nan, nan, nan, nan]",0.0,"[0.0, 0.0, 0.0, 0.0, 0.0, 0.0, 0.0]",0.0,nan,nan
42005643,2587147871,0,"[337060740, 337060741, 462397446]",True,1,N2,trunk,"['100', '80']",False,463.95500000000004,"[1602, 1347, 1604, 1603, 1515, 1420, 1421, 1521, 1778, 1779, 1780, 1366, 1531]",97,90.0,0.005,viaduct,3.5390070921985815,1.0,4.6938775510204085,1.0,"[3931.52, nan, 4372.2, 7583.45, 6098.92, 6319.78, 6522.42, nan, nan, 3575.6, 4984.7, 4759.97, nan]",48148.56,"[2752.06, nan, nan, 6286.92, 5757.39, 5898.46, 5895.27, nan, nan, 3188.24, 4984.7, 3025.81, nan]",37788.85,"[295.45, 0.0, 24.05, 667.26, 606.4, 621.66, 622.45, 0.0, 0.0, 336.9, 523.39, 327.25, 0.0]",4024.81,nan,nan
42009257,42010565,0,"[6779692, 587459364, 6779686, 6779687]",True,"['2', '3']",nan,primary,50,False,90.18,"[1568, 1773, 14, 2128, 17, 24]",5,50.0,0.002,yes,3.5833333333333335,1.0,3.923076923076923,1.0,"[nan, 5455.45, nan, nan, nan, 4222.04]",9677.49,"[nan, 5101.2, nan, nan, nan, 4222.04]",9323.24,"[0.0, 537.57, 0.0, 0.0, 0.0, 443.31]",980.88,Nieuwe Limmelderweg,nan
42009257,42012660,0,"[6779728, 1094522126]",True,1,A79,motorway_link,100,False,389.17900000000003,"[1504, 34, 2663, 2414, 15, 1232, 2417, 2418, 19, 2419, 2415, 22, 2416, 25, 1563, 30]",6,100.0,0.004,nan,2.1538461538461537,1.0,3.95,1.0,"[7254.0, 5766.39, nan, 7461.83, nan, nan, 1811.63, 2147.63, nan, 1994.86, 2187.03, 1652.79, 2529.35, 1792.37, nan, 3621.32]",38219.2,"[4598.3, 3737.48, nan, 11192.74, nan, nan, 1811.63, 2147.63, nan, 2244.22, 2378.19, 1652.79, 2151.66, nan, nan, 4764.9]",36679.54,"[497.43, 403.59, 0.0, 1154.72, 0.0, 0.0, 190.22, 225.5, 0.0, 234.27, 248.66, 173.54, 228.0, 9.86, 0.0, 494.02]",3859.81,nan,nan
42009257,3475088037,0,340425125,True,1,nan,motorway_link,50,False,8.181,1575,107,50.0,0.0,nan,,1.0,,1.0,[nan],0.0,[nan],0.0,[0.0],0.0,nan,nan
42010565,3475087790,0,241265004,True,1,nan,motorway_link,50,False,8.426,27,7,50.0,0.0,nan,,1.0,,1.0,[nan],0.0,[nan],0.0,[0.0],0.0,nan,nan
42010565,3441582576,0,"[587459368, 337060734]",True,2,nan,primary,50,False,185.361,"[1538, 1540, 1541, 1542, 1543, 1544, 1547, 1548, 1549, 1550, 1551, 1552, 1553, 1938, 1939, 1940, 1937, 28, 1744, 1746]",8,50.0,0.004,nan,2.0714285714285716,1.0,3.210526315789474,1.0,"[nan, nan, 2758.28, nan, nan, nan, nan, 2339.57, nan, nan, nan, 1417.21, nan, nan, nan, nan, 682.5, nan, 2195.54, nan]",9393.1,"[nan, nan, 2475.38, nan, nan, nan, nan, 1957.14, nan, nan, nan, 1417.21, nan, nan, nan, nan, 812.5, nan, 1719.22, nan]",8381.45,"[0.0, 0.0, 261.47, 0.0, 0.0, 0.0, 0.0, 207.6, 0.0, 0.0, 0.0, 148.81, 0.0, 0.0, 0.0, 0.0, 84.6, 0.0, 183.14, 0.0]",885.62,Nieuwe Limmelderweg,nan
42010565,42012783,0,"[6779730, 587459362]",True,"['2', '1']",A79,motorway_link,100,False,380.95700000000005,"[32, 36, 1701, 1702, 1700, 40, 1769, 2662, 1006, 1233, 2130]",11,100.0,0.004,nan,3.388235294117647,1.0,4.493243243243243,1.0,"[nan, 6323.36, 6208.82, 4317.43, nan, 7739.55, 13281.1, nan, nan, nan, nan]",37870.26,"[nan, 6066.31, 5850.62, 3091.39, nan, nan, 8694.97, nan, nan, nan, nan]",23703.29,"[0.0, 638.38, 616.29, 331.34, 0.0, 42.57, 938.2, 0.0, 0.0, 0.0, 0.0]",2566.78,nan,nan
42012660,42017065,0,"[435722624, 471789767, 6779722, 6779723, 6779084, 6779087, 85694896, 6779089, 508822928, 85694899, 6779102]",True,"['2', '3']",A79,motorway,100,False,2280.4910000000004,"[128, 131, 143, 1682, 147, 1684, 1686, 1687, 1690, 155, 158, 160, 161, 2084, 38, 2086, 1835, 1836, 1837, 1838, 1839, 1840, 1841, 50, 1842, 1843, 58, 65, 1605, 2250, 2251, 2252, 77, 2253, 2254, 2255, 80, 74, 2388, 1111, 1112, 90, 2396, 1117, 2397, 1118, 1119, 98, 1122, 1124, 1131, 1005, 114, 116, 2421, 2422, 118, 121]",9,100.0,0.023,"['yes', 'viaduct']",3.6783783783783783,1.0,4.262019230769231,1.0,"[nan, nan, 6765.29, nan, nan, nan, 16153.65, 6833.05, 15615.45, 3830.08, nan, nan, nan, nan, 28404.45, nan, 10945.35, 10608.3, 3631.05, 5023.04, nan, nan, nan, 15178.05, nan, nan, 6197.85, 19875.6, 17676.75, nan, 5447.37, 4971.25, 9594.2, 9637.6, nan, nan, nan, nan, nan, nan, 4459.43, nan, 10119.6, nan, 16942.95, 4253.34, nan, 5630.91, 3024.97, nan, nan, nan, nan, nan, nan, nan, nan, nan]",240819.58,"[nan, nan, 4345.12, nan, nan, nan, 16153.65, 3244.47, 26125.85, nan, nan, nan, nan, nan, 23796.62, nan, 25843.19, 10608.3, 3631.05, 3235.87, nan, nan, nan, 14102.94, nan, nan, 15494.62, 19875.6, 43455.34, nan, 3876.24, 3060.83, 8735.77, 6644.87, nan, nan, nan, nan, nan, nan, 3268.25, nan, 10119.6, nan, 15006.61, 4362.4, nan, nan, nan, nan, nan, nan, nan, nan, nan, nan, nan, nan]",264987.19,"[0.0, 0.0, 469.55, 0.0, 0.0, 0.0, 1696.13, 360.41, 2685.41, 21.07, 0.0, 0.0, 0.0, 0.0, 2523.99, 0.0, 2631.6, 1113.87, 381.26, 349.6, 0.0, 0.0, 0.0, 1486.72, 0.0, 0.0, 1575.8, 2086.94, 4421.03, 0.0, 415.65, 331.89, 921.98, 714.17, 0.0, 0.0, 0.0, 0.0, 0.0, 0.0, 349.72, 0.0, 1062.56, 0.0, 1586.34, 457.45, 0.0, 30.97, 16.64, 0.0, 0.0, 0.0, 0.0, 0.0, 0.0, 0.0, 0.0, 0.0]",27690.75,nan,nan
42012660,1912827603,0,337017270,True,2,A79,motorway,100,False,643.9679999999998,"[33, 1506, 1833, 1834, 1584, 1586, 18, 29, 1237, 23, 1689, 989, 2398]",85,100.0,0.006,nan,1.4782608695652173,1.0,3.5661764705882355,1.0,"[20488.76, 25515.2, 7389.49, 5467.22, 8534.4, 9647.8, nan, 11082.91, 7244.65, nan, 7004.55, 14866.4, 23987.17]",141228.55,"[10234.43, 14748.96, 4457.53, nan, 5457.52, 4493.8, nan, nan, 4191.55, nan, nan, nan, 13109.8]",56693.59,"[1131.01, 1607.86, 484.17, 30.07, 589.96, 500.2, 0.0, 60.96, 456.9, 0.0, 38.53, 81.77, 1436.35]",6417.78,nan,nan
42012783,2832217848,0,"[132365576, 6779729]",True,2,A79,motorway,100,False,818.9169999999999,"[37, 1703, 39, 1705, 1704, 11, 13, 16, 1010, 2420, 21, 1017, 26, 2491, 31]",10,100.0,0.008,nan,1.8413461538461537,1.0,3.310272536687631,1.0,"[15528.26, 6605.25, 21745.54, 18844.42, 7508.18, 2907.45, 9530.28, 23707.59, 8199.81, 5585.29, 15394.56, 26595.14, 12891.87, 34059.64, 12045.62]",221148.9,"[9133.35, 5166.78, nan, 11104.75, 5960.44, nan, nan, 26276.88, 8720.04, 3736.37, 12631.07, nan, 15376.76, 26335.08, 8919.12]",133360.64,"[994.17, 550.42, 119.6, 1208.57, 634.36, 15.99, 52.42, 2744.94, 912.74, 402.49, 1341.46, 146.27, 1600.89, 2807.67, 953.7]",14485.69,nan,nan
42012783,10024605460,0,"[1094520673, 1094520674, 6779749, 435562863, 85694897, 85694898, 6779091, 153020405, 6779097, 6779099, 6779742]",True,"['2', '3']",A79,motorway,100,False,2210.7139999999995,"[130, 135, 136, 137, 142, 2452, 2453, 1685, 1688, 153, 157, 159, 2083, 2085, 166, 167, 168, 165, 2727, 53, 60, 2119, 2120, 2121, 2122, 2123, 2124, 2125, 2126, 84, 85, 86, 985, 2393, 2394, 92, 1113, 1116, 1115, 1120, 1121, 1114, 988, 1125, 2411, 2412, 2413, 112, 1009, 2423]",124,100.0,0.022,"['viaduct', 'yes']",1.781954887218045,1.0,2.652439024390244,1.0,"[5723.85, 3849.49, 19340.37, 3834.5, 4233.6, nan, nan, 12589.45, 13220.07, 29200.87, 8926.43, 18341.22, 19911.91, nan, nan, 5579.38, 2010.08, nan, 5285.28, 16588.6, 21324.6, 3585.18, 6469.17, nan, nan, 4499.97, nan, 6686.3, nan, nan, 14630.56, nan, 4076.92, nan, 7505.23, nan, 4182.0, 3562.4, 6410.08, nan, 11388.95, nan, 15017.85, 3296.18, 14760.45, 14782.5, 11552.48, 2735.62, 20343.2, nan]",345444.74,"[5093.26, nan, 24075.98, 3834.5, 4233.6, nan, nan, 5565.86, 9302.65, 37845.88, 10626.7, 17633.53, 18855.36, nan, nan, 5579.38, nan, nan, 4295.98, nan, 17185.12, 3585.18, 6469.17, nan, nan, 4156.87, nan, nan, nan, nan, 8009.29, nan, 4076.92, nan, 7505.23, nan, nan, nan, 7631.05, nan, nan, nan, 10117.29, 3924.02, 7734.48, 12996.28, nan, 2273.76, nan, nan]",242607.34,"[538.26, 21.17, 2501.93, 402.62, 444.53, 0.0, 0.0, 623.05, 998.32, 3926.27, 1106.45, 1855.41, 1985.62, 0.0, 0.0, 585.83, 11.06, 0.0, 456.52, 91.24, 1827.2, 376.44, 679.26, 0.0, 0.0, 438.36, 0.0, 36.77, 0.0, 0.0, 877.39, 0.0, 428.08, 0.0, 788.05, 0.0, 23.0, 19.59, 794.54, 0.0, 62.64, 0.0, 1089.27, 408.57, 850.76, 1374.43, 63.54, 241.29, 111.89, 0.0]",26039.35,nan,nan
42016160,8626619502,0,"[182723360, 144158799]",True,nan,nan,secondary,50,False,40.647,"[2080, 66, 1945, 69, 72, 73, 882, 951, 952, 953, 1946, 1947, 63]",12,50.0,0.001,nan,1.0,1.0,1.7222222222222223,1.0,"[324.97, 409.37, nan, 481.46, nan, nan, 525.48, 338.69, 526.79, 482.48, 365.62, 340.01, 414.33]",4209.2,"[295.42, 339.35, nan, 370.35, nan, nan, 404.21, nan, 405.22, nan, 236.25, nan, 318.71]",2369.51,"[31.18, 36.02, 0.0, 39.5, 0.0, 0.0, 43.11, 1.86, 43.22, 2.65, 25.52, 1.87, 33.99]",258.92,Witte Hoek,roundabout
42016160,3441582576,0,"[459840416, 182723268, 587459367, 178160302, 224450608]",False,2,nan,secondary,50,False,435.00999999999993,"[1792, 1537, 1794, 1796, 1798, 1800, 1802, 1804, 1806, 1808, 1554, 1810, 1812, 1556, 1814, 1816, 1786, 1566, 1569, 1572, 1788, 41, 44, 51, 54, 2111, 1235, 1372, 1374, 1376, 1378, 1381, 1383, 2664, 1385, 2666, 1387, 1390, 1392, 1394, 1266, 1396, 1398, 1400, 1402, 1404, 1790]",104,50.0,0.009,nan,2.933333333333333,1.0,3.911764705882353,1.0,"[nan, 1121.55, nan, nan, nan, nan, nan, nan, nan, nan, nan, nan, nan, nan, nan, nan, nan, nan, 539.33, 1069.38, nan, 2073.99, 10956.55, 1258.42, 1864.35, 11191.07, 4926.44, nan, nan, nan, nan, 600.93, nan, 1105.88, 600.64, 2308.59, nan, nan, nan, nan, 1511.02, nan, nan, nan, 548.95, nan, nan]",41677.09,"[nan, 1325.46, nan, nan, nan, nan, nan, nan, nan, nan, nan, nan, nan, nan, nan, nan, nan, nan, 447.08, 690.98, nan, 2469.04, 9137.2, 1101.12, 3728.7, 10021.27, 3740.07, nan, nan, nan, nan, nan, nan, 1843.12, nan, 1346.13, nan, nan, nan, nan, 945.19, nan, nan, nan, nan, nan, nan]",36795.36,"[0.0, 138.05, 0.0, 0.0, 0.0, 0.0, 0.0, 0.0, 0.0, 0.0, 0.0, 0.0, 0.0, 0.0, 0.0, 0.0, 0.0, 0.0, 47.45, 74.63, 0.0, 257.08, 969.41, 116.48, 381.26, 1058.67, 399.23, 0.0, 0.0, 0.0, 0.0, 3.31, 0.0, 189.47, 3.3, 146.64, 0.0, 0.0, 0.0, 0.0, 102.36, 0.0, 0.0, 0.0, 3.02, 0.0, 0.0]",3890.36,Ambyerweg,nan
42016160,931725785,0,"[182723360, 182723353]",True,nan,nan,secondary,50,False,42.17400000000001,"[67, 996, 68, 71, 1950, 61, 950, 954, 955, 1948, 1949, 62, 2079]",73,50.0,0.001,nan,,1.0,1.75,1.0,"[358.94, nan, 397.94, nan, 461.13, 292.67, 537.98, 340.96, 404.59, 386.92, 358.58, 572.76, 449.13]",4561.6,"[nan, nan, nan, nan, nan, nan, nan, nan, nan, nan, nan, nan, nan]",0.0,"[1.97, 0.0, 2.19, 0.0, 2.54, 1.61, 2.96, 1.88, 2.23, 2.13, 1.97, 3.15, 2.47]",25.1,Witte Hoek,roundabout
42016633,42017065,0,"[6779100, 1094520676, 465432950]",True,1,A79,motorway_link,"['100', '80']",False,445.435,"[70, 1655, 75, 880, 79, 1648, 1649, 1650, 1011, 1651, 1652, 1647, 1653, 1654, 1012]",15,90.0,0.005,nan,,1.0,,1.0,"[nan, nan, nan, nan, nan, nan, nan, nan, nan, nan, nan, nan, nan, nan, nan]",0.0,"[nan, nan, nan, nan, nan, nan, nan, nan, nan, nan, nan, nan, nan, nan, nan]",0.0,"[0.0, 0.0, 0.0, 0.0, 0.0, 0.0, 0.0, 0.0, 0.0, 0.0, 0.0, 0.0, 0.0, 0.0, 0.0]",0.0,nan,nan
42017065,355917887,0,"[6779104, 6779079, 6779080, 6779082, 948868234, 6778579]",True,2,A79,motorway,100,False,1141.7720000000002,"[1683, 2198, 2204, 2205, 2206, 2207, 2233, 2234, 2235, 2238, 2239, 2245, 78, 2384, 2385, 2386, 83, 986, 987, 95, 97, 1123, 103, 1129, 110, 1136, 113, 115, 119, 122, 126, 127]",14,100.0,0.011,yes,4.571428571428571,1.0,4.785714285714286,1.0,"[nan, nan, nan, nan, nan, nan, nan, nan, nan, nan, nan, nan, nan, nan, nan, nan, nan, nan, nan, 12028.84, nan, nan, 23791.6, nan, nan, nan, nan, nan, nan, nan, nan, nan]",35820.44,"[nan, nan, nan, nan, nan, nan, nan, nan, nan, nan, nan, nan, nan, nan, nan, nan, nan, nan, nan, 7772.48, nan, nan, 23425.58, nan, nan, nan, nan, nan, nan, nan, nan, nan]",31198.06,"[0.0, 0.0, 0.0, 0.0, 0.0, 0.0, 0.0, 0.0, 0.0, 0.0, 0.0, 0.0, 0.0, 0.0, 0.0, 0.0, 0.0, 0.0, 0.0, 839.52, 0.0, 0.0, 2461.7, 0.0, 0.0, 0.0, 0.0, 0.0, 0.0, 0.0, 0.0, 0.0]",3301.22,nan,nan
42017884,931725785,0,6779711,True,nan,nan,secondary,50,False,77.825,"[2176, 2177, 2178, 101, 1418, 1258, 76, 2192, 82, 2175]",16,50.0,0.002,nan,1.0,1.0,1.7142857142857142,1.0,"[nan, 365.9, nan, nan, nan, 1162.18, 950.39, nan, nan, nan]",2478.47,"[nan, nan, nan, nan, nan, 650.82, 761.76, nan, nan, nan]",1412.58,"[0.0, 2.01, 0.0, 0.0, 0.0, 71.15, 81.02, 0.0, 0.0, 0.0]",154.18,Maastrichterweg,nan
42017884,298438528,0,"[6779681, 282707716, 1095936805, 1095936806, 1095936807, 6779717, 6779695, 1257131992, 6779707, 27195324]",False,"['2', '3']",nan,secondary,"['50', '80']",True,1162.601,"[2432, 1409, 1411, 1413, 1416, 1677, 1679, 2319, 1681, 145, 2321, 2455, 2073, 2457, 2075, 1819, 2459, 1694, 163, 2470, 2087, 2472, 2474, 2476, 2478, 174, 2480, 176, 2482, 178, 2484, 180, 182, 184, 186, 189, 1597, 192, 1090, 194, 1092, 198, 1094, 1096, 202, 1098, 204, 1100, 209, 874, 875, 2669, 888, 891, 124, 1407]",56,65.0,0.018,yes,1.3333333333333333,1.0,1.896103896103896,1.0,"[3720.72, nan, nan, nan, 3089.02, nan, nan, nan, nan, nan, nan, nan, nan, nan, nan, nan, nan, nan, nan, nan, nan, nan, 2410.04, 3549.97, nan, nan, nan, 6171.39, nan, nan, nan, nan, nan, nan, nan, nan, nan, nan, nan, nan, nan, nan, nan, nan, nan, nan, nan, nan, 2880.18, 3026.13, 2616.31, nan, 3928.98, nan, 2468.25, nan]",33860.99,"[nan, nan, nan, nan, nan, nan, nan, nan, nan, nan, nan, nan, nan, nan, nan, nan, nan, nan, nan, nan, nan, nan, nan, nan, nan, nan, nan, 5657.11, nan, nan, nan, nan, nan, nan, nan, nan, nan, nan, nan, nan, nan, nan, nan, nan, nan, nan, nan, nan, nan, nan, nan, nan, nan, nan, 2468.25, nan]",8125.36,"[20.46, 0.0, 0.0, 0.0, 16.99, 0.0, 0.0, 0.0, 0.0, 0.0, 0.0, 0.0, 0.0, 0.0, 0.0, 0.0, 0.0, 0.0, 0.0, 0.0, 0.0, 0.0, 13.26, 19.52, 0.0, 0.0, 0.0, 596.83, 0.0, 0.0, 0.0, 0.0, 0.0, 0.0, 0.0, 0.0, 0.0, 0.0, 0.0, 0.0, 0.0, 0.0, 0.0, 0.0, 0.0, 0.0, 0.0, 0.0, 15.84, 16.64, 14.39, 0.0, 21.61, 0.0, 259.17, 0.0]",994.71,Maastrichterweg,nan
42017884,8626619502,0,930370384,True,nan,nan,secondary,50,False,72.12799999999999,"[2179, 2180, 2181, 2182, 2183, 2184, 2185, 2186, 2187, 2189, 2190, 2191, 2174]",118,50.0,0.001,nan,1.5,1.0,2.4545454545454546,1.0,"[nan, nan, nan, nan, nan, nan, 583.05, 939.26, 495.9, nan, nan, 510.66, 926.99]",3455.86,"[nan, nan, nan, nan, nan, nan, nan, 626.17, 287.28, nan, nan, 268.1, 670.7]",1852.25,"[0.0, 0.0, 0.0, 0.0, 0.0, 0.0, 3.21, 67.47, 31.31, 0.0, 0.0, 29.48, 71.83]",203.3,Maastrichterweg,nan
42019168,10024605460,0,"[1094520675, 6779093, 465432959]",True,1,A79,motorway_link,"['60', '130']",False,237.585,"[132, 100, 1126, 1127, 1737, 1657, 883, 149, 1656, 94, 1658, 1659, 1660, 894]",18,95.0,0.003,nan,,1.0,,1.0,"[nan, nan, nan, nan, nan, nan, nan, nan, nan, nan, nan, nan, nan, nan]",0.0,"[nan, nan, nan, nan, nan, nan, nan, nan, nan, nan, nan, nan, nan, nan]",0.0,"[0.0, 0.0, 0.0, 0.0, 0.0, 0.0, 0.0, 0.0, 0.0, 0.0, 0.0, 0.0, 0.0, 0.0]",0.0,nan,nan
42020189,860028311,0,"[435551043, 465432964, 1094519679]",True,1,A79,motorway_link,"['100', '80']",False,684.285,"[1664, 1665, 1666, 1667, 1668, 1669, 1670, 1671, 1672, 1673, 1674, 146, 148, 151, 152, 154, 922, 156, 164, 169, 1591, 980, 981, 982, 1130, 1138, 1661, 1662, 1663]",72,90.0,0.008,nan,,1.0,1.0,1.0,"[nan, nan, nan, nan, nan, nan, nan, nan, nan, nan, nan, nan, nan, nan, 17645.22, nan, nan, nan, nan, nan, nan, nan, nan, nan, nan, nan, nan, nan, nan]",17645.22,"[nan, nan, nan, nan, nan, nan, nan, nan, nan, nan, nan, nan, nan, nan, nan, nan, nan, nan, nan, nan, nan, nan, nan, nan, nan, nan, nan, nan, nan]",0.0,"[0.0, 0.0, 0.0, 0.0, 0.0, 0.0, 0.0, 0.0, 0.0, 0.0, 0.0, 0.0, 0.0, 0.0, 97.05, 0.0, 0.0, 0.0, 0.0, 0.0, 0.0, 0.0, 0.0, 0.0, 0.0, 0.0, 0.0, 0.0, 0.0]",97.05,nan,nan
42030250,42032554,0,1094530542,True,2,A2,motorway,100,False,245.072,"[2405, 205]",19,100.0,0.002,nan,,1.0,,1.0,"[nan, nan]",0.0,"[nan, nan]",0.0,"[0.0, 0.0]",0.0,nan,nan
42030250,7460916933,0,"[1094530544, 1037526990]",True,1,A2,motorway_link,100,False,89.05,"[2257, 2404, 206, 207]",20,100.0,0.001,nan,,1.0,,1.0,"[nan, nan, nan, nan]",0.0,"[nan, nan, nan, nan]",0.0,"[0.0, 0.0, 0.0, 0.0]",0.0,nan,nan
42030250,2119022099,0,"[951696836, 6779752, 6779753, 6779756, 6779758, 252677648, 1094530546, 1094527219, 252677652, 337060733]",True,"['2', '3']",A2,motorway,100,False,1363.2570000000003,"[1297, 2201, 1308, 1309, 1310, 1824, 1825, 1826, 35, 171, 1712, 57, 188, 958, 195, 199, 978, 2399, 96, 2406, 1260, 1273]",90,100.0,0.014,yes,1.25,1.0,1.8,1.0,"[nan, nan, 4376.41, nan, nan, nan, nan, nan, nan, 12977.28, nan, 3429.51, nan, nan, nan, nan, nan, nan, nan, nan, nan, nan]",20783.2,"[nan, nan, nan, nan, nan, nan, nan, nan, nan, 11187.31, nan, nan, nan, nan, nan, nan, nan, nan, nan, nan, nan, nan]",11187.31,"[0.0, 0.0, 24.07, 0.0, 0.0, 0.0, 0.0, 0.0, 0.0, 1184.51, 0.0, 18.86, 0.0, 0.0, 0.0, 0.0, 0.0, 0.0, 0.0, 0.0, 0.0, 0.0]",1227.44,nan,nan
42032554,42038624,0,"[6779746, 1094530540, 1094530541, 1095174586, 6779736, 1095174585, 6779738]",True,"['2', '3']",A2,motorway,100,False,622.4399999999999,"[2400, 225, 226, 2403, 2401, 1026, 1762, 2402, 1675, 1901, 1902, 245, 246, 2424, 221, 222]",21,100.0,0.006,yes,4.863636363636363,1.0,4.956521739130435,1.0,"[nan, nan, nan, nan, nan, nan, nan, nan, nan, nan, nan, 16504.28, nan, nan, nan, nan]",16504.28,"[nan, nan, nan, nan, nan, nan, nan, nan, nan, nan, nan, 16350.31, nan, nan, nan, nan]",16350.31,"[0.0, 0.0, 0.0, 0.0, 0.0, 0.0, 0.0, 0.0, 0.0, 0.0, 0.0, 1717.63, 0.0, 0.0, 0.0, 0.0]",1717.63,nan,nan
42032554,7460916932,0,"[1094530543, 1037526991]",True,1,A2,motorway_link,100,False,30.333,"[213, 2078]",115,100.0,0.0,nan,,1.0,,1.0,"[nan, nan]",0.0,"[nan, nan]",0.0,"[0.0, 0.0]",0.0,nan,nan
42035042,42035294,0,"[6779704, 1095936797, 200335887]",True,1,nan,secondary,50,False,44.083,"[2305, 2307, 2308, 2437, 2309, 2438, 2057, 2058, 2059, 2060, 966, 967, 229, 230, 231, 233, 235, 236, 238]",22,50.0,0.001,nan,,1.0,3.5714285714285716,1.0,"[nan, 207.22, 195.86, nan, 141.7, nan, nan, nan, nan, nan, nan, 141.62, nan, nan, nan, nan, nan, 181.67, 207.1]",1075.17,"[nan, nan, nan, nan, nan, nan, nan, nan, nan, nan, nan, nan, nan, nan, nan, nan, nan, nan, nan]",0.0,"[0.0, 1.14, 1.08, 0.0, 0.78, 0.0, 0.0, 0.0, 0.0, 0.0, 0.0, 0.78, 0.0, 0.0, 0.0, 0.0, 0.0, 1.0, 1.14]",5.92,Knooppunt Hoolhuis,roundabout
42035042,859543718,0,6779704,True,1,nan,secondary,50,False,8.454,"[232, 970, 2317]",69,50.0,0.0,nan,1.0,1.0,3.3333333333333335,1.0,"[nan, 271.01, 218.13]",489.14,"[nan, 150.56, nan]",150.56,"[0.0, 16.47, 1.2]",17.67,Knooppunt Hoolhuis,roundabout
42035042,10036651839,0,1095936815,True,1,nan,secondary,50,False,30.299,"[2441, 2442, 2443, 2445, 2677, 2461]",127,50.0,0.001,nan,,1.0,1.8888888888888888,1.0,"[336.55, 220.55, 641.31, 579.72, nan, 330.6]",2108.73,"[nan, nan, nan, nan, nan, nan]",0.0,"[1.85, 1.21, 3.53, 3.19, 0.0, 1.82]",11.6,Maastrichterweg,nan
42035294,9646103568,0,1095936798,True,1,nan,secondary,50,False,9.956,"[968, 241, 2306, 239]",23,50.0,0.0,nan,3.0,1.0,4.428571428571429,1.0,"[414.75, 276.38, 277.0, 239.52]",1207.65,"[760.38, 200.37, 210.52, 276.38]",1447.65,"[77.94, 21.46, 22.47, 28.82]",150.69,Knooppunt Hoolhuis,roundabout
42035294,42035592,0,1095936816,True,1,nan,secondary,50,False,31.764000000000003,"[2446, 2447, 240, 2448, 2463]",24,50.0,0.001,nan,4.421052631578948,1.0,4.95,1.0,"[819.12, 531.0, 748.11, 1144.0, 713.0]",3955.23,"[2047.81, 945.18, 582.07, 1521.52, 1269.14]",6365.72,"[208.26, 96.97, 62.03, 157.68, 130.2]",655.14,Bunderstraat,nan
42035592,42038624,0,"[1333271499, 1094531557, 6779607]",True,1,A2,motorway_link,"['50', '130']",False,297.653,"[2720, 2689, 998, 1903, 2719, 242, 2675, 884, 247, 1882, 1883, 252, 255]",25,90.0,0.003,nan,4.027777777777778,1.0,4.5,1.0,"[nan, 14288.08, 1365.18, nan, nan, 1264.55, 523.6, 1320.2, 1068.55, 1392.12, 1219.75, 13244.65, nan]",35686.68,"[nan, 29058.09, 1331.05, nan, nan, 1264.55, 523.6, 1056.16, 1025.81, 1233.03, 1024.59, 9565.58, nan]",46082.46,"[0.0, 2969.86, 139.95, 0.0, 0.0, 132.78, 54.98, 112.35, 107.95, 130.34, 108.66, 1024.62, 0.0]",4781.49,nan,nan
42035592,847933557,0,6779710,False,3,nan,secondary,50,False,53.564,"[248, 925]",63,50.0,0.001,nan,5.0,1.0,5.0,1.0,"[4856.7, 11212.5]",16069.2,"[4856.7, 11212.5]",16069.2,"[509.95, 1177.31]",1687.26,Bunderstraat,nan
42035592,9646103568,0,1095936817,True,1,nan,secondary,50,False,29.950000000000003,"[2449, 2450, 2451, 244, 2676, 2462]",27,50.0,0.001,nan,4.944444444444445,1.0,5.0,1.0,"[417.12, 878.62, 726.38, 785.62, 326.5, 609.5]",3743.74,"[417.12, 878.62, 726.38, 785.62, 315.62, 1523.75]",4647.11,"[43.8, 92.26, 76.27, 82.49, 33.2, 154.97]",482.99,Bunderstraat,nan
42038624,42043135,0,"[6777004, 6777678, 6777679]",True,4,A2,motorway,100,False,527.633,"[289, 266, 290, 2261]",28,100.0,0.005,yes,,1.0,,1.0,"[nan, nan, nan, nan]",0.0,"[nan, nan, nan, nan]",0.0,"[0.0, 0.0, 0.0, 0.0]",0.0,nan,nan
42038672,6153690991,0,"[200335888, 509397985, 6779688]",True,nan,nan,secondary,50,False,85.959,"[256, 257, 261, 262, 1032, 265, 268, 2465, 2466, 1968, 1971, 962, 963, 964, 1884, 1004, 1783, 2554, 2557]",29,50.0,0.002,nan,3.7708333333333335,1.0,4.962264150943396,1.0,"[3327.52, 603.67, 613.12, 715.5, 2991.38, 356.85, 360.6, 453.15, 428.62, 651.38, 447.3, 423.22, 549.68, 699.98, 1672.42, 2041.43, 2151.0, 331.69, 491.85]",19310.36,"[3327.52, 422.57, 257.51, 417.38, 2991.38, 231.95, nan, 294.55, 278.61, 379.97, 223.65, 306.84, 357.29, 293.99, 1672.42, 1837.28, 2115.15, 144.11, 319.7]",15871.87,"[349.39, 45.37, 28.99, 45.46, 314.09, 25.04, 1.98, 31.8, 30.08, 41.39, 24.71, 32.86, 38.57, 33.1, 175.6, 194.04, 222.29, 16.16, 34.52]",1685.44,Bunderstraat,roundabout
42038672,1749457312,0,"[6777602, 6777603, 1041989634, 6777604, 7130370, 1118066824, 6777611, 863568143, 863568144, 328353812, 6777622, 1330617627, 6777628, 359428764, 6776995, 6777636, 343031086, 1164173360, 885887285, 343096130, 6777541, 460735557, 6777543, 6777549, 6777551, 6777556, 58760535, 6777560, 6777565, 6779613, 1426448993, 1426448994, 6777571, 1167626851, 144833641, 6777581, 39438960, 6777585, 898584947, 328352372, 6777592, 7130363, 1330623101, 6777598, 156774911]",False,2,nan,secondary,"['30', '50', '60', '80']","[False, True]",6457.439000000002,"[2082, 2090, 2092, 2094, 2096, 2098, 2100, 2102, 2104, 2105, 2108, 2110, 2133, 2135, 2136, 2138, 2141, 2143, 2145, 2147, 2149, 2151, 2152, 2172, 2195, 2197, 276, 278, 280, 282, 288, 292, 295, 298, 299, 304, 306, 308, 310, 312, 317, 319, 322, 324, 325, 328, 331, 333, 335, 338, 339, 341, 344, 347, 350, 352, 364, 366, 370, 373, 376, 378, 380, 382, 384, 387, 391, 397, 399, 401, 403, 405, 407, 409, 413, 416, 421, 423, 425, 427, 429, 431, 433, 435, 437, 439, 2493, 445, 2495, 447, 2497, 2499, 2501, 2503, 455, 2505, 458, 2507, 2509, 461, 2511, 464, 2513, 2515, 467, 2517, 470, 2519, 472, 2521, 474, 2523, 476, 2525, 478, 2527, 480, 2529, 482, 2531, 2533, 486, 2535, 488, 2537, 491, 2539, 493, 2541, 2543, 496, 2545, 498, 2547, 2549, 2551, 2553, 2563, 2564, 542, 556, 566, 573, 583, 585, 596, 2655, 611, 614, 620, 622, 2671, 2672, 627, 630, 634, 638, 642, 644, 646, 649, 651, 653, 654, 663, 664, 667, 670, 673, 674, 678, 682, 688, 690, 692, 694, 696, 700, 706, 714, 722, 726, 728, 732, 892, 916, 917, 924, 990, 992, 1003, 1086, 1088, 1101, 1104, 1106, 1108, 1144, 1146, 1147, 1149, 1165, 1178, 1180, 1182, 1184, 1186, 1188, 1191, 1193, 1196, 1198, 1202, 1206, 1208, 1210, 1212, 1214, 1216, 1222, 1269, 1271, 1275, 1313, 1315, 1317, 1319, 1321, 1360, 1363, 1365, 1423, 1424, 1427, 1429, 1431, 1433, 1435, 1437, 1439, 1441, 1443, 1445, 1447, 1449, 1451, 1453, 1455, 1457, 1459, 1461, 1463, 1465, 1467, 1469, 1471, 1473, 1475, 1476, 1478, 1480, 1482, 1484, 1486, 1491, 1493, 1495, 1497, 1499, 1576, 1620, 1764, 1766, 1846, 1848, 1850, 1852, 1854, 1855, 1858, 1860, 1862, 1864, 1865, 1867, 1887, 1889, 1891, 1893, 1895, 1897, 1899, 1912, 1914, 1916, 1918, 1920, 1930, 1932, 1934, 1936, 1941, 1957, 1959, 1961, 1979, 1981, 1983, 1985, 1987, 1993, 1995, 1997]",81,55.0,0.117,nan,2.5338645418326693,1.0,3.4924491135915954,1.0,"[nan, nan, 3398.22, 4405.4, 4010.47, 9179.39, 6687.01, 3448.3, 1905.21, 4302.02, nan, nan, nan, nan, nan, nan, 3766.58, 1011.6, 2090.53, 783.36, 1378.79, 1013.89, 811.62, 808.58, 2298.6, nan, 5056.09, 7352.43, 2751.52, 1026.46, 1819.6, 7591.85, 999.68, 2019.15, 3525.66, 5579.73, 5647.32, 2513.23, nan, 850.59, 14648.79, 1055.09, 929.24, 1132.36, 4352.62, 3865.37, 2990.25, 10192.28, 16167.82, 13000.5, 2248.84, 923.81, 1115.74, 781.85, 2656.84, 4962.59, nan, nan, nan, nan, nan, nan, nan, nan, nan, nan, nan, nan, nan, nan, nan, nan, nan, nan, nan, nan, nan, nan, nan, nan, nan, nan, nan, nan, nan, nan, 5223.87, 6213.0, nan, 3036.85, nan, nan, 1096.77, 13891.05, nan, 10447.32, 2070.02, 1977.62, 2045.73, nan, 1930.84, 3619.44, nan, nan, 3498.24, nan, 1982.61, 226.61, nan, 377.76, 760.65, 233.04, 4857.19, nan, 8040.06, nan, 4593.61, nan, 3415.01, nan, nan, 3714.49, 2782.05, 2297.7, 834.22, 2808.37, 794.14, nan, 3748.5, 3774.15, nan, nan, nan, nan, nan, nan, nan, 1192.02, 1129.8, 9320.64, 4920.74, 5107.5, 11320.42, nan, 6284.84, 6285.8, nan, nan, 3958.08, nan, 3251.4, 5288.57, 7108.64, nan, 3584.48, 1505.48, 1117.96, 1133.59, 861.93, 1443.6, 1425.21, 1666.0, 3575.57, 793.98, nan, 2623.18, nan, nan, nan, nan, nan, nan, nan, nan, nan, nan, nan, nan, nan, nan, nan, nan, nan, nan, 14740.22, 1960.2, nan, nan, 1241.45, 4749.82, 2256.98, nan, nan, nan, nan, nan, nan, 2717.59, 301.83, 3271.17, 1009.8, nan, nan, nan, nan, 5847.52, 880.2, nan, nan, 1177.61, nan, nan, nan, nan, nan, nan, nan, nan, nan, 1094.71, 1004.55, 5957.32, nan, nan, nan, nan, nan, 2867.14, 4269.53, 6063.52, 4342.5, nan, nan, nan, nan, nan, nan, nan, nan, nan, nan, nan, nan, nan, nan, nan, nan, nan, nan, nan, nan, nan, nan, nan, nan, nan, nan, nan, nan, nan, 10193.4, 4417.62, 3637.38, nan, 3039.15, nan, 3619.58, 1514.89, 3698.35, 3281.86, 3880.33, 2661.98, 1436.85, 4140.12, 2258.74, 1404.49, 1964.46, nan, nan, nan, 2042.04, 2184.27, nan, nan, 1142.03, nan, nan, nan, nan, 1673.28, 1646.34, 1619.82, 922.95, 1805.49, 2456.78, nan, 2580.23, 10633.44, nan, nan, 1078.3, 8750.47, nan, nan, nan, 554.9, nan, 4797.2, nan, nan, 684.45, 690.78, 846.47]",527259.31,"[nan, nan, 3398.22, 4405.4, 2591.38, 7609.23, 6687.01, 3448.3, nan, 5121.45, nan, nan, nan, nan, nan, nan, 4484.02, 821.92, 2090.53, 411.26, 1266.23, 969.8, 781.56, 1090.09, 2040.01, nan, 2455.82, 5563.38, 2460.71, nan, 1662.74, 5700.83, 999.68, 2019.15, 3423.96, nan, 3136.28, 2289.83, nan, nan, nan, nan, nan, nan, 2176.31, 1635.13, 1255.9, 5216.05, 13225.28, 12422.7, 1891.07, 465.6, 1029.92, 723.94, 2125.48, 3470.34, nan, nan, nan, nan, nan, nan, nan, nan, nan, nan, nan, nan, nan, nan, nan, nan, nan, nan, nan, nan, nan, nan, nan, nan, nan, nan, nan, nan, nan, nan, nan, 6213.0, nan, 3036.85, nan, nan, 1005.37, 13007.07, nan, nan, 2070.02, 1852.05, 1870.38, nan, 1814.32, 3619.44, nan, nan, 3441.95, nan, nan, 226.61, nan, 294.46, 592.91, 233.04, 4180.12, nan, 6140.46, nan, 2695.99, nan, 3104.55, nan, nan, 3612.25, 1192.31, 2144.52, nan, 3488.66, nan, nan, 6353.71, 4020.92, nan, nan, nan, nan, nan, nan, nan, 1419.08, nan, 5399.54, 2367.87, 5407.94, 8962.0, nan, 9158.82, 4490.78, nan, nan, 3334.76, nan, 2505.67, 4262.9, 3481.0, nan, 4267.24, 1792.24, 853.71, 1531.88, nan, 1240.07, 1425.21, 1969.93, 3320.17, 645.11, nan, 2137.41, nan, nan, nan, nan, nan, nan, nan, nan, nan, nan, nan, nan, nan, nan, nan, nan, nan, nan, 20905.6, 3489.16, nan, nan, nan, 4289.49, 959.93, nan, nan, nan, nan, nan, nan, 2220.82, 230.49, 2796.32, 908.82, nan, nan, nan, nan, 4110.47, 704.16, nan, nan, 1079.47, nan, nan, nan, nan, nan, nan, nan, nan, nan, 1003.49, nan, 5957.32, nan, nan, nan, nan, nan, 3736.94, 2510.54, 2546.68, 1823.85, nan, nan, nan, nan, nan, nan, nan, nan, nan, nan, nan, nan, nan, nan, nan, nan, nan, nan, nan, nan, nan, nan, nan, nan, nan, nan, nan, nan, nan, 7432.69, 2641.07, 2777.64, nan, 2609.89, nan, 3287.78, 1305.94, 2474.29, 2455.83, 3768.67, 2661.98, 1436.85, 3705.37, nan, nan, 985.16, nan, nan, nan, 1790.28, 1461.13, nan, nan, 1142.03, nan, nan, nan, nan, 878.47, 1995.56, nan, 387.64, 1719.51, 1031.85, nan, 2580.23, 6314.06, nan, nan, nan, nan, nan, nan, nan, 660.6, nan, 4797.2, nan, nan, 547.56, 571.68, 547.72]",391993.03,"[0.0, 0.0, 356.81, 462.57, 279.9, 807.61, 702.14, 362.07, 10.48, 533.25, 0.0, 0.0, 0.0, 0.0, 0.0, 0.0, 466.88, 87.34, 219.51, 45.23, 133.57, 102.07, 82.23, 112.91, 215.62, 0.0, 272.16, 593.99, 259.97, 5.65, 175.45, 608.99, 104.97, 212.01, 360.08, 30.69, 343.12, 241.66, 0.0, 4.68, 80.57, 5.8, 5.11, 6.23, 240.48, 183.95, 141.41, 575.05, 1404.84, 1307.56, 200.53, 51.41, 108.61, 76.33, 226.1, 372.59, 0.0, 0.0, 0.0, 0.0, 0.0, 0.0, 0.0, 0.0, 0.0, 0.0, 0.0, 0.0, 0.0, 0.0, 0.0, 0.0, 0.0, 0.0, 0.0, 0.0, 0.0, 0.0, 0.0, 0.0, 0.0, 0.0, 0.0, 0.0, 0.0, 0.0, 28.73, 652.36, 0.0, 318.87, 0.0, 0.0, 106.07, 1370.6, 0.0, 57.46, 217.35, 195.16, 197.35, 0.0, 191.14, 380.04, 0.0, 0.0, 361.71, 0.0, 10.9, 23.79, 0.0, 31.38, 63.18, 24.47, 442.64, 0.0, 655.2, 0.0, 293.52, 0.0, 327.69, 0.0, 0.0, 379.85, 133.94, 226.02, 4.59, 362.57, 4.37, 0.0, 652.81, 420.84, 0.0, 0.0, 0.0, 0.0, 0.0, 0.0, 0.0, 147.75, 6.21, 588.52, 262.67, 566.18, 953.98, 0.0, 945.87, 481.4, 0.0, 0.0, 353.58, 0.0, 267.2, 453.25, 385.46, 0.0, 444.31, 186.61, 91.09, 158.66, 4.74, 131.33, 149.65, 205.17, 350.02, 68.56, 0.0, 227.1, 0.0, 0.0, 0.0, 0.0, 0.0, 0.0, 0.0, 0.0, 0.0, 0.0, 0.0, 0.0, 0.0, 0.0, 0.0, 0.0, 0.0, 0.0, 2161.18, 357.95, 0.0, 0.0, 6.83, 452.93, 107.93, 0.0, 0.0, 0.0, 0.0, 0.0, 0.0, 235.92, 24.59, 296.23, 95.98, 0.0, 0.0, 0.0, 0.0, 441.15, 74.91, 0.0, 0.0, 113.88, 0.0, 0.0, 0.0, 0.0, 0.0, 0.0, 0.0, 0.0, 0.0, 105.87, 5.53, 625.52, 0.0, 0.0, 0.0, 0.0, 0.0, 387.59, 273.28, 286.74, 205.36, 0.0, 0.0, 0.0, 0.0, 0.0, 0.0, 0.0, 0.0, 0.0, 0.0, 0.0, 0.0, 0.0, 0.0, 0.0, 0.0, 0.0, 0.0, 0.0, 0.0, 0.0, 0.0, 0.0, 0.0, 0.0, 0.0, 0.0, 0.0, 0.0, 795.62, 287.08, 296.38, 0.0, 276.4, 0.0, 347.04, 138.27, 266.53, 262.41, 396.32, 279.51, 150.87, 391.45, 12.42, 7.72, 108.83, 0.0, 0.0, 0.0, 189.36, 157.4, 0.0, 0.0, 119.91, 0.0, 0.0, 0.0, 0.0, 96.61, 207.61, 8.91, 43.65, 181.02, 116.18, 0.0, 270.92, 686.73, 0.0, 0.0, 5.93, 48.13, 0.0, 0.0, 0.0, 68.78, 0.0, 503.71, 0.0, 0.0, 58.25, 60.68, 59.15]",41903.24,"['Vliegenstraat', 'Hussenbergstraat', 'Broekhoven', 'Slingerberg', 'Processieweg', 'Hulserstraat', 'Prinses Ireneweg', 'Pasweg', 'Brommelen', 'Oostbroek']",nan
42038672,1470642590,0,205506852,True,nan,nan,secondary,50,False,20.633000000000003,"[960, 961, 267, 270, 271, 1040, 1969, 1970]",76,50.0,0.0,nan,1.2,1.0,4.333333333333333,1.0,"[561.6, nan, 778.05, 489.44, 219.33, 495.9, nan, 401.36]",2945.68,"[272.16, nan, 394.21, nan, nan, 330.6, nan, nan]",996.97,"[30.17, 0.0, 43.5, 2.69, 1.21, 35.62, 0.0, 2.21]",115.4,nan,roundabout
42041718,859543703,0,"[490065921, 6779751, 6779755, 6777005, 6779757, 6779737, 27195291, 435722621, 435722623]",True,"['2', '3']",A2,motorway,100,False,2085.028,"[259, 273, 284, 285, 2467, 2468, 170, 1706, 172, 301, 187, 959, 196, 1606, 200, 210, 99, 1259, 1262, 1263, 1267, 250, 254]",31,100.0,0.021,yes,3.6785714285714284,1.0,2.977777777777778,1.0,"[nan, nan, nan, nan, nan, nan, nan, nan, 9174.16, nan, nan, 16187.49, 17591.93, nan, nan, 26746.65, nan, 7969.31, nan, nan, nan, 70837.54, 17747.38]",166254.46,"[nan, nan, nan, nan, nan, nan, nan, nan, 7445.7, nan, nan, 19270.82, 17591.93, nan, nan, 31841.25, nan, nan, nan, nan, nan, 70837.54, 17462.44]",164449.68,"[0.0, 0.0, 0.0, 0.0, 0.0, 0.0, 0.0, 0.0, 791.31, 0.0, 0.0, 2006.48, 1847.15, 0.0, 0.0, 3315.31, 0.0, 43.83, 0.0, 0.0, 0.0, 7437.94, 1835.12]",17277.14,nan,nan
42041718,1470642590,0,"[1333271496, 1333271497, 6777006, 390464799]",True,1,A2,motorway_link,"['100', '50', '80']",False,416.6689999999999,"[2688, 272, 274, 283, 286, 291, 296, 302, 2114, 1731, 2115, 2117, 2116, 2118, 1001, 2674, 1019, 2684, 2685, 2686, 2687]",32,77.0,0.005,nan,1.7222222222222223,1.0,4.351351351351352,1.0,"[4087.99, 1576.58, 1545.81, nan, nan, nan, nan, nan, 822.15, nan, 414.21, 511.7, 1034.08, 441.35, 1131.38, 644.0, nan, nan, nan, nan, nan]",12209.25,"[nan, 1914.41, 1315.58, nan, nan, nan, nan, nan, 345.3, nan, 186.4, 298.49, 541.86, 185.37, nan, 322.0, nan, nan, nan, nan, nan]",5109.41,"[22.48, 199.15, 139.4, 0.0, 0.0, 0.0, 0.0, 0.0, 38.88, 0.0, 20.82, 32.51, 59.6, 20.87, 6.22, 35.58, 0.0, 0.0, 0.0, 0.0, 0.0]",575.51,nan,nan
42041718,42069836,0,"[390464800, 951700993, 6777640, 6777642, 6777645, 6777677, 205506840, 763192827, 763192828]",True,"['2', '3']",A2,motorway,100,False,3705.3169999999996,"[388, 1029, 2054, 1031, 2055, 393, 1034, 395, 1035, 1037, 1043, 1049, 1050, 411, 1052, 1051, 418, 938, 939, 1588, 441, 443, 449, 451, 453, 973, 462, 975, 976, 465, 977, 2259, 336, 2262, 2263, 2264, 2265, 2266, 345, 2268, 2269, 2270, 2271, 353, 354, 483, 355, 357, 359, 360, 2154, 2155, 2156, 362, 878, 1264, 368, 374, 1784, 1785, 895]",37,100.0,0.037,yes,2.3447761194029852,1.0,2.883695652173913,1.0,"[32181.68, 4143.12, 7588.0, nan, 8655.71, 3489.67, nan, 6112.17, nan, 4175.83, 6625.0, 6041.41, nan, 66224.7, 12801.95, 11653.4, 14790.87, nan, nan, 158947.16, 22111.14, 9132.01, nan, nan, nan, nan, nan, 13690.3, 26910.53, nan, 11275.69, nan, 33110.35, nan, 3597.34, 3184.46, nan, nan, 2862.71, 4244.47, 3966.79, 7536.66, 25742.15, nan, nan, nan, nan, nan, 5434.3, nan, nan, nan, nan, nan, 11364.34, 15504.26, nan, nan, 13198.31, 16623.82, 24023.51]",596943.81,"[nan, 3109.89, 9485.0, nan, 6408.91, 2629.2, nan, 4081.6, nan, 4175.83, 7886.9, 6041.41, nan, 64553.15, 9890.11, 9008.5, 14405.02, nan, nan, 179378.45, 15534.08, 9224.25, nan, nan, nan, nan, nan, 13304.24, 23064.44, nan, 8911.43, nan, 32219.28, nan, 3426.03, nan, nan, nan, 1959.36, 4664.25, 2801.8, 5157.34, 18263.61, nan, nan, nan, nan, nan, 6469.4, nan, nan, nan, nan, nan, 12425.7, 27975.64, nan, nan, 11584.65, 14497.7, 23476.4]",556013.57,"[177.0, 332.22, 985.49, 0.0, 685.29, 280.8, 0.0, 439.74, 0.0, 438.46, 821.18, 634.35, 0.0, 6787.27, 1054.48, 960.44, 1514.65, 0.0, 0.0, 18722.37, 1667.25, 968.04, 0.0, 0.0, 0.0, 0.0, 0.0, 1399.07, 2442.92, 0.0, 948.7, 0.0, 3387.93, 0.0, 360.68, 17.51, 0.0, 0.0, 210.7, 487.44, 300.6, 554.61, 1958.81, 0.0, 0.0, 0.0, 0.0, 0.0, 673.59, 0.0, 0.0, 0.0, 0.0, 0.0, 1298.86, 2868.85, 0.0, 0.0, 1225.26, 1533.95, 2468.03]",58606.54,nan,nan
42043135,42044633,0,763192826,True,3,A2,motorway,100,False,220.131,313,33,100.0,0.002,nan,,1.0,,1.0,[nan],0.0,[nan],0.0,[0.0],0.0,nan,nan
42043135,42043228,0,"[1037528572, 1094531558]",True,1,A2,motorway_link,100,False,53.398999999999994,"[1904, 314, 315]",34,100.0,0.001,nan,,1.0,,1.0,"[nan, nan, nan]",0.0,"[nan, nan, nan]",0.0,"[0.0, 0.0, 0.0]",0.0,nan,nan
42043917,42044633,0,"[1094531556, 1037528573]",True,1,A2,motorway_link,100,False,51.792,"[320, 1021, 1047]",35,100.0,0.001,nan,,1.0,,1.0,"[nan, nan, nan]",0.0,"[nan, nan, nan]",0.0,"[0.0, 0.0, 0.0]",0.0,nan,nan
42044633,4343161072,0,"[951700992, 329197446, 329197449, 6777644, 6777655, 6777652, 509091284, 763192823, 763192824, 763192825, 198035738, 6777660]",True,"['2', '4', '3']",A2,motorway,100,False,3670.6809999999987,"[896, 385, 2051, 2052, 2053, 389, 392, 394, 1048, 410, 2203, 1053, 414, 417, 419, 936, 937, 1579, 1844, 440, 442, 448, 450, 1730, 452, 456, 329, 459, 972, 974, 1489, 1490, 2258, 2260, 468, 2267, 348, 356, 358, 361, 1132, 1261, 877, 367, 1905, 1906, 1907, 1908, 1909, 1910, 371, 506]",36,100.0,0.037,yes,1.7357142857142858,1.0,1.8365180467091295,1.0,"[24206.3, nan, 13620.34, 6358.34, 11477.22, nan, nan, nan, nan, nan, 6533.87, 4951.25, nan, 23965.68, 13857.35, nan, nan, nan, 21637.23, 9243.15, 36035.42, nan, nan, 38065.75, nan, nan, nan, nan, nan, nan, 17334.22, nan, 7721.03, nan, 25397.98, nan, 11371.0, 8205.27, nan, 7206.39, 4449.57, nan, nan, 12773.19, 16158.24, 15378.59, 15679.8, 6410.5, nan, 13364.38, 37276.72, 13729.95]",422408.73,"[nan, nan, 20450.96, nan, 18469.09, nan, nan, nan, nan, nan, nan, nan, nan, 24771.94, 12686.31, nan, nan, nan, nan, 8832.34, 29724.61, nan, nan, nan, nan, nan, nan, nan, nan, nan, 16757.9, nan, nan, nan, 19721.32, nan, nan, nan, nan, nan, nan, nan, nan, nan, 18658.48, 15378.59, nan, nan, nan, nan, nan, 15881.95]",201333.49,"[133.13, 0.0, 2109.78, 34.97, 1900.8, 0.0, 0.0, 0.0, 0.0, 0.0, 35.94, 27.23, 0.0, 2596.62, 1338.5, 0.0, 0.0, 0.0, 119.0, 929.66, 3155.79, 0.0, 0.0, 209.36, 0.0, 0.0, 0.0, 0.0, 0.0, 0.0, 1762.75, 0.0, 42.47, 0.0, 2101.96, 0.0, 62.54, 45.13, 0.0, 39.64, 24.47, 0.0, 0.0, 70.25, 1945.39, 1614.75, 86.24, 35.26, 0.0, 73.5, 205.02, 1655.77]",22355.92,nan,nan
42069836,42072479,0,6777651,True,1,A2,motorway_link,130,False,449.331,"[1152, 533, 2366, 2367, 2368, 2369, 2370, 2371, 2372, 2373, 2374, 2375, 484, 489, 492, 499, 500, 1013, 1014, 505]",42,130.0,0.003,nan,1.0,1.0,1.3055555555555556,1.0,"[nan, nan, nan, nan, nan, 2828.94, nan, 2060.87, 2144.67, 815.92, nan, nan, nan, nan, nan, 2572.64, 719.2, nan, nan, nan]",11142.24,"[nan, nan, nan, nan, nan, nan, nan, nan, 1838.29, 815.92, nan, nan, nan, nan, nan, 2062.04, nan, nan, nan, nan]",4716.25,"[0.0, 0.0, 0.0, 0.0, 0.0, 15.56, 0.0, 11.33, 194.71, 85.67, 0.0, 0.0, 0.0, 0.0, 0.0, 219.32, 3.96, 0.0, 0.0, 0.0]",530.55,nan,nan
42069836,42074992,0,"[6777640, 6777658, 947375147]",True,2,A2,motorway,100,False,911.05,"[1028, 619, 940, 528, 658, 565, 507]",49,100.0,0.009,yes,1.5797872340425532,1.0,2.0494186046511627,1.0,"[14094.55, 21067.45, 34433.35, 12734.27, 10099.05, 14607.11, 94252.24]",201288.02,"[11393.38, 15891.3, 43349.77, 11161.07, 12022.68, nan, 69180.71]",162998.91,"[1211.16, 1697.06, 4502.69, 1180.56, 1251.8, 80.34, 7401.87]",17325.48,nan,nan
42071903,42071918,0,6777633,False,5,nan,secondary,80,True,11.43,503,40,80.0,0.0,nan,,1.0,,1.0,[nan],0.0,[nan],0.0,[0.0],0.0,Europalaan,nan
42071903,42075122,0,"[1094542816, 332731577]",True,1,A2,motorway_link,130,False,520.915,"[1033, 1168, 1042, 1046, 1054, 550, 552, 2346, 2347, 2348, 2349, 555, 2350, 2351, 2352, 2353, 563, 2354, 2355, 2356, 2357, 2358, 2359, 2360, 2361, 591, 602, 607, 613, 626, 502, 632, 1022]",39,130.0,0.004,nan,2.176470588235294,1.0,2.1615384615384614,1.0,"[1776.81, 7261.24, 4684.93, 1113.53, 787.04, nan, nan, 741.54, nan, nan, nan, nan, nan, 544.49, 3047.83, 1338.29, nan, nan, nan, 752.67, nan, 918.76, nan, 722.65, nan, 800.39, 726.25, nan, 1201.15, 1117.57, 3071.81, 7214.83, nan]",37821.78,"[1322.49, 6394.01, nan, 1033.56, nan, nan, nan, nan, nan, nan, nan, nan, nan, nan, 3210.02, nan, nan, nan, nan, nan, nan, 706.74, nan, nan, nan, 712.21, 864.59, nan, 827.02, nan, 5273.57, nan, nan]",20344.21,"[141.36, 676.14, 25.77, 108.96, 4.33, 0.0, 0.0, 4.08, 0.0, 0.0, 0.0, 0.0, 0.0, 2.99, 336.16, 7.36, 0.0, 0.0, 0.0, 4.14, 0.0, 75.37, 0.0, 3.97, 0.0, 75.27, 90.02, 0.0, 88.89, 6.15, 541.62, 39.68, 0.0]",2232.26,nan,nan
42071918,42072479,0,"[720129192, 447136707, 1095938421, 720129191]",False,"['4', '5', '3']",nan,secondary,80,True,230.079,"[2049, 1989, 1990, 2324, 534, 2425, 2718]",43,80.0,0.003,nan,1.0,1.0,1.5862068965517242,1.0,"[nan, 13139.98, nan, nan, nan, 4884.12, nan]",18024.1,"[nan, 9871.01, nan, nan, nan, 3418.88, nan]",13289.89,"[0.0, 1054.44, 0.0, 0.0, 0.0, 367.04, 0.0]",1421.48,Europalaan,nan
42071918,4343161072,0,"[72369768, 436425506, 436425508, 436425509]",True,"['3', '4', '1']",A2,motorway_link,100,False,437.0609999999999,"[2050, 1038, 1039, 1041, 1169, 2327, 2328, 2329, 2330, 2331, 2332, 2333, 2334, 2335, 544, 2336, 2337, 2338, 2339, 2341, 2340, 935, 2342, 2343, 2344, 551, 2345, 558, 561, 564, 568, 571, 572, 575, 576, 577, 578, 547, 1609, 1611, 1612, 1613, 1020]",109,100.0,0.004,yes,1.125,1.0,1.795774647887324,1.0,"[1576.58, 1130.67, nan, 852.78, 5234.46, 932.64, nan, 1264.35, 886.41, 739.94, 1344.72, 786.95, 818.98, 754.29, 1298.08, 980.83, 933.8, 796.76, 390.95, 516.99, 310.39, 1096.62, nan, nan, nan, nan, 639.74, 1368.43, nan, 1071.15, nan, 879.5, 447.91, nan, 988.39, 929.46, 863.3, 1384.15, nan, nan, 14410.94, 4182.01, 559.78]",50371.95,"[nan, nan, nan, nan, nan, 1110.29, nan, nan, nan, 569.19, 728.75, nan, 564.81, nan, nan, 662.72, 514.35, 529.43, 390.95, 397.69, nan, nan, nan, nan, nan, nan, nan, nan, nan, 638.49, nan, 509.5, 447.91, nan, 622.56, 487.97, 600.1, 1647.8, nan, nan, nan, 3801.82, nan]",14224.33,"[8.67, 6.22, 0.0, 4.69, 28.79, 115.6, 0.0, 6.95, 4.88, 60.7, 79.91, 4.33, 60.7, 4.15, 7.14, 71.34, 56.31, 57.06, 41.05, 42.41, 1.71, 6.03, 0.0, 0.0, 0.0, 0.0, 3.52, 7.53, 0.0, 69.42, 0.0, 55.53, 47.03, 0.0, 67.38, 53.67, 64.46, 171.57, 0.0, 0.0, 79.26, 401.28, 3.08]",1692.37,nan,nan
42072479,42074033,0,"[1095938425, 6777563, 1095938422]",False,"['4', '2', '3']",nan,secondary,80,True,280.996,"[1158, 2326, 539, 541, 549, 554, 1082, 570, 1084, 581, 590, 600, 1629, 1631, 1633, 2160, 2162, 2035, 2164, 2037, 2166, 2039, 2041, 2043, 2045, 2047]",46,80.0,0.004,nan,,1.0,,1.0,"[nan, nan, nan, nan, nan, nan, nan, nan, nan, nan, nan, nan, nan, nan, nan, nan, nan, nan, nan, nan, nan, nan, nan, nan, nan, nan]",0.0,"[nan, nan, nan, nan, nan, nan, nan, nan, nan, nan, nan, nan, nan, nan, nan, nan, nan, nan, nan, nan, nan, nan, nan, nan, nan, nan]",0.0,"[0.0, 0.0, 0.0, 0.0, 0.0, 0.0, 0.0, 0.0, 0.0, 0.0, 0.0, 0.0, 0.0, 0.0, 0.0, 0.0, 0.0, 0.0, 0.0, 0.0, 0.0, 0.0, 0.0, 0.0, 0.0, 0.0]",0.0,Europalaan,nan
42072479,42074992,0,"[6777688, 436425507, 436425510, 1094542815]",True,"['3', '2', '1']",A2,motorway_link,100,False,483.973,"[608, 1729, 579, 584, 1614, 1615, 562, 659, 2322, 1170, 598, 633, 2363, 2364, 2365]",50,100.0,0.005,nan,1.0,1.0,1.0294117647058822,1.0,"[nan, nan, nan, 3318.84, 5441.13, nan, nan, 6064.26, nan, nan, 4056.76, nan, nan, nan, nan]",18880.99,"[nan, nan, nan, nan, 5193.8, nan, nan, 6064.26, nan, nan, nan, nan, nan, nan, nan]",11258.06,"[0.0, 0.0, 0.0, 18.25, 546.71, 0.0, 0.0, 636.75, 0.0, 0.0, 22.31, 0.0, 0.0, 0.0, 0.0]",1224.02,nan,nan
42074033,42082276,0,"[6772935, 504506832, 6777554, 6773045, 6777558, 720127925, 164725497, 6773022]",False,"['2', '3']",nan,secondary,"['50', '80']",True,2076.829999999999,"[1056, 1058, 1064, 1072, 1074, 1076, 1078, 1080, 610, 618, 1645, 625, 1154, 1163, 2702, 1167, 2704, 657, 2706, 2708, 2710, 2712, 2714, 2716, 2724, 680, 1714, 1717, 708, 710, 2247, 712, 1225, 716, 720, 724, 1239, 730, 734, 738, 742, 744, 746, 753, 758, 762, 770, 779, 792, 799, 803, 812, 816, 818, 824, 826, 832, 838, 842, 1870, 1922, 1999, 2001, 2003, 2005, 2007, 2009, 2011, 2013, 2015, 2017, 995, 2019, 2021, 2023, 2025, 2027, 2029, 2031, 2033]",54,65.0,0.032,nan,3.284569138276553,1.0,4.010159651669086,1.0,"[nan, 7961.43, 4220.55, 4665.28, 1572.08, nan, nan, 5391.35, nan, nan, nan, nan, nan, nan, 3666.24, nan, 6220.33, 10153.34, 2157.3, 6157.41, 15845.62, 1707.3, 2406.82, 4220.77, 4788.14, nan, 2378.8, 818.32, nan, nan, 3031.82, nan, nan, nan, nan, 2223.68, 2162.92, nan, nan, 9426.9, 1793.61, 5281.88, 5374.8, 10643.85, 8456.52, nan, 9341.04, 2545.2, 3142.12, 2316.38, 19134.74, 4799.94, 6532.42, 9318.08, 2827.02, 7423.38, nan, 6571.73, 3398.72, 4491.0, 17204.39, nan, nan, 1329.43, 2680.02, nan, nan, nan, 1018.62, nan, nan, 5712.08, 12017.0, 1693.53, 980.34, nan, nan, nan, 2230.9, nan]",259435.14,"[nan, 3396.05, 3768.35, 3033.1, 1572.08, nan, nan, 2305.04, nan, nan, nan, nan, nan, nan, 2508.48, nan, nan, nan, 906.07, 3113.09, 13828.91, 1678.84, 2406.82, 3889.14, 4439.33, nan, 2050.69, 681.94, nan, nan, 3147.26, nan, nan, nan, nan, nan, 2081.82, nan, nan, 17058.2, nan, 5810.06, 5374.8, 9339.12, 8372.27, nan, nan, 1068.98, 3047.86, 2316.38, 17026.4, 4109.95, 5938.57, 8189.6, 2522.15, 6542.64, nan, 7417.6, 4046.1, 2854.99, 15540.46, nan, nan, nan, nan, nan, nan, nan, nan, nan, nan, 5712.08, 16965.18, nan, nan, nan, nan, nan, 1776.82, nan]",205837.22,"[0.0, 381.69, 398.16, 327.45, 165.07, 0.0, 0.0, 259.0, 0.0, 0.0, 0.0, 0.0, 0.0, 0.0, 269.76, 0.0, 34.21, 55.84, 102.02, 343.62, 1463.13, 176.43, 252.72, 410.18, 468.05, 0.0, 217.13, 72.35, 0.0, 0.0, 329.83, 0.0, 0.0, 0.0, 0.0, 12.23, 219.04, 0.0, 0.0, 1749.14, 9.86, 607.15, 564.35, 987.78, 879.55, 0.0, 51.38, 120.36, 320.54, 243.22, 1799.37, 435.34, 626.82, 866.11, 266.5, 691.82, 0.0, 774.2, 421.28, 308.77, 1640.9, 0.0, 0.0, 7.31, 14.74, 0.0, 0.0, 0.0, 5.6, 0.0, 0.0, 599.77, 1754.13, 9.31, 5.39, 0.0, 0.0, 0.0, 189.06, 0.0]",21907.66,"['Maastrichterlaan', 'Hoogkuil']",nan
42074033,1755091299,0,"[6777601, 938735506, 1239932983]",False,nan,nan,secondary,"['50', '60', '80']",False,833.6990000000001,"[512, 514, 1155, 519, 1160, 524, 526, 529, 531, 536, 545, 1189, 2600, 2602, 2604, 2606, 559, 1199, 2608, 2610, 1203, 2612, 2614, 2616, 2618, 2620, 2622, 2624, 1217, 2626, 1219, 2628, 1223, 587, 592, 594, 1624, 1626, 603, 605, 1634, 1636, 1638, 1640, 1642, 508, 510]",82,63.0,0.013,nan,1.6962025316455696,1.0,1.9578947368421054,1.0,"[1346.53, nan, 4216.21, 2829.4, nan, nan, nan, nan, 1845.37, 1278.21, 5893.55, 2175.67, nan, nan, nan, nan, 6797.4, nan, nan, nan, 1756.85, 3074.19, 1900.96, nan, nan, nan, nan, nan, nan, nan, nan, nan, nan, 2688.92, nan, nan, 5622.71, 2588.51, nan, nan, 6375.23, 2266.58, 1963.49, 2512.61, nan, nan, 2033.83]",59166.22,"[1346.53, nan, 4000.85, 2943.03, nan, nan, nan, nan, 1479.11, nan, 6385.84, 1628.52, nan, nan, nan, nan, 11328.99, nan, nan, nan, 2091.49, 2881.68, nan, nan, nan, nan, nan, nan, nan, nan, nan, nan, nan, 2228.97, nan, nan, 5063.55, 2199.49, nan, nan, 5791.29, 2266.58, 1963.49, 2512.61, nan, nan, 1913.65]",58025.67,"[141.39, 0.0, 421.27, 308.39, 0.0, 0.0, 0.0, 0.0, 157.32, 7.03, 667.81, 174.0, 0.0, 0.0, 0.0, 0.0, 1164.62, 0.0, 0.0, 0.0, 217.77, 303.64, 10.46, 0.0, 0.0, 0.0, 0.0, 0.0, 0.0, 0.0, 0.0, 0.0, 0.0, 236.57, 0.0, 0.0, 534.75, 233.09, 0.0, 0.0, 611.3, 237.99, 206.17, 263.82, 0.0, 0.0, 201.59]",6098.98,Cruisboomveld,nan
42074695,2066650883,0,"[6772928, 347330697, 6772929, 347330700]",False,nan,nan,secondary,"['50', '80']",True,988.003,"[641, 772, 637, 2567, 777, 2569, 2571, 781, 2573, 2575, 2577, 2579, 1300, 2581, 661, 2583, 2585, 2587, 2589, 669, 2591, 2593, 2595, 2597, 2599, 684, 686, 2486, 1719, 2488, 2490, 698, 702, 704, 1228, 718, 1617, 1110, 1241, 1244, 1246, 736, 2657, 2659, 740, 2661, 1254, 1253, 750, 756, 760, 764, 765, 767]",88,65.0,0.015,nan,1.7647058823529411,1.0,2.2536585365853656,1.0,"[nan, 3439.07, nan, nan, 847.93, nan, nan, 7019.85, nan, 2654.57, 1342.98, 2475.87, nan, 1125.83, nan, 842.12, nan, nan, nan, 1200.72, nan, nan, nan, nan, nan, 4499.23, nan, 872.82, nan, 5376.72, 15015.53, nan, nan, nan, 2577.3, nan, nan, nan, nan, nan, 757.18, nan, 6731.65, 748.53, nan, 580.23, 3586.01, nan, nan, nan, nan, 1645.4, 6763.17, 1066.1]",71168.81,"[nan, 2977.62, nan, nan, 1390.05, nan, nan, nan, nan, 2087.78, 1091.17, 1779.19, nan, nan, nan, nan, nan, nan, nan, 1200.72, nan, nan, nan, nan, nan, 2907.2, nan, nan, nan, 4358.98, 13513.85, nan, nan, nan, nan, nan, nan, nan, nan, nan, nan, nan, 6422.86, 457.29, nan, nan, 3092.02, nan, nan, nan, nan, 2410.79, 5848.46, 754.91]",50292.89,"[0.0, 315.19, 0.0, 0.0, 142.97, 0.0, 0.0, 38.61, 0.0, 222.33, 115.96, 190.65, 0.0, 6.19, 0.0, 4.63, 0.0, 0.0, 0.0, 126.08, 0.0, 0.0, 0.0, 0.0, 0.0, 314.01, 0.0, 4.8, 0.0, 463.29, 1427.21, 0.0, 0.0, 0.0, 14.18, 0.0, 0.0, 0.0, 0.0, 0.0, 4.16, 0.0, 676.1, 49.62, 0.0, 3.19, 327.38, 0.0, 0.0, 0.0, 0.0, 248.92, 619.12, 80.98]",5395.57,Adsteeg,nan
42074992,42078554,0,"[6777681, 6777683, 1094542812]",True,3,A2,motorway,100,False,636.261,"[2408, 745, 774, 751]",52,100.0,0.006,yes,1.0,1.0,1.0,1.0,"[nan, 64635.16, nan, nan]",64635.16,"[nan, 64635.16, nan, nan]",64635.16,"[0.0, 6786.69, 0.0, 0.0]",6786.69,nan,nan
42075122,42084346,0,"[6773088, 163556623, 6777680, 6777682, 163556989, 1094542814]",True,"['2', '3']",A2,motorway,100,False,1596.1529999999998,"[773, 1171, 1174, 797, 676, 807, 942, 943, 944, 945, 1974, 1975, 1977, 835, 1227, 852, 2409, 748, 754]",51,100.0,0.016,yes,1.0,1.0,1.06,1.0,"[nan, nan, nan, nan, 62915.64, nan, 15031.19, nan, 14514.96, nan, nan, nan, nan, nan, nan, 9991.0, 1601.86, 8046.83, nan]",112101.48,"[nan, nan, nan, nan, nan, nan, 17894.28, nan, nan, nan, nan, nan, nan, nan, nan, nan, 1601.86, 6968.39, nan]",26464.53,"[0.0, 0.0, 0.0, 0.0, 346.04, 0.0, 1863.15, 0.0, 79.83, 0.0, 0.0, 0.0, 0.0, 0.0, 0.0, 54.95, 168.2, 737.61, 0.0]",3249.78,nan,nan
42075122,4343161072,0,"[947375148, 509091285]",True,2,A2,motorway,100,False,469.54,"[1024, 616, 1610, 522, 2410, 941, 1036, 2362]",110,100.0,0.005,yes,,1.0,1.0,1.0,"[nan, nan, nan, nan, nan, 11560.08, nan, 7855.97]",19416.05,"[nan, nan, nan, nan, nan, nan, nan, nan]",0.0,"[0.0, 0.0, 0.0, 0.0, 0.0, 63.58, 0.0, 43.21]",106.79,nan,nan
42078554,364718988,0,"[163556624, 1094543643, 163556988]",True,2,A2,motorway,100,False,447.56899999999996,"[800, 782, 1172, 949, 886, 1175, 1976]",60,100.0,0.004,yes,,1.0,,1.0,"[nan, nan, nan, nan, nan, nan, nan]",0.0,"[nan, nan, nan, nan, nan, nan, nan]",0.0,"[0.0, 0.0, 0.0, 0.0, 0.0, 0.0, 0.0]",0.0,nan,nan
42078554,3730310133,0,"[1094542813, 1037610686]",True,1,A2,motorway_link,130,False,98.477,"[1728, 1580, 775]",108,130.0,0.001,nan,,1.0,,1.0,"[nan, nan, nan]",0.0,"[nan, nan, nan]",0.0,"[0.0, 0.0, 0.0]",0.0,nan,nan
42080187,364718988,0,"[781521675, 163556627, 6777670]",True,1,A2,motorway_link,100,False,106.888,"[808, 885, 1173, 887, 1176]",59,100.0,0.001,yes,,1.0,,1.0,"[nan, nan, nan, nan, nan]",0.0,"[nan, nan, nan, nan, nan]",0.0,"[0.0, 0.0, 0.0, 0.0, 0.0]",0.0,nan,nan
42082276,1694982268,0,"[6773008, 509398743]",False,4,nan,secondary,50,True,68.97999999999999,"[2377, 2379, 2381, 1069, 2383, 1135, 2681]",79,50.0,0.001,nan,1.0,1.0,2.5625,1.0,"[1016.6, 1885.72, 366.08, 1116.53, 1621.12, 3690.18, 9938.76]",19634.99,"[nan, nan, nan, nan, nan, nan, 5830.0]",5830.0,"[5.59, 10.37, 2.01, 6.14, 8.92, 20.3, 634.75]",688.08,Wolfeynde,nan
42082276,2066650880,0,"[6772999, 463662860, 1012211279, 6773048, 196323453]",False,3,nan,secondary,50,False,492.98699999999997,"[1923, 2692, 1925, 1927, 795, 2076, 801, 2213, 805, 2215, 809, 813, 820, 821, 827, 830, 1726, 833, 839, 1622, 2652, 1249, 1256]",86,50.0,0.01,nan,4.613924050632911,1.0,4.9156626506024095,1.0,"[1102.05, 5793.98, 2157.07, 2829.82, 8181.9, 2569.5, 2759.85, 5760.22, 1648.58, 2772.22, 6687.45, 13433.4, 2252.93, 7290.67, 7753.05, 5420.25, 3721.28, 7946.7, 5952.85, 8005.72, 3006.45, 2005.4, 5112.68]",114164.02,"[1102.05, 5793.98, 2157.07, 1270.28, 8863.72, 2569.5, 2759.85, 5760.22, 1648.58, 2772.22, 6687.45, 13433.4, 2252.93, 7290.67, 7753.05, 5420.25, 3721.28, 7867.23, 5699.68, 7557.4, 7516.12, 886.6, 5112.68]",115896.21,"[115.72, 608.37, 226.49, 141.96, 926.94, 269.8, 289.78, 604.82, 173.1, 291.08, 702.18, 1410.51, 236.56, 765.52, 814.07, 569.13, 390.73, 826.5, 599.86, 795.99, 764.39, 99.25, 536.83]",12159.58,"['Raadhuisstraat', 'Brugstraat']",nan
298438528,9646055863,0,1095936809,True,1,nan,secondary,50,False,33.428,"[2436, 2435, 876]",57,50.0,0.001,nan,1.0,1.0,3.0,1.0,"[974.81, 1539.06, 773.91]",3287.78,"[nan, 923.44, nan]",923.44,"[5.36, 100.35, 4.26]",109.97,Maastrichterweg,nan
298438528,9646055861,0,1095936808,True,1,nan,secondary,50,False,33.221,"[2433, 2282, 2434]",120,50.0,0.001,nan,,1.0,1.7894736842105263,1.0,"[849.28, 752.17, 799.09]",2400.54,"[nan, nan, nan]",0.0,"[4.67, 4.14, 4.39]",13.2,Maastrichterweg,nan
355917887,4980868656,0,"[1094519680, 1094519681, 1094518829, 6778694]",True,"['1', '2', '3']",A79,"['motorway', 'motorway_link']",100,False,1160.3159999999998,"[2212, 43, 46, 879, 81, 2387, 2389, 2390, 56, 1599]",58,100.0,0.012,nan,1.0,1.0,1.0,1.0,"[19819.13, nan, nan, nan, nan, 19740.48, nan, nan, nan, nan]",39559.61,"[19819.13, nan, nan, nan, nan, 23500.57, nan, nan, nan, nan]",43319.7,"[2081.01, 0.0, 0.0, 0.0, 0.0, 2446.88, 0.0, 0.0, 0.0, 0.0]",4527.89,nan,nan
355917887,6284808447,0,"[6778696, 1094519682, 1356676043]",True,1,A79,motorway_link,"['130', '80']",False,814.7999999999998,"[133, 2700, 150, 919, 1943, 920, 921, 2208, 2209, 2210, 1713, 2236, 2237, 2240, 2241, 2242, 2243, 2244, 2256, 88, 89, 91, 93, 104, 105, 106, 107, 108, 1137, 1139, 1140, 125]",113,105.0,0.008,nan,,1.0,,1.0,"[nan, nan, nan, nan, nan, nan, nan, nan, nan, nan, nan, nan, nan, nan, nan, nan, nan, nan, nan, nan, nan, nan, nan, nan, nan, nan, nan, nan, nan, nan, nan, nan]",0.0,"[nan, nan, nan, nan, nan, nan, nan, nan, nan, nan, nan, nan, nan, nan, nan, nan, nan, nan, nan, nan, nan, nan, nan, nan, nan, nan, nan, nan, nan, nan, nan, nan]",0.0,"[0.0, 0.0, 0.0, 0.0, 0.0, 0.0, 0.0, 0.0, 0.0, 0.0, 0.0, 0.0, 0.0, 0.0, 0.0, 0.0, 0.0, 0.0, 0.0, 0.0, 0.0, 0.0, 0.0, 0.0, 0.0, 0.0, 0.0, 0.0, 0.0, 0.0, 0.0, 0.0]",0.0,nan,nan
364718988,8575829417,0,"[6777666, 1094543644]",True,"['2', '3']",A2,motorway,100,False,577.867,"[866, 836, 2407, 946, 947, 948, 853, 1973, 2167]",116,100.0,0.006,nan,,1.0,1.6210526315789473,1.0,"[nan, nan, nan, nan, 13550.17, nan, 20631.46, 7761.41, nan]",41943.04,"[nan, nan, nan, nan, nan, nan, nan, nan, nan]",0.0,"[0.0, 0.0, 0.0, 0.0, 74.53, 0.0, 113.47, 42.69, 0.0]",230.69,nan,nan
672173771,10036651817,0,6779700,True,1,nan,secondary,50,False,7.24,"[2273, 2291, 220, 909]",61,50.0,0.0,nan,3.0,1.0,4.0,1.0,"[174.36, 222.86, 184.5, 234.89]",816.61,"[256.41, 198.1, 307.5, 210.16]",972.17,"[26.47, 20.94, 31.61, 22.2]",101.22,nan,roundabout
672173771,931755857,0,1095936800,True,1,nan,secondary,50,False,36.698,"[2430, 2429, 910, 2690]",62,50.0,0.001,nan,2.6666666666666665,1.0,4.541666666666667,1.0,"[530.75, 1414.35, 1269.62, 1176.14]",4390.86,"[477.68, 850.29, 1142.66, 1128.46]",3599.09,"[50.45, 92.38, 120.68, 118.75]",382.26,Maastrichterweg,nan
672173771,9646055863,0,6779700,True,1,nan,secondary,50,False,24.984,"[1962, 907, 2284, 2285, 2286, 2287, 2288, 908, 2289, 2290, 214, 216, 218]",121,50.0,0.0,nan,2.6875,1.0,4.294117647058823,1.0,"[216.56, 199.11, 210.49, 194.06, 210.71, 229.78, 240.25, 247.5, 247.12, 234.65, 199.86, 240.88, 231.0]",2901.97,"[132.34, 152.26, 128.63, 128.08, 128.77, 193.5, 208.22, 198.0, 210.06, 209.95, 129.32, 481.75, 300.3]",2601.18,"[14.36, 16.24, 13.96, 13.81, 13.97, 20.52, 22.04, 21.06, 22.26, 22.18, 13.97, 49.26, 31.15]",274.78,nan,roundabout
847933557,847933560,0,71234475,True,nan,nan,secondary,50,False,39.964999999999996,"[1025, 1733, 926]",64,50.0,0.001,nan,5.0,1.0,5.0,1.0,"[1906.88, 3020.4, 4064.85]",8992.13,"[1906.88, 3020.4, 4064.85]",8992.13,"[200.22, 317.14, 426.81]",944.17,Bunderstraat,nan
847933557,6153690991,0,509397985,True,nan,nan,secondary,50,False,80.766,"[1734, 1885, 1045, 251, 253]",112,50.0,0.002,nan,5.0,1.0,5.0,1.0,"[1733.18, 2551.95, 4256.1, 3848.62, 5782.5]",18172.35,"[1733.18, 2551.95, 4256.1, 3848.62, 5782.5]",18172.35,"[181.98, 267.95, 446.89, 404.11, 607.16]",1908.09,Bunderstraat,nan
847933560,1470642590,0,"[720131696, 71234475, 176191796, 720131695]",True,nan,nan,secondary,50,False,121.624,"[2304, 258, 1027, 260, 1030, 263, 264, 927, 2464, 2721, 929, 2722, 1964, 1965, 1966, 1967, 1972, 965, 1230, 1231, 997, 1782, 2555, 2556, 1023]",65,50.0,0.002,nan,4.072727272727272,1.0,5.0,1.0,"[2916.9, 803.02, 1228.5, 852.3, 737.78, 594.9, 352.35, 1948.5, 783.22, 1143.9, 881.1, 727.65, 379.58, 638.33, 1065.15, 4806.23, 1435.28, 539.55, 631.12, 1019.7, 899.78, 1348.65, 389.7, 350.1, 892.12]",27365.41,"[5833.8, nan, 1228.5, 852.3, 737.78, 249.86, 147.99, 1948.5, 1143.51, 1143.9, 881.1, 727.65, nan, 319.16, 852.12, 4613.98, 1363.51, 226.61, 315.56, nan, 377.91, 1348.65, nan, 175.05, 2118.8]",26606.24,"[596.51, 4.42, 128.99, 89.49, 77.47, 28.13, 16.66, 204.59, 118.09, 120.11, 92.52, 76.4, 2.09, 35.27, 90.64, 485.53, 143.56, 25.52, 34.87, 5.61, 42.55, 141.61, 2.14, 19.34, 215.73]",2797.84,Bunderstraat,roundabout
847933560,6153690991,0,71234476,True,nan,nan,secondary_link,50,False,45.454000000000015,"[928, 2560, 930, 931, 932, 1955, 2561, 1018, 2558, 2559]",66,50.0,0.001,nan,5.0,1.0,5.0,1.0,"[1784.02, 269.32, 669.82, 2042.1, 261.45, 315.23, 258.98, 1050.75, 3079.12, 496.35]",10227.14,"[1784.02, 269.32, 669.82, 2042.1, 261.45, 315.23, 258.98, 2626.88, 3079.12, 496.35]",11803.27,"[187.32, 28.28, 70.33, 214.42, 27.45, 33.1, 27.19, 267.15, 323.31, 52.12]",1230.67,Bunderstraat,nan
859543703,2587147871,0,"[490065922, 6779107, 951696835, 284802954, 284803024]",True,"['2', '3']",A2,motorway,100,False,492.062,"[1349, 1414, 1350, 1351, 1353, 1354, 1355, 1356, 1708, 1358, 1618, 1823, 1334, 1336, 2202, 956, 1343]",67,100.0,0.005,yes,1.0,1.0,1.5454545454545454,1.0,"[6549.42, 4231.1, nan, 3964.5, nan, nan, nan, nan, nan, nan, nan, 7704.74, nan, nan, nan, nan, nan]",22449.76,"[6549.42, nan, nan, nan, nan, nan, nan, nan, nan, nan, nan, 4978.45, nan, nan, nan, nan, nan]",11527.87,"[687.69, 23.27, 0.0, 21.8, 0.0, 0.0, 0.0, 0.0, 0.0, 0.0, 0.0, 537.73, 0.0, 0.0, 0.0, 0.0, 0.0]",1270.49,nan,nan
859543703,3441582565,0,"[587459361, 294298502, 284802950, 294298503]",True,"['2', '1']",A2,motorway_link,100,False,525.486,"[2170, 1770, 1707, 1646, 1301, 1302, 1303, 1305, 1306, 1307, 957, 1502, 1503]",68,100.0,0.005,viaduct,1.9,1.0,2.5806451612903225,1.0,"[nan, nan, nan, nan, 5387.77, 1595.34, 6990.85, 3189.96, 3096.19, nan, nan, nan, 11435.16]",31695.27,"[nan, nan, nan, nan, nan, nan, 10755.15, 2324.33, 3096.19, nan, nan, nan, 10901.02]",27076.69,"[0.0, 0.0, 0.0, 0.0, 29.63, 8.77, 1108.59, 248.82, 325.1, 0.0, 0.0, 0.0, 1147.54]",2868.45,nan,nan
859543718,10036651839,0,1095936814,True,1,nan,secondary,50,False,31.35,"[2439, 2440, 971, 1881, 2460]",70,50.0,0.001,nan,1.1538461538461537,1.0,3.5652173913043477,1.0,"[654.53, 984.19, 933.6, 471.82, 286.87]",3331.01,"[nan, 675.43, 481.97, 220.18, 139.02]",1516.6,"[3.6, 72.62, 53.09, 24.5, 15.41]",169.22,Maastrichterweg,nan
859543718,9646103568,0,6779704,True,1,nan,secondary,50,False,23.619,"[2310, 2311, 2312, 2313, 969, 2314, 2315, 237, 234, 2316, 881, 1044]",122,50.0,0.0,nan,1.5,1.0,3.6363636363636362,1.0,"[154.78, 190.4, 201.98, 305.77, 153.89, 190.4, 237.75, 189.8, 238.25, 237.12, 154.29, 224.56]",2478.99,"[nan, nan, nan, nan, nan, nan, 178.31, nan, 238.25, 139.9, nan, 99.28]",655.74,"[0.85, 1.05, 1.11, 1.68, 0.85, 1.05, 19.05, 1.04, 25.02, 15.22, 0.85, 11.11]",78.88,Knooppunt Hoolhuis,roundabout
860028311,10024605460,0,"[435551040, 6779081, 6779083, 948868235, 6779085, 6779088]",True,2,A79,motorway,100,False,1167.0210000000002,"[129, 134, 138, 139, 140, 141, 2199, 1589, 1590, 1592, 1593, 1594, 979, 983, 87, 984, 2395, 1128, 109, 111, 117, 120]",71,100.0,0.012,yes,,1.0,,1.0,"[nan, nan, nan, nan, nan, nan, nan, nan, nan, nan, nan, nan, nan, nan, nan, nan, nan, nan, nan, nan, nan, nan]",0.0,"[nan, nan, nan, nan, nan, nan, nan, nan, nan, nan, nan, nan, nan, nan, nan, nan, nan, nan, nan, nan, nan, nan]",0.0,"[0.0, 0.0, 0.0, 0.0, 0.0, 0.0, 0.0, 0.0, 0.0, 0.0, 0.0, 0.0, 0.0, 0.0, 0.0, 0.0, 0.0, 0.0, 0.0, 0.0, 0.0, 0.0]",0.0,nan,nan
860028311,10024583900,0,"[435551041, 1094518827, 6778693, 27283429]",True,"['2', '3']",A79,motorway,100,False,1224.9279999999999,"[2211, 2157, 2158, 47, 48, 49, 2391, 2392, 1595, 59, 1598]",123,100.0,0.012,nan,1.9228295819935692,1.0,2.1451612903225805,1.0,"[11235.52, 12274.45, 11060.51, nan, 11809.27, 50339.44, 30860.24, nan, 35520.21, 77249.79, 23833.63]",264183.06,"[14852.15, 15274.88, 10026.07, nan, 8591.94, 45243.15, 26417.2, nan, 37799.32, 88707.64, 19146.72]",266059.07,"[1539.58, 1587.36, 1058.43, 0.0, 919.85, 4778.56, 2798.24, 0.0, 3956.39, 9251.28, 2036.18]",27925.87,nan,nan
931725785,8626619502,0,182723360,True,nan,nan,secondary,50,False,10.161,"[1944, 2193, 2188, 2173]",117,50.0,0.0,nan,,1.0,,1.0,"[nan, nan, nan, nan]",0.0,"[nan, nan, nan, nan]",0.0,"[0.0, 0.0, 0.0, 0.0]",0.0,Witte Hoek,roundabout
931755857,10036651839,0,6779708,False,2,nan,secondary,50,True,186.399,"[224, 228, 1736, 2444, 2293, 1142, 2295, 2297, 2299, 2301, 2303]",126,50.0,0.004,nan,1.9,1.0,2.735042735042735,1.0,"[5869.5, 636.54, 2528.42, 583.24, 1389.06, 4075.97, 3716.24, 1533.36, 6864.79, 3334.16, 675.68]",31206.96,"[6104.28, nan, 1872.9, nan, nan, 3315.77, 2204.19, 1369.07, 4176.24, 4793.99, nan]",23836.44,"[639.66, 3.5, 200.26, 3.21, 7.64, 352.34, 239.76, 144.66, 453.29, 495.34, 3.72]",2543.38,Maastrichterweg,nan
931755857,10036651817,0,1095936799,True,1,nan,secondary,50,False,36.754000000000005,"[1000, 2113, 2691, 2428]",75,50.0,0.001,nan,2.0,1.0,3.962962962962963,1.0,"[1387.69, 1202.67, 380.92, 1158.72]",4130.0,"[692.13, 1034.0, 326.5, 785.09]",2837.72,"[76.5, 109.5, 34.58, 84.49]",305.07,Maastrichterweg,nan
1694982268,7197169638,0,"[6773063, 506720936, 506720937, 6773037, 1012211281, 1381044020]",False,"['2', '3']",nan,secondary,50,True,494.15099999999995,"[2056, 2697, 1952, 1954, 1060, 1062, 1065, 1068, 1720, 1722, 1725, 847, 1874, 1876, 855, 857, 863, 865, 868, 870, 2679, 2683]",114,50.0,0.01,nan,3.4215686274509802,1.0,4.225806451612903,1.0,"[15632.78, 4870.06, 1281.6, 13211.43, 1699.24, 2420.04, 2641.8, 289.62, 640.8, 13353.08, 5579.78, 2162.5, 1258.49, 1442.4, 1311.3, 2504.72, 8791.61, 3866.21, 5793.75, 7521.52, 422.42, 2322.45]",99017.6,"[15632.78, nan, 1153.44, 11942.88, 954.81, 1452.02, 2201.5, nan, 512.64, 7252.83, 4866.8, 2279.97, 686.45, 757.26, 1888.27, 1661.03, 6444.11, nan, 8638.48, 7521.52, 305.08, 1699.35]",77851.22,"[1641.44, 26.79, 121.82, 1260.98, 104.35, 157.79, 233.58, 1.59, 54.53, 795.1, 514.94, 238.75, 75.22, 83.28, 195.1, 179.05, 689.54, 21.26, 891.39, 789.76, 32.68, 181.86]",8290.8,Stationstraat,nan
1694982268,2393656555,0,"[460737091, 6773062, 6773038, 6773040, 6773079]",False,"['2', '3']",nan,secondary,50,True,399.276,"[2726, 2695, 872, 2248, 2699, 845, 1872, 849, 851, 1332, 858, 861, 1311]",95,50.0,0.008,nan,1.144578313253012,1.0,1.5578947368421052,1.0,"[369.86, 887.26, nan, nan, 4865.12, 3391.79, 12779.64, nan, 1644.3, 3185.78, 10350.83, 4818.95, nan]",42293.53,"[266.3, 887.26, nan, nan, 4511.7, nan, 9361.83, nan, 1397.18, 3185.78, 8874.05, 3679.92, nan]",32164.02,"[28.53, 93.16, 0.0, 0.0, 475.67, 18.65, 1001.79, 0.0, 148.06, 334.51, 939.9, 392.66, 0.0]",3432.93,"['Prins Mauritslaan', 'Wolfeynde']",nan
1749457312,1755091299,0,"[1239932984, 1239932985]",True,nan,nan,secondary,50,False,108.69500000000001,"[1220, 2634, 2635, 2636, 2637, 2638, 2639, 2644, 2645, 2646, 2647, 2648, 2649]",83,50.0,0.002,nan,,1.0,,1.0,"[nan, nan, nan, nan, nan, nan, nan, nan, nan, nan, nan, nan, nan]",0.0,"[nan, nan, nan, nan, nan, nan, nan, nan, nan, nan, nan, nan, nan]",0.0,"[0.0, 0.0, 0.0, 0.0, 0.0, 0.0, 0.0, 0.0, 0.0, 0.0, 0.0, 0.0, 0.0]",0.0,"['Hussenbergstraat', 'Cruisboomveld']",nan
1912827603,3475088037,0,"[587459370, 215573159]",True,"['3', '1']",A79,motorway_link,100,False,261.072,"[1291, 1293, 1294, 1583, 2127, 1585, 1587, 1236]",84,100.0,0.003,nan,3.268292682926829,1.0,4.836734693877551,1.0,"[nan, nan, nan, 2781.8, nan, 5197.43, 4573.32, 4583.78]",17136.33,"[nan, nan, nan, 2447.98, nan, 4297.39, nan, 3717.95]",10463.32,"[0.0, 0.0, 0.0, 258.87, 0.0, 456.18, 25.15, 395.15]",1135.35,nan,nan
2066650880,2066650883,0,"[71144648, 6772956, 420383492]",True,nan,nan,secondary,50,False,30.784000000000006,"[902, 903, 904, 784, 785, 787, 790, 793, 794, 2221, 2222, 2223, 2224, 2225, 2226, 2227, 2232, 1248, 1251, 1255]",89,50.0,0.001,nan,1.4444444444444444,1.0,2.3684210526315788,1.0,"[411.73, 346.03, 250.72, 242.04, 222.48, 96.01, 237.8, 217.26, 237.78, 280.29, 181.35, 189.57, 97.9, 233.85, 241.31, 237.6, 240.98, 231.3, 110.56, 282.82]",4589.38,"[nan, nan, 259.37, 283.0, nan, nan, 182.92, 114.06, nan, 242.92, nan, nan, nan, 179.89, 163.02, 124.74, nan, 121.43, nan, 245.11]",1916.46,"[2.26, 1.9, 27.19, 29.49, 1.22, 0.53, 19.51, 12.54, 1.31, 25.71, 1.0, 1.04, 0.54, 19.19, 17.55, 13.72, 1.33, 13.35, 0.61, 25.94]",215.93,nan,roundabout
2119022099,3475087790,0,"[340294688, 337060731, 337060728]",True,1,A2,motorway_link,100,False,504.7640000000001,"[1820, 1565, 1827, 1828, 1829, 1830, 1831, 1323, 1324, 1325, 1326, 1327, 1328, 1329, 1330, 1507, 1508, 1509, 1512, 1516, 1517, 1774, 1775, 1776, 1777, 1518, 1519]",106,100.0,0.005,viaduct,3.6911764705882355,1.0,3.621794871794872,1.0,"[nan, 32301.69, nan, nan, 1023.05, 1053.85, 1057.98, nan, 883.25, nan, 943.42, 745.22, 1065.22, 651.5, nan, nan, nan, nan, nan, 650.99, 659.88, nan, 598.44, 601.74, 673.51, 888.16, 1157.08]",44954.98,"[nan, 32115.95, nan, nan, 1023.05, 1053.85, 950.03, nan, 883.25, nan, 943.42, nan, 2556.54, nan, nan, nan, nan, nan, nan, nan, 785.58, nan, nan, nan, 518.09, 666.12, 1031.99]",42527.87,"[0.0, 3373.2, 0.0, 0.0, 107.42, 110.65, 100.35, 0.0, 92.74, 0.0, 99.06, 4.1, 260.23, 3.58, 0.0, 0.0, 0.0, 0.0, 0.0, 3.58, 81.79, 0.0, 3.29, 3.31, 55.25, 71.16, 109.05]",4478.76,nan,nan
2178785461,3441582576,0,337060735,False,2,nan,secondary,50,True,8.794,1535,102,50.0,0.0,nan,,1.0,,1.0,[nan],0.0,[nan],0.0,[0.0],0.0,Ambyerweg,nan
2178785461,3475087790,0,"[587459369, 294242091]",True,2,nan,primary,50,False,170.67899999999997,"[1539, 1283, 1286, 1287, 1545, 1546, 1419, 1745, 2129, 1877, 1878, 1750, 1380, 1510, 1511, 1513, 1389, 1277, 1279]",92,50.0,0.003,nan,2.6153846153846154,1.0,3.5789473684210527,1.0,"[1974.0, 1776.5, nan, nan, nan, nan, 2040.87, 1374.28, nan, nan, nan, 1266.4, nan, nan, nan, nan, nan, nan, nan]",8432.05,"[1974.0, 2812.79, nan, nan, nan, nan, 3198.38, nan, nan, nan, nan, 2279.52, nan, nan, nan, nan, nan, nan, nan]",10264.69,"[207.27, 289.64, 0.0, 0.0, 0.0, 0.0, 329.46, 7.56, 0.0, 0.0, 0.0, 233.78, 0.0, 0.0, 0.0, 0.0, 0.0, 0.0, 0.0]",1067.71,Nieuwe Limmelderweg,nan
2178785461,2178785463,0,"[207636099, 587459366]",True,2,nan,primary,50,False,210.069,"[1280, 1281, 1282, 1284, 1289, 2061, 2062, 2063, 2064, 2065, 1298, 2067, 2068, 2069, 2066, 1333, 1768, 1520, 1527, 2168, 1276, 1278]",94,50.0,0.004,nan,3.5483870967741935,1.0,3.375,1.0,"[1186.75, nan, 766.4, 2015.75, 3541.02, nan, nan, nan, nan, nan, 1797.08, 1701.77, nan, 1179.25, 793.06, 8526.04, nan, 2101.75, nan, 1964.01, 1145.32, nan]",26718.2,"[1186.75, nan, nan, 1975.44, nan, nan, nan, nan, nan, nan, 1186.07, 2778.4, nan, 1179.25, nan, 8526.04, nan, 2101.75, nan, 1646.3, 1096.34, nan]",21676.34,"[124.61, 0.0, 4.22, 207.64, 19.48, 0.0, 0.0, 0.0, 0.0, 0.0, 127.9, 285.81, 0.0, 123.82, 4.36, 895.23, 0.0, 220.68, 0.0, 174.61, 115.39, 0.0]",2303.75,Nieuwe Limmelderweg,nan
2178785463,3441582565,0,490065923,True,1,nan,motorway_link,50,False,8.839,1533,101,50.0,0.0,nan,,1.0,,1.0,[nan],0.0,[nan],0.0,[0.0],0.0,nan,nan
2587147852,5257356353,0,456837262,True,3,A2,motorway,100,False,198.97000000000003,"[1338, 1749]",96,100.0,0.002,nan,,1.0,,1.0,"[nan, nan]",0.0,"[nan, nan]",0.0,"[0.0, 0.0]",0.0,nan,nan
2587147852,2587147871,0,"[462397447, 284803025, 284803026, 337060730, 337060732]",True,2,A2,motorway,100,False,788.2509999999999,"[1559, 1561, 1562, 1582, 1335, 1337, 1339, 1340, 1341, 1342, 1344, 1345, 1346, 1348, 1740, 1357, 1741, 1743, 1742, 1748, 1753, 1501, 1760]",98,100.0,0.008,viaduct,4.505376344086022,1.0,4.696078431372549,1.0,"[6857.0, nan, 5926.2, 11635.96, 7535.85, nan, nan, nan, nan, 5313.04, 14565.7, nan, nan, nan, nan, nan, nan, nan, nan, 7814.8, 5810.0, nan, 3199.6]",68658.15,"[6384.1, nan, 5876.82, 10833.48, 7535.85, nan, nan, nan, nan, nan, 30535.79, nan, nan, nan, nan, nan, nan, nan, nan, 19537.0, 5810.0, nan, 3080.67]",89593.71,"[672.93, 0.0, 617.34, 1141.93, 791.26, 0.0, 0.0, 0.0, 0.0, 29.22, 3118.42, 0.0, 0.0, 0.0, 0.0, 0.0, 0.0, 0.0, 0.0, 1986.91, 610.05, 0.0, 324.12]",9292.18,nan,nan
2587147852,2832217848,0,"[369221729, 720205319]",True,1,A79,motorway,100,False,524.524,"[1696, 1505, 1699, 1415, 1578, 1691, 1711, 1367, 1369, 1371, 1692]",100,100.0,0.005,nan,4.330798479087452,1.0,4.637362637362638,1.0,"[6343.37, 8049.76, 8995.88, 11655.86, 12944.45, 5049.97, nan, 6472.59, 7893.41, 2579.54, 5867.75]",75852.58,"[5904.22, 9154.62, 8830.16, 28656.55, 12068.51, 5049.97, nan, 6259.99, 7606.37, 2160.64, 5867.75]",91558.78,"[622.36, 955.16, 928.08, 2915.43, 1272.01, 530.25, 0.0, 658.47, 800.25, 229.17, 616.11]",9527.29,nan,nan
3441582565,3441582576,0,"[337060737, 587459365]",True,2,nan,primary,50,False,200.889,"[1536, 2169, 1767, 1522, 1523, 1524, 1525, 2070, 2071, 1528, 1529, 1526, 1530, 1532, 1534]",103,50.0,0.004,nan,4.2272727272727275,1.0,3.323529411764706,1.0,"[2387.91, 2068.82, nan, 2292.75, 1825.74, 1975.25, 807.14, 1765.0, 1267.5, nan, nan, 9149.4, nan, nan, nan]",23539.51,"[2387.91, nan, nan, 2292.75, 1639.44, 1975.25, nan, 1765.0, 819.0, nan, nan, 19941.0, nan, nan, nan]",30820.35,"[250.73, 11.38, 0.0, 240.74, 173.17, 207.4, 4.44, 185.32, 88.46, 0.0, 0.0, 2034.45, 0.0, 0.0, 0.0]",3196.09,Nieuwe Limmelderweg,nan
3475087790,3475088037,0,"[340294690, 340294691, 340294686]",True,"['2', '1']",nan,primary,50,False,88.061,"[2131, 1571, 1564, 1574]",105,50.0,0.002,yes,4.0,1.0,4.0625,1.0,"[nan, nan, 2934.88, 7354.69]",10289.57,"[nan, nan, 2885.14, 7303.62]",10188.76,"[0.0, 0.0, 303.21, 767.16]",1070.37,Nieuwe Limmelderweg,nan
9646055861,9646055863,0,6779700,True,1,nan,secondary,50,False,7.691,"[2281, 906, 211, 2283]",119,50.0,0.0,nan,1.0,1.0,3.4,1.0,"[174.36, 216.56, 215.78, 216.45]",823.15,"[120.25, 101.06, 100.7, 120.25]",442.26,"[12.92, 11.25, 11.21, 13.16]",48.54,nan,roundabout
9646055861,10036651817,0,6779700,True,1,nan,secondary,50,False,36.11900000000001,"[2272, 2274, 2275, 2276, 2277, 2278, 2279, 2280, 1963, 219, 911, 912, 913, 914, 212, 215, 217, 2427]",125,50.0,0.001,nan,1.5,1.0,2.4444444444444446,1.0,"[162.91, 105.37, nan, 105.05, 181.52, 201.1, 200.1, 201.2, 175.44, 163.15, 182.34, 137.71, 138.12, 200.7, 201.0, 200.7, nan, 200.2]",2756.61,"[nan, nan, nan, nan, nan, nan, 125.06, nan, nan, nan, 163.48, nan, nan, nan, 105.52, nan, nan, 162.66]",556.72,"[0.9, 0.58, 0.0, 0.58, 1.0, 1.11, 13.54, 1.11, 0.96, 0.9, 17.27, 0.76, 0.76, 1.1, 11.6, 1.1, 0.0, 17.29]",70.56,nan,roundabout
