o_id,EV1_ma,EV1_ma_A
O_0,0.0,no access
O_1,2.6395583152770996,no access
O_2,2.1024583844910905,access
O_3,1.8374132743131097,access
O_4,1.6921268290721798,access
O_5,2.5012426376342773,no access
O_6,2.4595582485198975,no access
O_7,1.9437025896685534,access
O_8,1.4845133394895784,access
O_9,1.5727315690383012,access
O_10,1.8563191299191542,access
O_11,1.5770583720848972,access
O_12,1.3515582519444425,access
O_13,0.6303160097200557,access
O_14,2.2584124125538096,access
O_15,1.7592213526199925,access
O_16,1.563768078855676,access
O_17,0.5593514442443848,access
O_18,0.0,access
O_19,0.0,access
O_20,1.8332133176611576,access
O_21,1.0601327734991843,access
O_22,0.7997462749481201,access
O_23,0.3724942207336426,access
O_24,0.0,access
O_25,0.0,access
O_26,1.7025205232534266,access
O_27,0.8273989857484522,access
O_28,0.0,access
O_29,0.0,access
O_30,0.0,access
O_31,0.0,access
O_32,0.0,access
O_33,1.9189882337604236,no access
O_34,1.2616676321650995,access
O_35,0.8766532592967001,access
O_36,0.0,access
O_37,0.0,access
O_38,0.0,access
O_39,0.0,access
O_40,0.0,access
O_41,0.0,access
O_42,2.36260267273685,no access
O_43,1.763278503419117,no access
O_44,0.0,no access
O_45,0.34993791580200195,access
O_46,0.0,access
O_47,0.0,access
O_48,0.0,access
O_49,0.0,access
O_50,0.0,access
O_51,0.0,access
O_52,0.0,access
O_53,0.6495130062103271,no access
O_54,0.17029762268066406,no access
O_55,0.0,no access
O_56,0.0,access
O_57,0.0,access
O_58,0.0,access
O_59,0.0,access
O_60,0.0,access
O_61,0.0,access
O_62,0.0,access
O_63,0.0,access
O_64,1.8190097610716498,no access
O_65,1.2717092853083136,no access
O_66,0.6584503404894562,no access
O_67,0.0,no access
O_68,0.8074835180818574,no access
O_69,0.0,access
O_70,0.0,access
O_71,0.0,access
O_72,0.0,access
O_73,0.0,access
O_74,0.0,access
O_75,0.0,access
O_76,0.0,access
O_77,2.175963651618167,no access
O_78,1.40046257368599,no access
O_79,1.2566689451535356,access
O_80,1.2245827487838599,access
O_81,0.8702842699813229,no access
O_82,0.32976865768432617,no access
O_83,0.0,access
O_84,0.0,access
O_85,0.0,access
O_86,0.0,access
O_87,0.0,access
O_88,0.0,access
O_89,0.0,access
O_90,0.0,access
O_91,0.0,access
O_92,0.49553537368774414,no access
O_93,2.034527596693444,no access
O_94,2.3421740170725487,no access
O_95,2.0330783133791175,no access
O_96,1.9893933138157553,no access
O_97,1.4854573748442725,no access
O_98,1.3113612753689918,no access
O_99,1.3361549689228756,no access
O_100,1.2597134156429075,no access
O_101,0.0,access
O_102,0.0,access
O_103,0.0,access
O_104,0.0,access
O_105,0.0,access
O_106,0.0,access
O_107,0.0,access
O_108,0.0,access
O_109,0.0,access
O_110,0.0,access
O_111,0.0,access
O_112,0.0,access
O_113,1.7979527466029688,no access
O_114,2.0626978112496213,no access
O_115,1.7004688622046333,no access
O_116,1.9197629746008589,no access
O_117,1.697233716007146,no access
O_118,1.2574403730222221,no access
O_119,1.0391168214001898,no access
O_120,1.3651930387751268,no access
O_121,1.5302490314048434,no access
O_122,1.023698600597691,no access
O_123,0.22220563888549805,no access
O_124,0.905347751934044,no access
O_125,0.0,access
O_126,0.0,access
O_127,0.0,access
O_128,0.0,access
O_129,0.0,access
O_130,0.0,access
O_131,0.0,access
O_132,0.0,access
O_133,0.0,access
O_134,0.0,access
O_135,0.0,access
O_136,1.9611393253833564,no access
O_137,2.043284904189505,no access
O_138,2.5708020106532,no access
O_139,1.548253797101781,no access
O_140,1.5609042433305294,no access
O_141,0.6138142429155907,no access
O_142,0.0,no access
O_143,1.40706717562683,no access
O_144,1.494778664790035,no access
O_145,0.0,no access
O_146,0.0,access
O_147,0.4606905703016017,no access
O_148,0.32138633728027344,no access
O_149,0.0,access
O_150,0.0,access
O_151,0.0,access
O_152,0.0,access
O_153,0.0,access
O_154,0.0,access
O_155,0.0,access
O_156,0.0,access
O_157,0.0,access
O_158,0.0,access
O_159,0.0,access
O_160,1.8310170431298864,no access
O_161,1.9261172475203507,no access
O_162,2.023778897374344,no access
O_163,2.1511002357790963,no access
O_164,1.0168002516773602,no access
O_165,0.9563145149207591,no access
O_166,1.1146860587496095,no access
O_167,1.3644442250070026,no access
O_168,0.8360141123294937,no access
O_169,0.0,no access
O_170,0.0,no access
O_171,0.0,access
O_172,0.0,access
O_173,0.0,access
O_174,0.0,access
O_175,0.0,access
O_176,0.0,access
O_177,0.0,access
O_178,0.0,access
O_179,0.0,access
O_180,0.0,access
O_181,0.0,access
O_182,0.0,access
O_183,0.0,access
O_184,0.0,access
O_185,0.45157337188720703,no access
O_186,1.2502473587100726,no access
O_187,1.7760723694956013,no access
O_188,1.9205881878381335,no access
O_189,2.0467007230899306,no access
O_190,2.292384876656104,no access
O_191,1.037402459954265,no access
O_192,0.9833803160649013,no access
O_193,1.023391625110638,no access
O_194,1.1135834106945888,no access
O_195,1.4683887444670132,no access
O_196,1.2215298544842823,no access
O_197,0.0,no access
O_198,0.0,no access
O_199,0.0,access
O_200,0.0,access
O_201,0.0,no access
O_202,0.10509967803955078,access
O_203,0.0,access
O_204,0.0,access
O_205,0.0,access
O_206,0.12984371185302734,access
O_207,0.0,access
O_208,0.0,access
O_209,0.0,access
O_210,0.0,access
O_211,0.0,access
O_212,0.0,access
O_213,0.0,access
O_214,0.0,access
O_215,0.0,no access
O_216,1.7569899751697224,no access
O_217,1.6860059921028179,no access
O_218,2.033352402113004,no access
O_219,1.9759933961692728,no access
O_220,1.3485102697377709,no access
O_221,1.1392531030375528,no access
O_222,1.2391720718111778,no access
O_223,1.6995795754328915,no access
O_224,1.413538146042484,no access
O_225,0.0,no access
O_226,0.6595170497894287,no access
O_227,0.7122993469238281,no access
O_228,0.0,access
O_229,0.0,access
O_230,0.0,no access
O_231,0.4407839775085449,access
O_232,0.0,access
O_233,0.0,access
O_234,0.0,access
O_235,0.0,access
O_236,0.7604904174804688,no access
O_237,0.0,access
O_238,0.0,access
O_239,0.0,access
O_240,0.0,access
O_241,0.0,access
O_242,0.0,no access
O_243,0.0,no access
O_244,0.0,no access
O_245,0.0,no access
O_246,1.769450777863197,no access
O_247,1.8082346106884706,no access
O_248,1.8804374676709787,no access
O_249,2.047596741286685,no access
O_250,1.6830728607393761,no access
O_251,1.2082739340712287,no access
O_252,1.2780355554883078,no access
O_253,1.5155284223319676,no access
O_254,1.7406880855560303,no access
O_255,0.9320194721221924,no access
O_256,0.0,no access
O_257,1.0056796744010021,no access
O_258,0.9007709919590507,no access
O_259,0.0,no access
O_260,0.0,no access
O_261,0.0,access
O_262,0.0,access
O_263,0.0,no access
O_264,0.0,no access
O_265,0.0,no access
O_266,0.26958322525024414,no access
O_267,0.0,no access
O_268,0.0,access
O_269,0.0,access
O_270,0.0,access
O_271,0.0,access
O_272,0.0,no access
O_273,0.0,no access
O_274,0.0,no access
O_275,1.3349216766167276,no access
O_276,0.0,no access
O_277,0.0,no access
O_278,1.7026845356988192,no access
O_279,1.725923872109154,no access
O_280,1.7996301124456644,no access
O_281,1.8234014979005593,no access
O_282,1.7752699432233932,no access
O_283,1.8036280408550422,no access
O_284,1.7667676840015416,no access
O_285,1.9853034266623275,no access
O_286,1.9263499697620674,no access
O_287,1.4794047363461014,no access
O_288,1.518912396545632,no access
O_289,1.0365483355096825,no access
O_290,1.465186844103012,no access
O_291,0.0,no access
O_292,0.0,no access
O_293,1.4835578421841709,no access
O_294,0.0,no access
O_295,0.0,no access
O_296,0.5826230049133301,no access
O_297,0.0,no access
O_298,0.0,no access
O_299,0.0,no access
O_300,0.0,no access
O_301,0.0,access
O_302,0.0,access
O_303,0.0,access
O_304,1.3379128026125926,no access
O_305,1.4683391465872133,no access
O_306,1.3797885844364612,no access
O_307,1.4888941315184447,no access
O_308,1.4675211834160409,no access
O_309,2.2662564846090207,no access
O_310,1.7479261454649686,no access
O_311,0.8614589541828384,no access
O_312,1.5200662516906427,no access
O_313,1.8284915866917366,no access
O_314,1.8531616760233478,no access
O_315,1.8113421098318665,no access
O_316,1.873135397368976,no access
O_317,1.7430310751676876,no access
O_318,1.8208271513828436,no access
O_319,1.9815379446876458,no access
O_320,2.290318512724089,no access
O_321,2.3372170571021273,no access
O_322,2.1454743668087937,no access
O_323,1.9091482431883127,no access
O_324,1.407291809666159,no access
O_325,1.9729059036656795,no access
O_326,1.840592466161888,no access
O_327,1.9746039160668243,no access
O_328,1.909943523541215,no access
O_329,1.6881351358049612,no access
O_330,1.3964239252503223,no access
O_331,0.0,no access
O_332,1.209621089551332,no access
O_333,1.4076457170326169,no access
O_334,0.0,no access
O_335,0.6828082563170266,no access
O_336,0.0,access
O_337,0.0,access
O_338,0.6612713630205849,access
O_339,1.3315335225217286,access
O_340,1.5135426427973797,no access
O_341,1.5361247164455634,no access
O_342,1.3796052395978655,no access
O_343,1.3719367263776958,no access
O_344,2.254711398677522,no access
O_345,2.0775593120493383,no access
O_346,1.5332264392929758,no access
O_347,1.3143561868171014,no access
O_348,0.0,no access
O_349,0.8546804085586479,no access
O_350,1.4016796200440937,no access
O_351,1.7869755821628548,no access
O_352,1.9236941591809364,no access
O_353,1.9925717639587988,no access
O_354,2.0239066953374953,no access
O_355,2.0031834167070373,no access
O_356,1.932906785662944,no access
O_357,2.0444050977449697,no access
O_358,2.1998195979184687,no access
O_359,2.2265749761463907,no access
O_360,2.0996218875738397,no access
O_361,2.276470398856492,no access
O_362,2.1135439891653376,no access
O_363,2.0200998896881854,no access
O_364,2.074399416833133,no access
O_365,1.9424962731111453,no access
O_366,2.0437743618850304,no access
O_367,2.069472956777198,no access
O_368,1.573524510284015,no access
O_369,1.203200101852417,no access
O_370,1.8389726666711792,no access
O_371,1.9089626154269128,no access
O_372,1.7436711998709242,access
O_373,1.5737471648805632,access
O_374,1.037562255254489,access
O_375,0.0,access
O_376,0.0,access
O_377,0.4281430244445801,no access
O_378,1.3149358921379468,no access
O_379,1.418051121573416,no access
O_380,1.47181293855381,no access
O_381,2.257353967646108,no access
O_382,1.5988194781272198,no access
O_383,0.0,no access
O_384,0.8499660491943359,no access
O_385,1.4178413081312298,no access
O_386,1.825831426522772,no access
O_387,1.9285890097057399,no access
O_388,1.9736734294323452,no access
O_389,2.0502682269011787,no access
O_390,2.2471268062195904,no access
O_391,2.2801012162602445,no access
O_392,2.292281251059511,no access
O_393,2.0080583571878416,no access
O_394,1.9800534964354668,no access
O_395,1.9929167901360823,no access
O_396,1.8370820983344904,no access
O_397,1.989354850986506,no access
O_398,2.231193356338197,no access
O_399,2.1468344402260175,no access
O_400,2.099467635086633,no access
O_401,2.1676966384093097,no access
O_402,1.5752334594726562,no access
O_403,0.7298591680947242,no access
O_404,1.3335545063018799,no access
O_405,1.1158786873880446,no access
O_406,1.894245289812489,access
O_407,0.8768734354963805,access
O_408,0.0,access
O_409,0.0,access
O_410,0.49489365040141575,no access
O_411,0.9889909398622696,no access
O_412,1.387559374726269,no access
O_413,1.3894658970598583,no access
O_414,1.437462542193186,no access
O_415,1.3537907032094942,no access
O_416,1.7061184398812075,no access
O_417,1.0721479900688449,no access
O_418,1.4764095912528754,no access
O_419,1.9216409298029156,no access
O_420,1.955141377634622,no access
O_421,2.0614458882134477,no access
O_422,1.958423032884095,no access
O_423,2.0792522509754736,no access
O_424,2.2070889429728604,no access
O_425,2.2140218855472886,no access
O_426,2.2942728527049674,no access
O_427,2.2545521083726583,no access
O_428,2.330941757822468,no access
O_429,2.2200158787845776,no access
O_430,2.1875982111908776,no access
O_431,2.0554088394529697,no access
O_432,1.8132504621181342,no access
O_433,2.047109197609648,no access
O_434,2.208005422103698,no access
O_435,1.9762720795931634,no access
O_436,1.8824456898510107,no access
O_437,2.1939603875297355,no access
O_438,1.203905480814469,no access
O_439,0.0,no access
O_440,0.48256772957408856,no access
O_441,1.113053321838379,no access
O_442,0.0,access
O_443,0.0,access
O_444,0.0,access
O_445,0.1923316334899171,access
O_446,0.8899194505393663,no access
O_447,1.2579873479943382,no access
O_448,1.4100833136790132,no access
O_449,1.4431345705215268,no access
O_450,1.3425980962711275,no access
O_451,0.9031867619822164,no access
O_452,0.0,no access
O_453,2.348422960457681,no access
O_454,2.087090860328437,no access
O_455,1.7057307061769147,no access
O_456,1.8898992170485889,no access
O_457,1.9042758256524839,no access
O_458,1.989451921531729,no access
O_459,1.9789580165862717,no access
O_460,1.977765694868764,no access
O_461,2.145426666105847,no access
O_462,2.2944895730617456,no access
O_463,2.2594019536642316,no access
O_464,2.208766236390504,no access
O_465,2.1770341917176803,no access
O_466,2.2954213661327487,no access
O_467,2.2457838070841896,no access
O_468,2.162837564122066,no access
O_469,2.1143102645874023,no access
O_470,2.0638567075306127,no access
O_471,1.8708792972255963,no access
O_472,1.9020875514518578,no access
O_473,1.4317370373009504,no access
O_474,1.226652458080713,no access
O_475,1.1817058035587378,no access
O_476,1.283102035522461,no access
O_477,0.27280616760253906,no access
O_478,1.1724858283996582,no access
O_479,0.0,no access
O_480,0.0,access
O_481,0.0,access
O_482,0.0,access
O_483,0.45586427360936793,access
O_484,0.8810293646482468,no access
O_485,1.3452642885036374,no access
O_486,1.4536465368655844,no access
O_487,1.3960356218510608,no access
O_488,1.3262976585672874,no access
O_489,0.6112391948699951,no access
O_490,0.0,no access
O_491,0.0,no access
O_492,2.3198169695554056,no access
O_493,2.332559623883099,no access
O_494,1.9026050853969392,no access
O_495,1.8004052639007568,no access
O_496,1.8687311669196687,no access
O_497,1.898198718103497,no access
O_498,1.9849179951892442,no access
O_499,2.0788909888875797,no access
O_500,2.1940195409082626,no access
O_501,2.261275310003617,no access
O_502,2.231153668089822,no access
O_503,2.241311740468352,no access
O_504,2.1836082300819997,no access
O_505,2.189372696451975,no access
O_506,2.194721578421953,no access
O_507,2.1793655483945225,no access
O_508,2.0767526636984988,no access
O_509,1.871757584554638,no access
O_510,1.3687743674864497,no access
O_511,1.7877140498080832,no access
O_512,1.063142924123862,no access
O_513,0.17510128021240234,no access
O_514,0.0,no access
O_515,0.0,no access
O_516,1.0207967481536016,no access
O_517,0.0,access
O_518,0.0,access
O_519,0.0,access
O_520,0.29484811899866786,access
O_521,0.594419202633517,access
O_522,1.0899487472103813,access
O_523,1.208748786950919,no access
O_524,1.383053026342289,no access
O_525,1.292545288611217,no access
O_526,1.199382718376598,no access
O_527,0.0,no access
O_528,0.0,no access
O_529,2.1695877475905685,no access
O_530,2.0910575089902235,no access
O_531,1.908520638537526,no access
O_532,2.229728283068706,no access
O_533,2.4048787495166373,no access
O_534,2.0467420834182595,no access
O_535,1.8155318290239222,no access
O_536,1.8759325844453116,no access
O_537,1.9837382150325202,no access
O_538,2.1180376000376255,no access
O_539,2.167692814106514,no access
O_540,2.1356002099744926,no access
O_541,2.1581704830009785,no access
O_542,2.215525236494605,no access
O_543,2.1074476498971144,no access
O_544,2.1048339063132357,no access
O_545,2.0813335131981994,no access
O_546,1.963647020405245,no access
O_547,1.7642179382894505,no access
O_548,1.3549859523773193,no access
O_549,0.686508016774673,no access
O_550,0.0,access
O_551,0.0,no access
O_552,0.0,access
O_553,0.0,access
O_554,0.6461036516484202,no access
O_555,0.5219806902068787,access
O_556,0.0,access
O_557,0.38974595069885254,access
O_558,1.0395269925932147,access
O_559,1.2312432641672417,access
O_560,1.0497043626846303,access
O_561,1.178774842768369,access
O_562,1.3616477096375992,no access
O_563,1.290022203671293,no access
O_564,0.0,no access
O_565,0.0,no access
O_566,0.9024160822109963,no access
O_567,1.75431668835478,no access
O_568,1.7661082137858706,no access
O_569,2.143372539326149,no access
O_570,2.1373240288507867,no access
O_571,2.011732446294882,no access
O_572,1.9422805824148262,no access
O_573,2.449423872994586,no access
O_574,2.119548384431999,no access
O_575,1.716728038099137,no access
O_576,1.8100460954671718,no access
O_577,1.8909122322802014,no access
O_578,1.999741114609757,no access
O_579,2.0416731749658457,no access
O_580,2.0340184072489986,no access
O_581,2.0567615557706955,no access
O_582,2.112879526404232,no access
O_583,2.0605801874088683,no access
O_584,2.099013086737356,no access
O_585,2.106311559677124,no access
O_586,2.0408910019200075,no access
O_587,1.5499618383996427,no access
O_588,0.36723899841308594,no access
O_589,0.0,access
O_590,0.0,access
O_591,0.0,access
O_592,0.0,access
O_593,0.0,access
O_594,0.5703527596379041,no access
O_595,0.31936344528545535,no access
O_596,0.0,access
O_597,0.0,access
O_598,0.3772759437561035,access
O_599,0.0,access
O_600,1.140015897435134,no access
O_601,1.4539272456005436,no access
O_602,1.5608168688259767,no access
O_603,2.2056346492805057,no access
O_604,1.9058861841035308,no access
O_605,1.922675487024423,no access
O_606,2.0123882519677667,no access
O_607,1.9964005384982837,no access
O_608,1.9881762524052011,no access
O_609,2.4454585899173242,no access
O_610,2.267747984115627,no access
O_611,1.7187345728739252,no access
O_612,1.7892858039182082,no access
O_613,1.854183800391941,no access
O_614,1.8831033944048572,no access
O_615,1.889875278810413,no access
O_616,1.9114680967890187,no access
O_617,1.9333588714731758,no access
O_618,1.4108582635678726,no access
O_619,1.3807719377050311,no access
O_620,1.694124579544399,no access
O_621,1.0656494641291259,access
O_622,0.0,access
O_623,0.0,no access
O_624,0.0,access
O_625,0.0,no access
O_626,0.0,access
O_627,0.0,access
O_628,0.0,access
O_629,0.25358284607770404,no access
O_630,0.38303098933003815,no access
O_631,0.0,access
O_632,0.0,access
O_633,0.0,access
O_634,0.0,access
O_635,0.997524858129695,access
O_636,1.8144756105738997,no access
O_637,1.8847764509401095,no access
O_638,2.37343544083163,no access
O_639,2.4417289216597826,no access
O_640,1.8021871023982505,no access
O_641,1.8007100486654133,no access
O_642,1.7785955563957248,no access
O_643,1.7679856120168485,no access
O_644,1.686132531537431,no access
O_645,1.1289835333149665,no access
O_646,0.5151845582182263,no access
O_647,0.0,no access
O_648,0.0,no access
O_649,0.0,access
O_650,0.0,access
O_651,0.0,access
O_652,0.0,access
O_653,0.0,access
O_654,0.0,access
O_655,0.0,access
O_656,0.2761087417602539,access
O_657,0.0,access
O_658,0.0,access
O_659,0.0,access
O_660,0.0,access
O_661,0.0,access
O_662,0.0,access
O_663,0.578667163848877,access
O_664,0.995237844580393,access
O_665,2.3696791816929688,no access
O_666,2.5266625105984484,no access
O_667,1.9407793414049899,no access
O_668,1.7326030353591206,no access
O_669,1.0604286193847656,no access
O_670,1.6077554384584305,no access
O_671,1.3497910499572754,no access
O_672,0.0,no access
O_673,0.33846426010131836,no access
O_674,0.0,no access
O_675,0.0,no access
O_676,0.0,access
O_677,0.0,access
O_678,0.0,access
O_679,0.0,access
O_680,0.0,access
O_681,0.0,access
O_682,0.0,access
O_683,0.0,access
O_684,0.0,access
O_685,0.0,access
O_686,0.0,access
O_687,0.0,access
O_688,0.0,access
O_689,0.0,access
O_690,0.8579148756018111,access
O_691,0.9620608488162069,access
O_692,2.3735087332671627,no access
O_693,1.9039087733273679,no access
O_694,1.9256028120397508,no access
O_695,2.2158291062503155,no access
O_696,2.391686650558313,no access
O_697,2.459053853198031,no access
O_698,2.654579862012975,no access
O_699,2.6968885448882447,no access
O_700,2.3340026980875774,no access
O_701,2.3920553359969787,no access
O_702,2.558937487247192,no access
O_703,2.310587837134431,no access
O_704,0.0,no access
O_705,0.0,no access
O_706,0.8100848197937012,no access
O_707,0.7707529067993164,no access
O_708,0.0,no access
O_709,0.46214663429786407,no access
O_710,0.13956308364868164,no access
O_711,0.0,no access
O_712,0.0,access
O_713,0.0,access
O_714,0.0,access
O_715,0.0,access
O_716,0.0,access
O_717,0.0,access
O_718,0.0,access
O_719,0.0,access
O_720,0.0,access
O_721,0.0,access
O_722,0.0,access
O_723,0.0,access
O_724,0.0,access
O_725,0.0,access
O_726,0.8686671257019043,access
O_727,1.0625762815236321,access
O_728,0.8404357350461997,access
O_729,1.9144268065060197,no access
O_730,1.6150317856550234,no access
O_731,1.6739206961321864,no access
O_732,1.6353402489044742,no access
O_733,1.697505556334622,no access
O_734,1.8429271633084476,no access
O_735,2.0950908400377513,no access
O_736,2.317188218463854,no access
O_737,2.556322621613411,no access
O_738,2.658959719466517,no access
O_739,2.610848937703123,no access
O_740,2.545005189451345,no access
O_741,2.298758549212348,no access
O_742,2.304714074387606,no access
O_743,2.470479497623051,no access
O_744,2.518104771715116,no access
O_745,1.5408462457703345,no access
O_746,0.6043663024902344,no access
O_747,0.0,no access
O_748,0.0,no access
O_749,0.0,no access
O_750,1.0225141089344374,no access
O_751,0.33303021686060585,no access
O_752,0.0,no access
O_753,0.0,access
O_754,0.0,access
O_755,0.0,access
O_756,0.0,access
O_757,0.0,access
O_758,0.0,access
O_759,0.0,access
O_760,0.0,access
O_761,0.0,access
O_762,0.0,access
O_763,0.0,access
O_764,0.0,access
O_765,0.0,access
O_766,0.0,access
O_767,0.10782861709594727,access
O_768,0.0,access
O_769,0.0,access
O_770,1.1693370051144163,access
O_771,2.0732661921210647,no access
O_772,1.730652536465868,no access
O_773,1.7538932692411582,no access
O_774,1.48935557073573,no access
O_775,1.6030157719208782,no access
O_776,1.7695885782838188,no access
O_777,2.1324539216401526,no access
O_778,1.9611402673521687,no access
O_779,1.8396689622198763,no access
O_780,1.9248947452229015,no access
O_781,2.251232203955994,no access
O_782,2.4298100118812025,no access
O_783,2.55933940255406,no access
O_784,2.60692944289722,no access
O_785,2.5466388513568035,no access
O_786,2.3698490513022783,no access
O_787,1.8921985002038304,no access
O_788,1.0623559951782227,no access
O_789,0.0,no access
O_790,0.0,no access
O_791,0.21885919570922852,no access
O_792,1.0023668178668308,no access
O_793,0.718682856069296,no access
O_794,0.5781902118654528,no access
O_795,0.0,access
O_796,0.13172149658203125,access
O_797,0.4098152839836876,access
O_798,0.0,access
O_799,0.0,access
O_800,0.0,access
O_801,0.0,access
O_802,0.0,access
O_803,0.0,access
O_804,0.0,access
O_805,0.0,access
O_806,0.0,access
O_807,0.0,access
O_808,0.0,access
O_809,0.0,access
O_810,0.0,access
O_811,0.0,access
O_812,0.0,access
O_813,1.4019714940933763,access
O_814,1.4773252915685937,no access
O_815,1.7179286479949951,no access
O_816,1.6725423918176072,no access
O_817,1.5961263179779053,no access
O_818,2.1009769419550057,no access
O_819,2.35972089639255,no access
O_820,2.047596085548548,no access
O_821,1.6156933307161905,no access
O_822,1.6305649158676128,no access
O_823,1.9476178476865544,no access
O_824,2.111590970908108,no access
O_825,2.441700643198296,no access
O_826,2.5215892522239325,no access
O_827,2.218491467271426,no access
O_828,0.5896730328823014,no access
O_829,0.5393784642554231,no access
O_830,0.0,no access
O_831,0.0,no access
O_832,0.0,no access
O_833,0.9363142912435424,no access
O_834,0.8333325377202744,no access
O_835,0.7405613612186572,no access
O_836,0.0,no access
O_837,0.21281712501751526,no access
O_838,0.5970555269299372,no access
O_839,0.0,no access
O_840,0.0,access
O_841,0.0,access
O_842,0.0,access
O_843,0.0,access
O_844,0.0,access
O_845,0.0,access
O_846,0.0,access
O_847,0.0,access
O_848,0.0,access
O_849,0.0,access
O_850,0.0,access
O_851,0.0,access
O_852,0.0,access
O_853,0.0,access
O_854,1.681676914436079,access
O_855,0.531289249416427,no access
O_856,0.0,no access
O_857,1.4367609024047852,no access
O_858,1.7134026451543471,no access
O_859,1.7987786672732105,no access
O_860,1.907301397540533,no access
O_861,0.7522185518939114,no access
O_862,2.1915749172155414,no access
O_863,2.7640605829177134,no access
O_864,2.3050732386759614,no access
O_865,1.8000882039671238,no access
O_866,1.6004031071668674,no access
O_867,1.7317790354295886,no access
O_868,2.194298188503642,no access
O_869,2.4123360281096997,no access
O_870,2.470309804413654,no access
O_871,2.4189838713508323,no access
O_872,0.35219573974609375,no access
O_873,0.0,no access
O_874,0.0,no access
O_875,0.0,no access
O_876,0.0,no access
O_877,0.0,no access
O_878,0.7939118150216297,no access
O_879,0.358938809421507,no access
O_880,0.0,no access
O_881,0.0,no access
O_882,0.6168275115732422,no access
O_883,0.4017341613588454,no access
O_884,0.0,access
O_885,0.0,access
O_886,0.0,access
O_887,0.0,access
O_888,0.0,access
O_889,0.0,access
O_890,0.0,access
O_891,0.0,access
O_892,0.0,access
O_893,0.0,access
O_894,0.0,access
O_895,0.0,access
O_896,0.0,access
O_897,0.0,access
O_898,0.7274207098811063,access
O_899,1.895410388335934,access
O_900,1.5219440846244239,no access
O_901,2.075728896493679,no access
O_902,1.9378432475723704,no access
O_903,1.8403090379105762,no access
O_904,0.6797006213809098,no access
O_905,1.8519150727809635,no access
O_906,2.1068962866436403,no access
O_907,1.81709539866012,no access
O_908,1.5487982088762542,no access
O_909,1.4162810957994512,no access
O_910,1.649655025164523,no access
O_911,2.27025713699056,no access
O_912,2.409218938503715,no access
O_913,2.0329156290614714,no access
O_914,1.840085006936926,no access
O_915,1.392195701599121,no access
O_916,0.0,no access
O_917,0.0,no access
O_918,0.0,no access
O_919,0.5659140816923383,no access
O_920,0.6175374661087838,no access
O_921,0.8211498868334323,no access
O_922,0.0,no access
O_923,0.0,no access
O_924,0.49561224853792973,no access
O_925,0.0,no access
O_926,0.0,access
O_927,0.0,access
O_928,0.0,access
O_929,0.0,access
O_930,0.0,access
O_931,0.0,access
O_932,0.0,access
O_933,0.0,access
O_934,0.0,access
O_935,0.0,access
O_936,0.0,access
O_937,0.0,access
O_938,0.0,access
O_939,1.910828350722157,access
O_940,1.7051327934445493,access
O_941,1.7928363983065447,access
O_942,2.376725570241515,access
O_943,1.384494527075325,no access
O_944,1.6593745068916723,no access
O_945,1.6008380731654503,no access
O_946,0.9463507323317417,no access
O_947,1.436362521131579,no access
O_948,1.6380680033048434,no access
O_949,1.6636112431481442,no access
O_950,1.5334046312129495,no access
O_951,1.6810408549522895,no access
O_952,2.216116449291292,no access
O_953,1.8581419084170454,no access
O_954,0.0,no access
O_955,0.7674451499959383,no access
O_956,0.7382002242282952,no access
O_957,0.0,no access
O_958,0.0,no access
O_959,0.0,no access
O_960,0.9059944387272105,no access
O_961,0.630775757948762,no access
O_962,0.3418745994567871,no access
O_963,0.0,no access
O_964,0.8952187560130797,no access
O_965,0.47667855962986316,no access
O_966,0.6714716732381726,no access
O_967,0.0,no access
O_968,0.0,access
O_969,0.0,access
O_970,0.0,access
O_971,0.0,access
O_972,0.0,access
O_973,0.13801145553588867,access
O_974,0.0,access
O_975,0.0,access
O_976,0.0,access
O_977,0.0,access
O_978,0.0,access
O_979,2.6090550422668457,access
O_980,1.789179617703256,access
O_981,1.6077984086217005,access
O_982,1.584507673631106,no access
O_983,1.5823727672356813,no access
O_984,1.6848864254122387,no access
O_985,1.8127176623361323,no access
O_986,1.7411381706919873,no access
O_987,1.138477850239998,no access
O_988,1.4230857831430077,no access
O_989,1.584803299175926,no access
O_990,1.7563854352695596,no access
O_991,2.0124577461194857,no access
O_992,2.060184718976699,no access
O_993,1.9061580109799792,no access
O_994,0.7652438085629211,no access
O_995,0.5363728468720752,no access
O_996,0.7824205089139863,no access
O_997,0.7161455463776575,no access
O_998,0.5010021525242636,no access
O_999,0.0,no access
O_1000,0.8457821813506493,no access
O_1001,0.8719537301173793,no access
O_1002,0.6318464279174805,no access
O_1003,0.3227739395787908,no access
O_1004,0.9141053961819738,no access
O_1005,0.3892167814707357,no access
O_1006,0.3257179228406585,no access
O_1007,0.2604513168334961,no access
O_1008,0.0,access
O_1009,0.0,access
O_1010,0.0,access
O_1011,0.0,access
O_1012,0.0,access
O_1013,0.2848219586962219,no access
O_1014,0.12055015563964844,access
O_1015,0.0,access
O_1016,0.0,access
O_1017,0.0,access
O_1018,0.0,access
O_1019,0.0,access
O_1020,1.9266299148818997,access
O_1021,1.6916793294893653,access
O_1022,1.7579615743260724,access
O_1023,1.717141866693673,access
O_1024,1.7194182689651087,access
O_1025,1.6978709853831224,no access
O_1026,1.81955031575811,no access
O_1027,0.3351904511774512,no access
O_1028,0.6679432860781845,no access
O_1029,1.0999893744562614,no access
O_1030,1.3996262237451065,no access
O_1031,1.6059189197779309,no access
O_1032,2.1282997508309864,no access
O_1033,2.368810043296908,no access
O_1034,1.975152979329002,no access
O_1035,0.49338045346139947,no access
O_1036,0.26253652572631836,no access
O_1037,0.32522776140864035,no access
O_1038,0.18988200921021364,no access
O_1039,0.0,no access
O_1040,0.1811227798461914,no access
O_1041,0.7749453473983253,no access
O_1042,0.7376367606252132,no access
O_1043,0.8722951184752069,no access
O_1044,0.8004276522767785,no access
O_1045,0.9862455985597982,no access
O_1046,0.8351981789753425,no access
O_1047,0.3407402038574219,access
O_1048,0.0,access
O_1049,0.0,access
O_1050,0.0,access
O_1051,0.0,access
O_1052,0.0,access
O_1053,0.0,access
O_1054,0.1849265779292185,no access
O_1055,0.2851656096518297,no access
O_1056,0.0,access
O_1057,0.0,access
O_1058,0.0,access
O_1059,0.0,access
O_1060,0.0,access
O_1061,0.0,access
O_1062,1.923804252887946,access
O_1063,1.838486066717482,access
O_1064,1.670808980675113,access
O_1065,1.4720972880475378,access
O_1066,1.4535802580759847,no access
O_1067,1.8617909941748905,no access
O_1068,1.837724513519416,no access
O_1069,1.5992424338426376,no access
O_1070,1.5178715492944188,no access
O_1071,0.4859631512748002,no access
O_1072,0.8577232838518576,no access
O_1073,1.021883583646569,no access
O_1074,1.3792262860166489,no access
O_1075,1.802510204059095,no access
O_1076,2.090193067835057,no access
O_1077,2.005017306128913,no access
O_1078,0.6520888805389404,no access
O_1079,0.0,no access
O_1080,0.0,no access
O_1081,0.4329714775085449,no access
O_1082,0.0,no access
O_1083,0.0,no access
O_1084,0.6382528346682006,no access
O_1085,0.7810484792717814,no access
O_1086,0.3915982246398926,no access
O_1087,0.3213702515364436,no access
O_1088,0.8168882666670849,no access
O_1089,0.8426881370758685,no access
O_1090,0.2885710883914905,no access
O_1091,0.0,access
O_1092,0.0,access
O_1093,0.0,access
O_1094,0.0,access
O_1095,0.0,access
O_1096,0.0,access
O_1097,0.0,access
O_1098,0.0,access
O_1099,0.0,access
O_1100,0.4857540591850491,no access
O_1101,0.44402869651790844,no access
O_1102,0.380752509025114,access
O_1103,0.0,access
O_1104,0.0,access
O_1105,0.0,access
O_1106,1.9761753241739175,access
O_1107,1.8906257829230901,access
O_1108,1.860710475458583,access
O_1109,1.7895296467914223,no access
O_1110,1.7668111596882576,no access
O_1111,1.7487337033649155,no access
O_1112,1.6442506625837074,no access
O_1113,1.455371175810361,no access
O_1114,1.726887329264855,no access
O_1115,1.3280560464249533,no access
O_1116,0.4977716336733762,no access
O_1117,0.8407713328301207,no access
O_1118,1.067188453780533,no access
O_1119,1.2204077095822117,no access
O_1120,1.9571203864308901,no access
O_1121,1.8869770203853045,no access
O_1122,1.3818175765712424,no access
O_1123,0.3957886077793411,no access
O_1124,0.14235591888427734,no access
O_1125,0.0,no access
O_1126,0.1915569305419922,no access
O_1127,0.0,no access
O_1128,0.7857560507316811,no access
O_1129,0.5343047267112426,no access
O_1130,0.6582328041569967,no access
O_1131,0.25351982490307445,no access
O_1132,0.6419046097978844,no access
O_1133,0.9069423175295149,no access
O_1134,0.4759386344301163,no access
O_1135,0.0,access
O_1136,0.0,access
O_1137,0.0,access
O_1138,0.0,access
O_1139,0.0,access
O_1140,0.0,access
O_1141,0.0,access
O_1142,0.0,access
O_1143,0.0,access
O_1144,0.0,access
O_1145,0.0,access
O_1146,0.0,no access
O_1147,0.0,access
O_1148,0.0,access
O_1149,0.0,access
O_1150,0.0,access
O_1151,2.0153759137127643,access
O_1152,1.699330456970291,access
O_1153,1.7736557381675433,access
O_1154,1.7217766967080121,no access
O_1155,1.459328162876472,no access
O_1156,1.213477668462874,no access
O_1157,1.3701437397898557,no access
O_1158,1.8731076425765223,no access
O_1159,2.209874992663237,no access
O_1160,1.10126163506663,no access
O_1161,0.5919129251885187,no access
O_1162,0.8348484226841137,no access
O_1163,1.426668941124618,no access
O_1164,1.73959329605485,no access
O_1165,1.7338259010478034,no access
O_1166,1.6718203422925075,no access
O_1167,0.9985332972337695,no access
O_1168,0.8559264145173227,no access
O_1169,0.6726214266868109,no access
O_1170,0.45098761567736084,no access
O_1171,0.4715566635131836,no access
O_1172,0.7513331449972885,no access
O_1173,0.6054418872413989,no access
O_1174,0.6524587833528571,no access
O_1175,0.0,no access
O_1176,0.31159305572509766,no access
O_1177,0.7871546203346337,no access
O_1178,0.7137706685959344,no access
O_1179,0.0,no access
O_1180,0.0,access
O_1181,0.0,access
O_1182,0.0,access
O_1183,0.0,access
O_1184,0.0,access
O_1185,0.0,access
O_1186,0.0,access
O_1187,0.0,access
O_1188,0.0,access
O_1189,0.0,access
O_1190,0.0,access
O_1191,0.0,access
O_1192,0.0,access
O_1193,0.0,access
O_1194,0.0,access
O_1195,0.0,access
O_1196,2.8197289539611603,access
O_1197,1.6950446386390035,access
O_1198,1.3938203688319937,no access
O_1199,1.3630187207320326,no access
O_1200,1.7289932724035295,no access
O_1201,2.1017205012142206,no access
O_1202,2.2479846157550223,no access
O_1203,1.4433316195192603,no access
O_1204,0.7091765183008435,no access
O_1205,0.8933211372331848,no access
O_1206,1.7163332778375096,no access
O_1207,1.990010691431022,no access
O_1208,1.687679158767677,no access
O_1209,0.3008262928497501,no access
O_1210,0.9329966855061653,no access
O_1211,0.729813189511224,no access
O_1212,0.9655353480046188,no access
O_1213,0.7439490635054284,no access
O_1214,0.7524947170354703,no access
O_1215,0.7239556226331743,no access
O_1216,0.7141125271592494,no access
O_1217,0.490829711021884,no access
O_1218,0.706785456933402,no access
O_1219,0.7426170526575571,no access
O_1220,0.5963048861176581,no access
O_1221,0.5639289283513016,no access
O_1222,0.0,access
O_1223,0.0,access
O_1224,0.0,access
O_1225,0.0,access
O_1226,0.0,access
O_1227,0.0,access
O_1228,0.0,access
O_1229,0.0,access
O_1230,0.0,access
O_1231,0.0,access
O_1232,0.0,access
O_1233,0.0,access
O_1234,0.0,access
O_1235,0.0,access
O_1236,0.0,access
O_1237,0.0,access
O_1238,0.0,access
O_1239,1.8741194722696013,access
O_1240,1.730621694246074,access
O_1241,1.511965701227687,no access
O_1242,1.6936176587056497,no access
O_1243,1.8819091946956992,no access
O_1244,1.9810296873091982,no access
O_1245,2.0322445559852884,no access
O_1246,1.9162207870369907,no access
O_1247,1.7125880962250162,no access
O_1248,0.7648053523936429,no access
O_1249,1.0888851456256878,no access
O_1250,1.236983342488562,no access
O_1251,1.607925512688514,no access
O_1252,0.9577494386712176,no access
O_1253,0.8186322402275521,no access
O_1254,0.1587180506208266,no access
O_1255,0.7575658885147116,no access
O_1256,0.6043822262081331,no access
O_1257,0.4221394434440363,no access
O_1258,0.4235978727195177,no access
O_1259,0.8132833070803408,no access
O_1260,0.42107495653213217,no access
O_1261,0.40884548669696463,no access
O_1262,0.5443231061144733,no access
O_1263,0.0,no access
O_1264,0.8219537872050057,no access
O_1265,0.3548886675406728,no access
O_1266,0.0,access
O_1267,0.0,access
O_1268,0.0,access
O_1269,0.0,access
O_1270,0.0,access
O_1271,0.0,access
O_1272,0.0,access
O_1273,0.0,access
O_1274,0.0,access
O_1275,0.0,access
O_1276,0.0,access
O_1277,0.0,access
O_1278,0.0,access
O_1279,0.0,access
O_1280,0.0,access
O_1281,0.0,access
O_1282,0.0,access
O_1283,1.7769398563152803,access
O_1284,1.717216632703974,access
O_1285,1.469859245040448,no access
O_1286,1.3268752542657047,no access
O_1287,0.9063109066069126,no access
O_1288,0.8818779547306297,no access
O_1289,1.053736871169828,no access
O_1290,1.1630654570727796,no access
O_1291,0.0,no access
O_1292,2.0380405370708714,no access
O_1293,2.1487943318773333,no access
O_1294,2.21640073183593,no access
O_1295,2.105170407023683,no access
O_1296,1.8989035353729447,no access
O_1297,1.2505258686420535,no access
O_1298,0.8825265784919027,no access
O_1299,2.1126034167286183,no access
O_1300,1.7243699539247812,no access
O_1301,0.8258158287502971,no access
O_1302,1.067205075640342,no access
O_1303,1.573018046359776,no access
O_1304,0.7356058457836445,no access
O_1305,0.9622631133305891,no access
O_1306,0.7038909735288253,no access
O_1307,0.8225631965980924,no access
O_1308,0.7626438645189444,no access
O_1309,0.5024656727414151,no access
O_1310,0.7907458676193131,no access
O_1311,0.810762856262937,no access
O_1312,0.6974214536214133,no access
O_1313,0.5524848101121332,no access
O_1314,0.5240236709706656,no access
O_1315,0.5252142053764147,no access
O_1316,0.5017333843892434,no access
O_1317,0.36841247988829906,no access
O_1318,0.4931382209206947,no access
O_1319,0.0,no access
O_1320,0.0,access
O_1321,0.0,access
O_1322,0.0,access
O_1323,0.0,access
O_1324,0.0,access
O_1325,0.0,access
O_1326,0.0,access
O_1327,0.0,access
O_1328,0.0,access
O_1329,0.0,access
O_1330,0.0,access
O_1331,0.0,access
O_1332,0.0,access
O_1333,0.19049668312072754,no access
O_1334,0.0,access
O_1335,0.0,access
O_1336,1.884921006752859,access
O_1337,1.8105752663107684,no access
O_1338,1.6660742019786141,no access
O_1339,1.6136223881090943,no access
O_1340,1.5711506880647539,no access
O_1341,1.495035179834828,no access
O_1342,0.0,no access
O_1343,0.0,no access
O_1344,0.0,no access
O_1345,0.0,no access
O_1346,0.0,no access
O_1347,0.5661605234938377,no access
O_1348,2.1453315874644043,no access
O_1349,2.6086029789216374,no access
O_1350,2.3806248339205567,no access
O_1351,1.9450977838207564,no access
O_1352,1.6793028346462744,no access
O_1353,1.0309713816596178,no access
O_1354,0.8171398146112617,no access
O_1355,1.743965995667422,no access
O_1356,2.115535864020524,no access
O_1357,2.0372160205795424,no access
O_1358,1.2445999694958612,no access
O_1359,0.9466341124672404,no access
O_1360,0.8392332298158708,no access
O_1361,0.8933403852374032,no access
O_1362,0.827376940195847,no access
O_1363,0.7981318151417301,no access
O_1364,0.23124265670776367,no access
O_1365,0.8153477990000476,no access
O_1366,0.9225520508138232,no access
O_1367,0.8075058832234114,no access
O_1368,0.5801849410673585,no access
O_1369,0.0,no access
O_1370,0.4605502519105143,no access
O_1371,0.4800028556591387,no access
O_1372,0.49125242233276367,no access
O_1373,0.3072779631033516,access
O_1374,0.0,access
O_1375,0.0,access
O_1376,0.0,access
O_1377,0.0,access
O_1378,0.0,access
O_1379,0.0,access
O_1380,0.0,access
O_1381,0.4550752639770508,no access
O_1382,1.564973902234509,access
O_1383,1.5348342706200147,access
O_1384,1.5207395212819153,access
O_1385,1.3782537434449862,access
O_1386,0.8542770155707581,access
O_1387,0.9985753229331995,access
O_1388,1.4646587785227698,no access
O_1389,0.6404967308044434,no access
O_1390,0.0,access
O_1391,0.0,access
O_1392,1.7980081045524434,no access
O_1393,1.6817126561182856,no access
O_1394,1.6155532835037745,no access
O_1395,1.3989630660255767,no access
O_1396,0.5369822978973389,no access
O_1397,0.0,no access
O_1398,0.0,no access
O_1399,0.0,no access
O_1400,0.0,no access
O_1401,0.0,no access
O_1402,0.0,no access
O_1403,0.0,no access
O_1404,2.211358659221715,no access
O_1405,2.708190427568722,no access
O_1406,2.3672974026491045,no access
O_1407,1.1486343860461548,no access
O_1408,0.7316598223459546,no access
O_1409,0.9800493566028174,no access
O_1410,2.162574815968465,no access
O_1411,2.3597219839496058,no access
O_1412,2.505204570651717,no access
O_1413,2.5910477167756856,no access
O_1414,2.1604499642242607,no access
O_1415,1.014287935257246,no access
O_1416,0.9202409752420659,no access
O_1417,0.6655254113223914,no access
O_1418,0.5592118187903978,no access
O_1419,0.3530220536356784,no access
O_1420,0.6675441640605931,no access
O_1421,0.7777034175687149,no access
O_1422,0.8535430042229781,no access
O_1423,0.7168851268920633,no access
O_1424,0.7133633204338345,no access
O_1425,0.6960239595581249,no access
O_1426,0.0,no access
O_1427,0.28611020547991095,no access
O_1428,0.0,no access
O_1429,0.0,no access
O_1430,0.0,access
O_1431,0.0,access
O_1432,0.0,access
O_1433,0.0,no access
O_1434,0.0,access
O_1435,1.4751360416412354,no access
O_1436,1.3050451278686523,access
O_1437,1.6078106922161948,no access
O_1438,1.7192291217941595,no access
O_1439,1.7135395651704572,access
O_1440,1.6114965151994445,no access
O_1441,1.5496689114965452,no access
O_1442,1.5169504503820388,no access
O_1443,1.4819292976625533,no access
O_1444,1.54636524551659,no access
O_1445,1.494292364123267,no access
O_1446,1.387283391570172,access
O_1447,0.9447045019938013,no access
O_1448,1.763350547442784,no access
O_1449,1.3172808296363852,no access
O_1450,0.0,no access
O_1451,0.0,no access
O_1452,0.0,no access
O_1453,0.0,no access
O_1454,0.0,no access
O_1455,0.0,no access
O_1456,0.0,no access
O_1457,1.0375783443450928,no access
O_1458,1.1498975726681127,no access
O_1459,1.758888302279956,no access
O_1460,1.8345995168865166,no access
O_1461,2.0323181714060636,no access
O_1462,3.1112350262906947,no access
O_1463,2.372362708420441,no access
O_1464,0.852750062178015,no access
O_1465,0.6336119979337,no access
O_1466,2.0016771947364598,no access
O_1467,2.264129161167092,no access
O_1468,2.3345850189202735,no access
O_1469,2.6148283892781174,no access
O_1470,2.7902431931267264,no access
O_1471,2.7652856682275773,no access
O_1472,2.602983727884292,no access
O_1473,0.386252874719655,no access
O_1474,0.7005808405256728,no access
O_1475,0.0,no access
O_1476,0.0,no access
O_1477,0.8944109058257625,no access
O_1478,0.872281721450555,no access
O_1479,0.5594103458708235,no access
O_1480,0.5076719449352415,no access
O_1481,0.6361098179825109,no access
O_1482,0.0,access
O_1483,0.4653137347207408,no access
O_1484,0.2503995895385742,no access
O_1485,0.0,access
O_1486,0.0,access
O_1487,0.0,access
O_1488,0.0,access
O_1489,0.0,access
O_1490,1.8872307906862273,no access
O_1491,1.842651047417344,no access
O_1492,1.7007199579444199,no access
O_1493,1.5205514401346365,no access
O_1494,1.6232302560428746,no access
O_1495,1.4743519702398842,no access
O_1496,1.4284973536401162,no access
O_1497,1.4544138998072056,no access
O_1498,1.4926639117008837,no access
O_1499,1.520502522391049,no access
O_1500,1.5672839000920897,access
O_1501,1.4487874494941873,no access
O_1502,2.8434496442245805,no access
O_1503,1.23624115384436,no access
O_1504,0.9207541053575399,no access
O_1505,0.1880960464477539,no access
O_1506,0.2687458088022288,no access
O_1507,0.47855234146118164,no access
O_1508,0.8585524559020996,no access
O_1509,1.0372522261946966,no access
O_1510,1.52893340519377,no access
O_1511,1.4534411706444885,no access
O_1512,1.7587143631356077,no access
O_1513,1.9222636914514668,no access
O_1514,2.0780466802685353,no access
O_1515,2.1504797969903566,no access
O_1516,3.063600141993212,no access
O_1517,0.32096521897180136,no access
O_1518,0.35704363988200083,no access
O_1519,2.197461232351144,no access
O_1520,2.2731624731304705,no access
O_1521,2.3455514943080953,no access
O_1522,2.5292911502591684,no access
O_1523,2.57446789141024,no access
O_1524,2.718536341975759,no access
O_1525,2.7969008653371863,no access
O_1526,2.359087482355153,no access
O_1527,1.0289283716216173,no access
O_1528,0.2445978612826816,no access
O_1529,0.34001636505126953,no access
O_1530,0.8101880988761366,no access
O_1531,0.32489151785116455,no access
O_1532,0.289019868293131,no access
O_1533,0.3485689163208008,no access
O_1534,0.5687171100978259,no access
O_1535,0.5077862857902018,no access
O_1536,0.26846885681152344,no access
O_1537,0.0,access
O_1538,0.0,access
O_1539,0.0,no access
O_1540,0.0,access
O_1541,0.0,access
O_1542,1.7761093992457344,no access
O_1543,2.03552112547319,no access
O_1544,1.7371787671150858,no access
O_1545,1.555891578257638,no access
O_1546,1.4043320683068974,no access
O_1547,1.3071929102337454,no access
O_1548,1.3493128958757916,no access
O_1549,1.2833644808816245,no access
O_1550,1.202425156588656,no access
O_1551,1.0990536553298456,no access
O_1552,1.0151452107462373,no access
O_1553,0.6982347965240479,no access
O_1554,0.949079618068412,no access
O_1555,1.3188362781251,no access
O_1556,1.5884934461529854,no access
O_1557,1.8134499789252794,no access
O_1558,1.7968289072642465,no access
O_1559,2.048970099215153,no access
O_1560,2.3445332050323486,no access
O_1561,0.7092522484978335,no access
O_1562,1.2770240876057148,no access
O_1563,2.304652344987194,no access
O_1564,2.399452948560082,no access
O_1565,2.3619338681119384,no access
O_1566,2.3879633196674073,no access
O_1567,2.482429993391667,no access
O_1568,2.560166007489697,no access
O_1569,2.74836755002412,no access
O_1570,2.756422069033192,no access
O_1571,1.460488822749675,no access
O_1572,0.6155208189658775,no access
O_1573,0.6759200096130371,no access
O_1574,0.0,no access
O_1575,0.2801051139831543,no access
O_1576,0.4057755014219647,no access
O_1577,0.2870380347365171,no access
O_1578,0.5029877728886136,no access
O_1579,0.5328541868089017,no access
O_1580,0.19846868515014648,access
O_1581,0.0,access
O_1582,0.0,access
O_1583,0.23223482614688393,no access
O_1584,0.1639254093170166,no access
O_1585,1.3890245866036484,access
O_1586,1.9496630944579492,no access
O_1587,1.6800156524201675,no access
O_1588,1.6367980562760218,no access
O_1589,1.5705841608894033,no access
O_1590,1.5193113614180134,no access
O_1591,1.3213506268696829,no access
O_1592,0.6666777938828583,no access
O_1593,1.2120437535233208,no access
O_1594,1.3806194547784658,no access
O_1595,1.4865714468730082,no access
O_1596,1.6971791526829774,no access
O_1597,1.9993520972831471,no access
O_1598,2.2840503410051216,no access
O_1599,1.188301836405825,no access
O_1600,1.9338277614988193,no access
O_1601,2.555539055652893,no access
O_1602,0.0,no access
O_1603,2.524100314725848,no access
O_1604,2.496212505414461,no access
O_1605,2.2897603077896704,no access
O_1606,1.1307083231375321,no access
O_1607,0.515601634979248,no access
O_1608,0.0,access
O_1609,0.0,access
O_1610,0.0,no access
O_1611,0.0,access
O_1612,0.0,no access
O_1613,0.0,no access
O_1614,0.0,access
O_1615,0.0,access
O_1616,0.9495321988625578,no access
O_1617,0.9463272646898881,no access
O_1618,1.5525381108826253,no access
O_1619,1.610432508248599,no access
O_1620,1.5756783708972752,no access
O_1621,2.853652160784916,no access
O_1622,1.4374647714842914,no access
O_1623,1.6926064481867384,no access
O_1624,1.1940737292573982,no access
O_1625,0.0,no access
O_1626,0.2104175090789795,no access
O_1627,0.7900166255235532,no access
O_1628,1.3546086377280249,no access
O_1629,1.716462323782378,no access
O_1630,1.80698103099073,no access
O_1631,1.9860671329666053,no access
O_1632,2.5230234850880575,no access
O_1633,0.6452297761894168,no access
O_1634,0.6430144309997559,no access
O_1635,0.0,no access
O_1636,0.0,no access
O_1637,1.2685267321241467,no access
O_1638,2.5573841809781364,no access
O_1639,1.4674339294433594,no access
O_1640,0.0,access
O_1641,0.0,access
O_1642,0.0,access
O_1643,0.0,access
O_1644,0.0,access
O_1645,0.0,access
O_1646,0.0,access
O_1647,0.0,no access
O_1648,1.5934617248931995,no access
O_1649,1.6439784700448068,no access
O_1650,1.525709220694363,no access
O_1651,1.3964775314551903,no access
O_1652,1.1926643526260503,no access
O_1653,1.2564268964927354,no access
O_1654,1.3666054936062462,no access
O_1655,0.5356266498565674,no access
O_1656,0.0,no access
O_1657,0.0,no access
O_1658,0.0,no access
O_1659,1.0238588522252456,no access
O_1660,1.4120202597183045,no access
O_1661,1.4116165846494768,no access
O_1662,1.9907248137233773,no access
O_1663,1.9971867747451646,no access
O_1664,1.9870847331145172,no access
O_1665,1.870099935264916,no access
O_1666,2.0722259333995607,no access
O_1667,0.0,no access
O_1668,3.0188722610473633,no access
O_1669,2.030898295181625,no access
O_1670,0.0,access
O_1671,0.0,access
O_1672,0.0,access
O_1673,0.0,access
O_1674,0.0,access
O_1675,0.3127448558807373,no access
O_1676,1.40950323335858,no access
O_1677,1.8008885099069127,no access
O_1678,1.512787609344477,no access
O_1679,1.4736457208366067,no access
O_1680,1.4927570937343158,no access
O_1681,0.9642732299712092,no access
O_1682,0.39136838317596007,no access
O_1683,0.0,no access
O_1684,0.0,no access
O_1685,0.0,no access
O_1686,0.3072938919067383,no access
O_1687,1.4753942997583323,no access
O_1688,1.6612949361525386,no access
O_1689,1.9374678807982098,no access
O_1690,2.1969867857384733,no access
O_1691,2.2131354841563087,no access
O_1692,2.1323462010679735,no access
O_1693,2.594674348657524,no access
O_1694,0.0,no access
O_1695,0.0,no access
O_1696,2.7891716957092285,no access
O_1697,0.0,access
O_1698,0.0,access
O_1699,0.0,access
O_1700,0.46451288757513454,no access
O_1701,1.9385357418158287,no access
O_1702,1.7989509687378944,no access
O_1703,1.8691831841310154,no access
O_1704,1.2530377237604922,no access
O_1705,1.7750091293152734,no access
O_1706,1.5211864762703882,no access
O_1707,1.6254266935883543,no access
O_1708,1.5133321706287761,no access
O_1709,1.0887760271881644,no access
O_1710,0.37818360328674316,no access
O_1711,0.0,no access
O_1712,0.32711227151767464,no access
O_1713,1.0017800063736253,no access
O_1714,1.3906150005409104,no access
O_1715,1.719421333360347,no access
O_1716,2.7106086170020025,no access
O_1717,1.7455823044445664,no access
O_1718,2.123319467948173,no access
O_1719,0.0,no access
O_1720,0.0,no access
O_1721,0.0,no access
O_1722,0.0,no access
O_1723,2.047439537317122,no access
O_1724,2.013184655155577,no access
O_1725,1.7081675907758207,no access
O_1726,1.704208824668057,no access
O_1727,1.2858500828160335,no access
O_1728,1.1791723635235765,no access
O_1729,1.2809138298034668,no access
O_1730,1.4983189186403225,no access
O_1731,1.7980257272720337,no access
O_1732,1.620927720170957,no access
O_1733,1.1052618589866998,no access
O_1734,0.8279012032456586,no access
O_1735,0.0,no access
O_1736,0.0,no access
O_1737,0.0,no access
O_1738,1.3271759154589762,no access
O_1739,1.7201233776458402,no access
O_1740,2.3262652504186523,no access
O_1741,1.3303234868496423,no access
O_1742,1.0348912435254751,no access
O_1743,0.0,no access
O_1744,0.0,no access
O_1745,2.266978616573468,no access
O_1746,2.2776037444854342,no access
O_1747,1.8520809704386925,no access
O_1748,1.660992408048867,no access
O_1749,1.5625986117376685,no access
O_1750,1.4862220996039688,no access
O_1751,0.0,no access
O_1752,1.6723387696913485,no access
O_1753,0.798960909085818,no access
O_1754,0.0,no access
O_1755,1.5684019451016624,no access
O_1756,0.0,no access
O_1757,0.0,no access
O_1758,0.0,no access
O_1759,1.7234279919011302,no access
O_1760,2.7699540540789744,no access
O_1761,0.0,no access
O_1762,1.585470929627075,no access
O_1763,0.0,no access
O_1764,1.9458680410151148,no access
O_1765,1.3438306449655526,no access
O_1766,0.7200841903686523,no access
O_1767,1.4522012149159078,no access
O_1768,1.5987717425563734,no access
O_1769,0.9696660299265969,no access
O_1770,0.3837452662094061,no access
O_1771,1.638996852897813,no access
O_1772,1.9190385836018378,no access
O_1773,1.0686163229462338,no access
O_1774,1.1748546285817443,no access
O_1775,0.6176229888621707,no access
O_1776,1.8434150670787537,no access
O_1777,1.5545287463568804,no access
O_1778,1.5716381784854518,no access
O_1779,1.4523362121330539,no access
O_1780,1.4934149916640993,no access
O_1781,1.2494079516242178,no access
O_1782,1.3150070945653085,no access
O_1783,1.7872982543872853,no access
O_1784,2.40094467660452,no access
O_1785,1.2727081278773875,no access
O_1786,1.3484252448618856,no access
O_1787,1.4016764640550137,no access
O_1788,0.8308438118075485,no access
O_1789,1.189029328354768,no access
O_1790,0.6107606887817383,no access
O_1791,1.6716225911701375,no access
O_1792,1.6320488320910027,no access
O_1793,1.8129762125756603,no access
O_1794,3.1089835093836493,no access
O_1795,1.6970110093606299,no access
O_1796,1.6621412694867772,no access
O_1797,1.8609362715227138,no access
O_1798,1.8002307562444553,no access
O_1799,1.2992374071198198,no access
O_1800,1.4278655577290864,no access
O_1801,1.482239889867054,no access
O_1802,1.5517570110088932,no access
O_1803,1.6815065526977033,no access
O_1804,2.656655955768538,no access
O_1805,3.108775716943514,no access
O_1806,1.6589179501826703,no access
O_1807,1.5215739224748113,no access
O_1808,1.9892181437961018,no access
O_1809,2.1911233358109743,no access
O_1810,1.7024473327110394,no access
O_1811,1.201115674945692,no access
O_1812,1.1963118019729988,no access
O_1813,1.3975783064663567,no access
O_1814,1.2636480257644134,no access
O_1815,0.8746297351045011,no access
O_1816,0.6100833415985107,no access
O_1817,2.390004508980379,no access
O_1818,1.8193480968475342,no access
O_1819,1.445333767966648,no access
O_1820,1.3111932347882433,no access
O_1821,1.411885736207518,no access
O_1822,1.8345462635851146,no access
O_1823,1.0832846272300496,no access
O_1824,0.9798736836487284,no access
O_1825,1.232811961310821,no access
O_1826,1.0265271884020102,no access
O_1827,0.8085639556099689,no access
O_1828,0.7273723939400217,no access
O_1829,0.0,no access
O_1830,0.0,no access
O_1831,0.6414954090937655,no access
O_1832,0.7785274719247465,no access
O_1833,0.8318359505216815,no access
O_1834,0.0,no access
O_1835,0.0,no access
O_1836,0.0,no access
O_1837,1.2395034344285927,no access
O_1838,0.8658413465738789,no access
O_1839,0.3479124737511055,no access
O_1840,0.0,no access
O_1841,0.0,no access
O_1842,0.0,no access
O_1843,0.0,no access
O_1844,0.0,no access
O_1845,0.957930740937954,no access
O_1846,0.8314390390052655,no access
O_1847,0.0,no access
O_1848,0.5031893540581799,no access
O_1849,0.0,no access
O_1850,0.0,no access
O_1851,0.2651498317718506,no access
O_1852,0.34156062526950604,no access
O_1853,1.3595621131677003,no access
O_1854,0.4631223478673088,no access
O_1855,0.8367052657228826,no access
O_1856,1.7220237421904026,no access
O_1857,0.0,no access
O_1858,0.0,no access
O_1859,0.0,no access
O_1860,0.26392923615969505,no access
O_1861,0.0,no access
O_1862,1.0078631847396793,no access
O_1863,0.453045189125397,no access
O_1864,0.9821030421305328,no access
O_1865,0.2751419166870161,no access
O_1866,0.0,no access
O_1867,0.9226793082132831,no access
O_1868,0.6623253422485614,no access
O_1869,0.0,no access
O_1870,1.097389644081086,no access
O_1871,1.932871870964163,no access
O_1872,1.664548361548779,no access
O_1873,0.3871589677735876,no access
O_1874,1.2446022140429356,no access
O_1875,1.3497826284920473,no access
O_1876,1.3729550004342346,no access
O_1877,2.097062587738037,no access
O_1878,1.1383252577397787,no access
O_1879,1.4495729090452736,no access
O_1880,1.5819483370355891,no access
O_1881,2.0960609912872314,no access
O_1882,1.4363235239467715,no access
O_1883,1.8791498962409527,no access
O_1884,1.6419966228529344,no access
O_1885,1.5793925491228173,no access
O_1886,1.6118825714983331,no access
O_1887,1.6618368467034565,no access
O_1888,1.3035561076939817,no access
O_1889,1.5092474494417178,no access
O_1890,1.4017318763950024,no access
O_1891,1.9822355508804321,no access
O_1892,1.7801059260891683,no access
