y,x,street_count,od_id,EV1_me,node_fid
-19.8504692,34.8767312,3.0,nan,,
-19.848007,34.8556853,3.0,nan,,
-19.8510239,34.8723328,3.0,nan,,
-19.851031,34.8748553,3.0,nan,,
-19.8513266,34.8745304,3.0,nan,,
-19.8505504,34.8760621,3.0,nan,,
-19.8506145,34.8757849,3.0,nan,,
-19.8508504,34.875857,3.0,nan,,
-19.8502816,34.8758303,3.0,nan,,
-19.8505216,34.8759902,3.0,nan,,
-19.8505741,34.8758154,3.0,nan,,
-19.8508448,34.8754527,3.0,nan,,
-19.8495268,34.8755639,3.0,nan,,
-19.8512336,34.8761325,3.0,nan,,
-19.8514994,34.8761912,3.0,nan,,
-19.851247,34.8775892,3.0,nan,,
-19.8515692,34.8775705,3.0,nan,,
-19.8507931,34.8761131,3.0,nan,,
-19.8514734,34.8818069,3.0,nan,,
-19.8506447,34.8849103,3.0,nan,,
-19.849564,34.8884908,3.0,nan,,
-19.8488551,34.8898992,3.0,nan,,
-19.8468224,34.88912,3.0,nan,,
-19.8465369,34.894088,3.0,nan,,
-19.8458551,34.8953132,3.0,nan,,
-19.8457337,34.8955452,3.0,nan,,
-19.8448948,34.896987,3.0,nan,,
-19.8443229,34.8975271,3.0,nan,,
-19.8450733,34.8950674,4.0,nan,,
-19.8445375,34.8968822,4.0,nan,,
-19.8454581,34.8937356,4.0,nan,,
-19.8334454,34.8418513,3.0,nan,,
-19.8308049,34.844092,1.0,nan,,
-19.8309825,34.8439472,1.0,nan,,
-19.8305396,34.8436825,1.0,nan,,
-19.8480323,34.8545717,3.0,nan,,
-19.8479147,34.8405901,3.0,nan,,
-19.8481941,34.8485743,3.0,nan,,
-19.8477497,34.8459604,3.0,nan,,
-19.8479793,34.8431305,3.0,nan,,
-19.8466175,34.8401942,4.0,nan,,
-19.8466149,34.8397322,3.0,nan,,
-19.8431737,34.8470189,3.0,nan,,
-19.838891,34.838047,4.0,nan,,
-19.8380391,34.8386882,4.0,nan,,
-19.836736,34.8396219,3.0,nan,,
-19.835921,34.8399681,3.0,nan,,
-19.8360902,34.8402535,3.0,nan,,
-19.8362081,34.84026,3.0,nan,,
-19.8364003,34.8400467,3.0,nan,,
-19.8480512,34.8529615,4.0,nan,,
-19.848275,34.8507581,3.0,nan,,
-19.8470772,34.8532433,3.0,nan,,
-19.8387006,34.8398016,4.0,nan,,
-19.8366171,34.8403795,3.0,nan,,
-19.8353261,34.8385911,1.0,nan,,
-19.8341462,34.8376586,1.0,nan,,
-19.8515257,34.876534,3.0,nan,,
-19.8472543,34.8474626,4.0,nan,,
-19.8478301,34.847081,3.0,nan,,
-19.8475539,34.8459521,3.0,nan,,
-19.8439959,34.8483459,4.0,nan,,
-19.8449121,34.8477844,4.0,nan,,
-19.8466957,34.8465523,4.0,nan,,
-19.8415204,34.8402779,4.0,nan,,
-19.8446783,34.8453103,4.0,nan,,
-19.8458162,34.8471551,4.0,nan,,
-19.8397753,34.8415234,4.0,nan,,
-19.8406424,34.840874,4.0,nan,,
-19.8391947,34.8394512,3.0,nan,,
-19.84024,34.8411687,3.0,nan,,
-19.8454618,34.8486902,4.0,nan,,
-19.844597,34.8492966,4.0,nan,,
-19.8485588,34.8586841,3.0,nan,,
-19.8319595,34.835225,3.0,nan,,
-19.8314128,34.8353577,1.0,nan,,
-19.8371492,34.8393252,4.0,nan,,
-19.8338836,34.8412765,3.0,nan,,
-19.8330084,34.8411817,4.0,nan,,
-19.8293818,34.841742,3.0,nan,,
-19.8458743,34.8544815,3.0,nan,,
-19.8251893,34.8445899,1.0,nan,,
-19.8441006,34.8443935,4.0,nan,,
-19.8449803,34.8437818,3.0,nan,,
-19.8455306,34.8447015,4.0,nan,,
-19.8431857,34.8450316,4.0,nan,,
-19.8414522,34.8462321,4.0,nan,,
-19.8316509,34.8345438,2.0,nan,,
-19.8378342,34.8404011,4.0,O_56,0.0,
-19.8401994,34.8441869,3.0,nan,,
-19.8410538,34.8435931,4.0,nan,,
-19.8295597,34.8479944,4.0,nan,,
-19.8297436,34.845756,3.0,nan,,
-19.8490569,34.8815538,4.0,nan,,
-19.845849,34.8805077,3.0,nan,,
-19.836808,34.8387672,4.0,nan,,
-19.8362686,34.8379244,4.0,nan,,
-19.8359294,34.837365,3.0,nan,,
-19.8347436,34.8368743,4.0,nan,,
-19.8385419,34.8383343,4.0,nan,,
-19.8382262,34.8401284,4.0,nan,,
-19.8393041,34.841852,3.0,nan,,
-19.8362443,34.8368805,3.0,nan,,
-19.836672,34.837654,3.0,nan,,
-19.8372151,34.838496,4.0,nan,,
-19.8376912,34.8381672,3.0,nan,,
-19.8349123,34.8363953,3.0,nan,,
-19.8359833,34.8367688,3.0,nan,,
-19.8370088,34.8370994,3.0,nan,,
-19.8361355,34.8363058,3.0,nan,,
-19.8375438,34.8390332,4.0,nan,,
-19.8388969,34.842136,3.0,nan,,
-19.8420373,34.8410485,4.0,O_72,0.0,
-19.8429643,34.8461875,3.0,nan,,
-19.8345589,34.8357504,3.0,nan,,
-19.8428855,34.8404334,3.0,nan,,
-19.8309713,34.8424931,3.0,nan,,
-19.8332273,34.8369325,1.0,nan,,
-19.8476815,34.8522641,3.0,nan,,
-19.834402,34.8367415,3.0,nan,,
-19.8458755,34.8397788,4.0,nan,,
-19.8476339,34.848585,4.0,nan,,
-19.8458957,34.8402159,4.0,nan,,
-19.8425376,34.8464902,3.0,nan,,
-19.8437135,34.8417499,4.0,nan,,
-19.84225,34.8460611,3.0,nan,,
-19.8435392,34.8434927,4.0,nan,,
-19.8444113,34.8428652,3.0,nan,,
-19.8486191,34.8830317,4.0,nan,,
-19.8390014,34.877476,3.0,nan,,
-19.8392814,34.8777244,3.0,nan,,
-19.8405666,34.8787106,3.0,nan,,
-19.8371483,34.8759962,3.0,nan,,
-19.8385185,34.8783811,3.0,nan,,
-19.8349134,34.8834264,3.0,nan,,
-19.8377217,34.8771553,4.0,nan,,
-19.8380694,34.8767405,4.0,nan,,
-19.840954,34.8745555,3.0,nan,,
-19.8394938,34.8769478,3.0,nan,,
-19.8385829,34.8750995,3.0,nan,,
-19.8384098,34.8756927,4.0,nan,,
-19.8366706,34.8754281,3.0,nan,,
-19.8393283,34.8753339,3.0,nan,,
-19.839594,34.8743615,3.0,nan,,
-19.8388986,34.8740521,4.0,nan,,
-19.8389075,34.8767696,3.0,nan,,
-19.8381687,34.8765227,3.0,nan,,
-19.8391576,34.8759163,3.0,nan,,
-19.8323629,34.8615138,3.0,nan,,
-19.8333394,34.8698675,3.0,nan,,
-19.8301728,34.8509979,4.0,nan,,
-19.8295016,34.8507592,4.0,nan,,
-19.8295156,34.8510327,4.0,nan,,
-19.8339569,34.8494197,3.0,O_43,0.0,
-19.8304441,34.8508343,3.0,nan,,
-19.8310054,34.844482,3.0,nan,,
-19.8261955,34.8490911,4.0,nan,,
-19.8246996,34.8501326,3.0,nan,,
-19.8302215,34.8480809,4.0,nan,,
-19.8298353,34.8453764,3.0,O_29,0.0,
-19.8301133,34.8497905,4.0,O_30,0.0,
-19.8296597,34.846618,3.0,nan,,
-19.8205014,34.8518723,3.0,nan,,
-19.8303417,34.8525981,3.0,nan,,
-19.830394,34.8459498,4.0,nan,,
-19.8218265,34.8509314,3.0,nan,,
-19.8301539,34.8507256,4.0,nan,,
-19.8323049,34.8562537,4.0,nan,,
-19.8323269,34.8566101,3.0,nan,,
-19.8304573,34.8577037,3.0,nan,,
-19.8322886,34.8560367,3.0,nan,,
-19.8321648,34.8569664,3.0,nan,,
-19.8293693,34.8456791,3.0,nan,,
-19.8272579,34.851953,3.0,nan,,
-19.8308762,34.8481391,4.0,nan,,
-19.8271998,34.8510385,3.0,nan,,
-19.8256435,34.8482511,3.0,nan,,
-19.8285128,34.8518493,4.0,nan,,
-19.8312899,34.8449527,3.0,nan,,
-19.831008,34.8525355,3.0,nan,,
-19.8310454,34.8460467,4.0,nan,,
-19.8267503,34.849986,4.0,nan,,
-19.8332303,34.8522267,1.0,nan,,
-19.8296214,34.8455073,3.0,nan,,
-19.8308326,34.8508209,4.0,nan,,
-19.8241986,34.8492957,3.0,nan,,
-19.8314943,34.8452916,3.0,nan,,
-19.8295597,34.8518092,3.0,nan,,
-19.8307805,34.8496974,4.0,nan,,
-19.8296447,34.8457259,3.0,nan,,
-19.8296089,34.8527199,4.0,nan,,
-19.8311687,34.8454944,3.0,nan,,
-19.8289337,34.8564526,3.0,nan,,
-19.8469146,34.8543766,4.0,nan,,
-19.8439577,34.8548841,4.0,nan,,
-19.8263013,34.8567203,3.0,nan,,
-19.8345488,34.8371357,3.0,nan,,
-19.8459497,34.8644666,1.0,nan,,
-19.8459538,34.8644915,1.0,nan,,
-19.8470979,34.8708114,3.0,nan,,
-19.8472185,34.8877586,4.0,nan,,
-19.8481703,34.8880347,7.0,nan,,
-19.8485923,34.8705241,4.0,nan,,
-19.8487695,34.8673756,4.0,nan,,
-19.8489578,34.8723312,3.0,nan,,
-19.8490592,34.8688766,4.0,nan,,
-19.8493274,34.8703697,4.0,nan,,
-19.8494517,34.8801748,4.0,nan,,
-19.8495332,34.864131,3.0,nan,,
-19.8497885,34.8820716,3.0,nan,,
-19.8497848,34.8687138,3.0,nan,,
-19.8498099,34.8818039,3.0,nan,,
-19.849906,34.881625,3.0,nan,,
-19.8501082,34.8672179,3.0,nan,,
-19.8500497,34.8821523,3.0,nan,,
-19.8501604,34.8777974,3.0,nan,,
-19.8503905,34.8720675,4.0,nan,,
-19.8506631,34.8702088,3.0,O_105,0.4431862407042615,
-19.8507212,34.8794786,4.0,nan,,
-19.8509773,34.8719648,3.0,nan,,
-19.8267638,34.8372963,3.0,nan,,
-19.8270389,34.8373661,3.0,nan,,
-19.8283345,34.839599,3.0,nan,,
-19.8444641,34.8607585,3.0,nan,,
-19.8449012,34.8599251,4.0,nan,,
-19.8474449,34.8544582,3.0,nan,,
-19.847641,34.8863479,4.0,nan,,
-19.8477988,34.8616517,3.0,nan,,
-19.8482555,34.8616221,3.0,nan,,
-19.8487361,34.861201,3.0,nan,,
-19.8488584,34.861959,3.0,nan,,
-19.844129,34.8414642,3.0,nan,,
-19.8443572,34.8427743,3.0,nan,,
-19.8444006,34.8418286,3.0,nan,,
-19.8444406,34.8412518,3.0,nan,,
-19.8444714,34.842962,3.0,nan,,
-19.8447665,34.8424767,4.0,nan,,
-19.8448835,34.8426632,4.0,nan,,
-19.8451265,34.840767,3.0,nan,,
-19.8451218,34.8422084,3.0,nan,,
-19.8451266,34.8423747,3.0,nan,,
-19.845126,34.842499,3.0,nan,,
-19.8452674,34.8462217,4.0,nan,,
-19.8452932,34.8433451,3.0,nan,,
-19.8459106,34.8423719,4.0,nan,,
-19.8459691,34.8443878,3.0,nan,,
-19.8461092,34.8456309,4.0,O_90,14.712393961097774,
-19.8463848,34.8441074,4.0,nan,,
-19.8466401,34.8423854,4.0,nan,,
-19.8469567,34.845044,4.0,nan,,
-19.8470089,34.8436772,4.0,nan,,
-19.8476122,34.844621,3.0,nan,,
-19.8477052,34.8431663,3.0,nan,,
-19.8477367,34.8424112,3.0,nan,,
-19.847794,34.8446249,3.0,nan,,
-19.8481419,34.8424192,3.0,nan,,
-19.8419157,34.8429936,4.0,nan,,
-19.8420223,34.8471494,4.0,nan,,
-19.8420873,34.8452645,3.0,D_2,0.0,
-19.8421681,34.845695,4.0,nan,,
-19.8424069,34.8455134,4.0,nan,,
-19.8426109,34.8456236,3.0,nan,,
-19.8425862,34.8480738,3.0,nan,,
-19.8427533,34.8466365,4.0,nan,,
-19.8428346,34.8423453,4.0,nan,,
-19.8430349,34.8464544,4.0,nan,,
-19.8434606,34.8474732,4.0,nan,,
-19.8437392,34.8498852,3.0,nan,,
-19.8437676,34.8459106,4.0,nan,,
-19.8443029,34.8508061,4.0,nan,,
-19.8443419,34.8468563,4.0,nan,,
-19.8445884,34.8541545,3.0,nan,,
-19.8447284,34.8533807,3.0,nan,,
-19.8448788,34.8545972,3.0,nan,,
-19.8448609,34.8517177,3.0,nan,,
-19.8451793,34.850209,4.0,nan,,
-19.8452045,34.8535438,3.0,nan,,
-19.8456002,34.8526747,4.0,nan,,
-19.8457363,34.851125,4.0,nan,,
-19.8460309,34.8495935,3.0,nan,,
-19.8461034,34.8496986,3.0,nan,,
-19.8461942,34.8538595,3.0,nan,,
-19.8463247,34.8520302,4.0,nan,,
-19.8464529,34.8533383,3.0,nan,,
-19.8465901,34.8505145,3.0,nan,,
-19.8467667,34.8507968,3.0,nan,,
-19.8468868,34.8529412,4.0,nan,,
-19.846933,34.8545321,4.0,nan,,
-19.8469502,34.8540982,3.0,nan,,
-19.8470417,34.8485817,3.0,nan,,
-19.847059,34.8497047,4.0,nan,,
-19.8470665,34.8507789,4.0,nan,,
-19.8470842,34.8513194,3.0,nan,,
-19.8471618,34.8514457,3.0,nan,,
-19.8472461,34.8536446,4.0,nan,,
-19.8473739,34.8535557,4.0,nan,,
-19.8476517,34.8496994,4.0,nan,,
-19.847667,34.8507668,4.0,nan,,
-19.8477445,34.8523561,3.0,nan,,
-19.8478796,34.8534674,4.0,nan,,
-19.8478591,34.8552392,4.0,nan,,
-19.8483029,34.849671,3.0,nan,,
-19.8344807,34.836237,3.0,nan,,
-19.8353353,34.8377516,3.0,nan,,
-19.8358979,34.8381886,3.0,nan,,
-19.8362073,34.8397557,3.0,nan,,
-19.8408882,34.8453075,3.0,nan,,
-19.8411063,34.8416879,3.0,nan,,
-19.8417493,34.8447294,4.0,nan,,
-19.8426187,34.8441128,4.0,nan,,
-19.8433951,34.8390052,3.0,nan,,
-19.8455634,34.8397367,3.0,nan,,
-19.8463686,34.8480776,3.0,nan,,
-19.8326337,34.8354687,3.0,nan,,
-19.8335957,34.8363639,4.0,nan,,
-19.8337191,34.8359554,3.0,nan,,
-19.8337467,34.836475,2.0,nan,,
-19.8337553,34.8356123,3.0,nan,,
-19.8337692,34.8354714,3.0,nan,,
-19.8338566,34.834864,3.0,nan,,
-19.8344694,34.83611,3.0,nan,,
-19.8345886,34.835571,3.0,nan,,
-19.8346484,34.8311726,1.0,nan,,
-19.8346957,34.8350501,3.0,nan,,
-19.8348418,34.832306,4.0,nan,,
-19.8352498,34.8332782,3.0,nan,,
-19.836216,34.8352834,4.0,nan,,
-19.8364637,34.8364332,3.0,nan,,
-19.8300936,34.8344567,1.0,O_26,0.0,
-19.8315794,34.8385415,1.0,nan,,
-19.8317472,34.837875,1.0,nan,,
-19.8319048,34.8409251,3.0,nan,,
-19.8318863,34.83579,1.0,nan,,
-19.8318866,34.8345949,4.0,nan,,
-19.8321984,34.8399218,3.0,nan,,
-19.8326222,34.836431,1.0,nan,,
-19.8334374,34.8408975,3.0,nan,,
-19.8338754,34.8413504,3.0,nan,,
-19.8340833,34.8410915,3.0,nan,,
-19.8409023,34.8552455,3.0,nan,,
-19.841001,34.8583288,1.0,nan,,
-19.841668,34.8597534,3.0,nan,,
-19.8417716,34.8600577,3.0,nan,,
-19.8418052,34.8575668,3.0,nan,,
-19.8429804,34.8574939,3.0,nan,,
-19.8435007,34.8582567,4.0,nan,,
-19.845339,34.861212,3.0,nan,,
-19.8453938,34.8589758,4.0,nan,,
-19.845677,34.8602791,3.0,nan,,
-19.8458498,34.8603529,3.0,nan,,
-19.8461706,34.8593525,4.0,nan,,
-19.8462334,34.8614964,3.0,nan,,
-19.8462421,34.8573101,4.0,nan,,
-19.8464616,34.8605473,3.0,nan,,
-19.8465064,34.8568139,3.0,nan,,
-19.8467064,34.8615863,3.0,O_94,0.0,
-19.8467367,34.8575452,3.0,O_93,0.0,
-19.8468527,34.8606224,4.0,nan,,
-19.8469908,34.8558899,3.0,nan,,
-19.8469956,34.8595531,4.0,nan,,
-19.8472517,34.8576759,4.0,nan,,
-19.8473376,34.8571277,4.0,nan,,
-19.8474939,34.8560643,3.0,nan,,
-19.8479079,34.8571633,3.0,nan,,
-19.8479465,34.857721,4.0,nan,,
-19.8480643,34.8560287,3.0,nan,,
-19.8480959,34.8596028,4.0,nan,,
-19.8481649,34.8606833,3.0,nan,,
-19.8482611,34.8570949,3.0,nan,,
-19.8483608,34.8576581,3.0,nan,,
-19.8486211,34.8595447,3.0,nan,,
-19.8418194,34.8967951,4.0,nan,,
-19.842495,34.8977273,3.0,nan,,
-19.8426421,34.8963396,3.0,nan,,
-19.8431288,34.8986007,3.0,nan,,
-19.8433781,34.8965089,4.0,nan,,
-19.8439164,34.8946747,3.0,nan,,
-19.8442991,34.8933721,3.0,nan,,
-19.8447667,34.8902419,1.0,nan,,
-19.8447535,34.8917612,4.0,nan,,
-19.8450059,34.8870254,3.0,nan,,
-19.8451396,34.8870329,3.0,nan,,
-19.845154,34.8903956,4.0,nan,,
-19.8454983,34.8856826,3.0,nan,,
-19.8456454,34.8887411,3.0,nan,,
-19.845913,34.892139,4.0,nan,,
-19.8460609,34.8873477,4.0,O_100,0.0,
-19.8463085,34.8908539,3.0,O_101,0.0,
-19.8464035,34.8820834,3.0,nan,,
-19.8464537,34.8859682,4.0,nan,,
-19.8467851,34.8848493,3.0,nan,,
-19.846838,34.8808329,4.0,nan,,
-19.8472152,34.8852844,1.0,nan,,
-19.8473848,34.8926667,3.0,nan,,
-19.8474687,34.8825582,4.0,nan,,
-19.8476225,34.8783338,4.0,nan,,
-19.8476828,34.8837437,4.0,nan,,
-19.8478837,34.8811816,4.0,nan,,
-19.8479784,34.8827339,3.0,nan,,
-19.8480163,34.8770504,3.0,nan,,
-19.8482398,34.8644123,3.0,nan,,
-19.8483113,34.8797886,3.0,nan,,
-19.848578,34.875216,4.0,nan,,
-19.8486539,34.878623,4.0,nan,,
-19.8486444,34.8829458,3.0,nan,,
-19.8489776,34.8642584,3.0,nan,,
-19.8491188,34.8769875,3.0,nan,,
-19.8492161,34.8787806,3.0,nan,,
-19.8496949,34.8771679,4.0,nan,,
-19.8498189,34.8789496,3.0,nan,,
-19.8501062,34.8757738,3.0,nan,,
-19.8502849,34.8773655,3.0,nan,,
-19.8276533,34.8384604,3.0,nan,,
-19.829522,34.8416373,3.0,nan,,
-19.8303256,34.8429453,3.0,nan,,
-19.8191177,34.8486684,1.0,"O_2,O_3",0.0,
-19.8193405,34.8510231,1.0,O_4,0.0,
-19.8196355,34.8495693,3.0,nan,,
-19.8200845,34.848024,1.0,O_1,5.67397727942096,
-19.8201204,34.8504725,3.0,nan,,
-19.8206464,34.8489095,4.0,nan,,
-19.8211408,34.8497632,4.0,O_10,0.0,
-19.8225144,34.8476732,4.0,nan,,
-19.8229282,34.8483875,3.0,nan,,
-19.8235831,34.8456571,1.0,O_8,0.0,
-19.824126,34.8465995,4.0,nan,,
-19.8245674,34.8473359,3.0,nan,,
-19.8257306,34.8454757,3.0,O_18,0.0,
-19.8261772,34.8462079,3.0,nan,,
-19.8147493,34.8514957,1.0,nan,,
-19.8274643,34.8566041,3.0,nan,,
-19.8294121,34.8605364,1.0,nan,,
-19.8303007,34.8614938,1.0,O_33,0.0,
-19.8305462,34.8600054,4.0,nan,,
-19.8308089,34.8605257,3.0,nan,,
-19.8308306,34.8564193,3.0,nan,,
-19.8309825,34.8587449,4.0,nan,,
-19.8310742,34.8610897,4.0,nan,,
-19.8312968,34.8573815,4.0,nan,,
-19.8313445,34.8616733,3.0,nan,,
-19.8314164,34.8596189,4.0,nan,,
-19.8315838,34.8621689,3.0,nan,,
-19.8316631,34.8601008,3.0,nan,,
-19.8317436,34.8583042,3.0,nan,,
-19.831847,34.8585161,3.0,nan,,
-19.8318894,34.8605723,3.0,nan,,
-19.8319211,34.8606417,3.0,nan,,
-19.8321888,34.8611785,3.0,nan,,
-19.8321934,34.8592179,3.0,nan,,
-19.8324493,34.8617089,4.0,nan,,
-19.8325468,34.8599088,3.0,nan,,
-19.8326578,34.8601109,3.0,nan,,
-19.8326806,34.8580219,4.0,nan,,
-19.8329195,34.8564111,3.0,nan,,
-19.8329503,34.8632827,1.0,nan,,
-19.8327963,34.8561917,3.0,nan,,
-19.8332067,34.8612379,4.0,nan,,
-19.8333791,34.8594465,4.0,nan,,
-19.8334956,34.8575684,3.0,nan,,
-19.8335636,34.8652524,1.0,nan,,
-19.833618,34.8610127,3.0,nan,,
-19.8337187,34.8628829,4.0,nan,,
-19.8340383,34.8607638,3.0,nan,,
-19.8341528,34.8626234,4.0,nan,,
-19.8341978,34.8589987,4.0,nan,,
-19.8343599,34.8648308,3.0,nan,,
-19.834727,34.8646248,3.0,nan,,
-19.8348549,34.8603424,4.0,nan,,
-19.8353995,34.8619657,4.0,nan,,
-19.8360236,34.8638999,4.0,nan,,
-19.8362657,34.8596335,3.0,nan,,
-19.8363814,34.8636899,3.0,nan,,
-19.8367275,34.8634995,3.0,nan,,
-19.8369246,34.8611302,4.0,nan,,
-19.8373977,34.8631462,4.0,nan,,
-19.8334534,34.8815491,4.0,nan,,
-19.834069,34.8811423,4.0,nan,,
-19.8340906,34.882766,3.0,O_51,0.0,
-19.8343476,34.8832358,3.0,nan,,
-19.8344467,34.8808785,4.0,nan,,
-19.8344088,34.8766794,1.0,nan,,
-19.8347694,34.8823234,4.0,nan,,
-19.834795,34.8806091,4.0,nan,,
-19.8348484,34.8840892,3.0,nan,,
-19.8347703,34.8764686,1.0,nan,,
-19.8349324,34.8774962,4.0,nan,,
-19.8351574,34.8820744,3.0,nan,,
-19.8351468,34.8762364,1.0,nan,,
-19.8352595,34.8772741,4.0,nan,,
-19.8352333,34.8788314,4.0,nan,,
-19.8355081,34.8818333,4.0,nan,,
-19.8355335,34.8801145,4.0,nan,,
-19.835603,34.8786245,4.0,nan,,
-19.8356098,34.8770323,4.0,nan,,
-19.8354811,34.8760235,1.0,nan,,
-19.8358561,34.879879,4.0,nan,,
-19.8359493,34.8768059,4.0,nan,,
-19.835945,34.8784001,4.0,nan,,
-19.8362239,34.8796279,4.0,nan,,
-19.8362709,34.8813189,4.0,nan,,
-19.836288,34.8781716,4.0,nan,,
-19.8358399,34.8757971,1.0,nan,,
-19.8362038,34.8755112,1.0,nan,,
-19.8365613,34.8793994,3.0,nan,,
-19.8366029,34.8810918,4.0,nan,,
-19.8366081,34.8779077,4.0,nan,,
-19.8366562,34.8762596,4.0,nan,,
-19.8368014,34.8822102,4.0,nan,,
-19.8368225,34.8806187,3.0,nan,,
-19.8369153,34.8791528,3.0,nan,,
-19.8369603,34.8808489,3.0,nan,,
-19.8369774,34.8776564,4.0,nan,,
-19.8371332,34.8819842,3.0,nan,,
-19.837224,34.880743,3.0,nan,,
-19.8372207,34.8789599,3.0,nan,,
-19.8373613,34.8774095,4.0,nan,,
-19.8374907,34.8817492,4.0,nan,,
-19.8377244,34.8821691,3.0,nan,,
-19.8377067,34.8791231,4.0,nan,,
-19.8377639,34.8809281,3.0,nan,,
-19.8378432,34.878702,3.0,nan,,
-19.8379622,34.8803176,3.0,nan,,
-19.8379385,34.8783934,3.0,nan,,
-19.8380191,34.8803107,3.0,nan,,
-19.8380338,34.8819651,3.0,nan,,
-19.8382408,34.8792984,3.0,nan,,
-19.8383021,34.8790794,3.0,nan,,
-19.8383985,34.8801788,3.0,nan,,
-19.8384644,34.8785342,3.0,O_65,0.0,
-19.8384692,34.881066,3.0,nan,,
-19.8386066,34.8781496,3.0,nan,,
-19.8387643,34.878691,1.0,nan,,
-19.8388304,34.8800101,3.0,nan,,
-19.8388037,34.8808544,3.0,nan,,
-19.8389654,34.8787553,3.0,nan,,
-19.8391013,34.8783088,4.0,nan,,
-19.8391599,34.8806145,3.0,nan,,
-19.8397525,34.8795733,3.0,nan,,
-19.8398857,34.8790867,3.0,nan,,
-19.8400004,34.8805395,3.0,nan,,
-19.8401165,34.8802297,3.0,nan,,
-19.8401153,34.8791615,1.0,nan,,
-19.8402511,34.8797329,4.0,nan,,
-19.8234906,34.8714519,2.0,nan,,
-19.8312053,34.8672961,3.0,nan,,
-19.8316399,34.8670205,3.0,nan,,
-19.8342754,34.8884976,3.0,nan,,
-19.8363819,34.887122,3.0,nan,,
-19.8366604,34.8828631,3.0,nan,,
-19.8369381,34.884169,4.0,nan,,
-19.837154,34.8853155,3.0,nan,,
-19.8373073,34.8839096,4.0,nan,,
-19.8374627,34.8850625,4.0,nan,,
-19.8374497,34.8823385,3.0,nan,,
-19.8376744,34.8836559,4.0,nan,,
-19.8378989,34.882055,3.0,nan,,
-19.8380697,34.8833782,3.0,nan,,
-19.8382118,34.8862992,4.0,nan,,
-19.8385179,34.8830726,3.0,O_66,0.40327634070614626,
-19.8385915,34.8860612,4.0,nan,,
-19.8480638,34.8542168,3.0,nan,,
-19.8478175,34.8547129,3.0,nan,,
-19.8459539,34.8486034,3.0,nan,,
-19.8458784,34.848414,3.0,nan,,
-19.8494692,34.8638111,3.0,nan,,
-19.8355717,34.8516152,3.0,nan,,
-19.839259,34.8552345,3.0,nan,,
-19.8390576,34.8530975,4.0,nan,,
-19.8392817,34.8526115,1.0,nan,,
-19.8402453,34.855112,3.0,nan,,
-19.8370774,34.8482045,1.0,nan,,
-19.8367275,34.8489453,3.0,nan,,
-19.8361384,34.8493305,4.0,nan,,
-19.8354806,34.8497912,3.0,nan,,
-19.8369185,34.8492413,1.0,nan,,
-19.8364673,34.8498023,1.0,nan,,
-19.8358691,34.8505225,1.0,nan,,
-19.8353213,34.8495683,3.0,nan,,
-19.8348418,34.8487906,3.0,nan,,
-19.8353929,34.8480754,3.0,nan,,
-19.8351796,34.8477613,1.0,nan,,
-19.8341839,34.8492763,3.0,nan,,
-19.834642,34.850046,3.0,nan,,
-19.8384992,34.8502166,1.0,O_58,0.0,
-19.8388431,34.861305,3.0,nan,,
-19.8410241,34.8625631,3.0,nan,,
-19.8413824,34.8654708,3.0,nan,,
-19.8431682,34.8489177,4.0,nan,,
-19.840935,34.8464982,3.0,nan,,
-19.8391527,34.8453558,1.0,O_57,0.0,
-19.8336384,34.8578516,3.0,nan,,
-19.8343255,34.8574128,1.0,nan,,
-19.8333406,34.8572456,3.0,nan,,
-19.8346392,34.8565241,3.0,nan,,
-19.8345794,34.8559967,3.0,nan,,
-19.8339211,34.8584312,3.0,nan,,
-19.83455,34.8580911,1.0,nan,,
-19.834972,34.8585848,1.0,nan,,
-19.8330436,34.8559376,3.0,nan,,
-19.8328857,34.8542763,3.0,nan,,
-19.833678,34.8558744,3.0,nan,,
-19.8335176,34.8542826,3.0,nan,,
-19.8342799,34.8558148,3.0,nan,,
-19.8341396,34.8542262,3.0,O_44,0.3176544663199582,
-19.8321095,34.8542997,1.0,nan,,
-19.8283106,34.8463736,3.0,nan,,
-19.8288556,34.8472178,3.0,nan,,
-19.8287016,34.8473251,3.0,nan,,
-19.8290891,34.8479301,3.0,nan,,
-19.8297292,34.8458439,3.0,nan,,
-19.8318732,34.8461772,1.0,nan,,
-19.8275764,34.8488668,3.0,nan,,
-19.8246425,34.8511553,1.0,nan,,
-19.8274566,34.8494287,3.0,nan,,
-19.8218091,34.8642365,3.0,nan,,
-19.821858,34.8641677,3.0,nan,,
-19.8175967,34.8601353,2.0,nan,,
-19.8210875,34.8628647,3.0,nan,,
-19.8225571,34.8633331,1.0,nan,,
-19.8186442,34.8609434,3.0,nan,,
-19.8199386,34.861248,3.0,nan,,
-19.8196213,34.8617121,3.0,nan,,
-19.8195197,34.8616301,3.0,nan,,
-19.8191964,34.8620761,4.0,nan,,
-19.8197895,34.8625212,3.0,nan,,
-19.8200951,34.8620764,3.0,nan,,
-19.8207626,34.8633076,4.0,nan,,
-19.8216133,34.8632752,3.0,nan,,
-19.8219217,34.8628033,4.0,nan,,
-19.8214884,34.864668,3.0,nan,,
-19.8206442,34.8633059,4.0,nan,,
-19.8216291,34.864483,3.0,nan,,
-19.8220535,34.8639009,3.0,nan,,
-19.8220586,34.8655344,1.0,O_14,0.0,
-19.8365072,34.8711859,3.0,nan,,
-19.8397474,34.8728687,4.0,nan,,
-19.849335,34.8842373,4.0,nan,,
-19.8393231,34.8727008,3.0,nan,,
-19.8346313,34.866876,3.0,nan,,
-19.8383283,34.8629759,4.0,nan,,
-19.8447434,34.8571743,3.0,nan,,
-19.8341791,34.867051,1.0,O_47,0.0,
-19.8372923,34.8710595,1.0,nan,,
-19.8367484,34.8706708,3.0,nan,,
-19.8373895,34.8662718,3.0,nan,,
-19.8358583,34.8720987,3.0,nan,,
-19.8398008,34.8742968,3.0,nan,,
-19.8406015,34.8731481,3.0,nan,,
-19.8397202,34.8713506,4.0,nan,,
-19.8385743,34.8628565,3.0,nan,,
-19.8361277,34.8642072,3.0,nan,,
-19.8500739,34.8870683,3.0,nan,,
-19.8370925,34.8652984,3.0,nan,,
-19.8407113,34.8725687,1.0,nan,,
-19.8366472,34.8658054,3.0,nan,,
-19.8479721,34.8852249,3.0,nan,,
-19.8401405,34.8713609,3.0,nan,,
-19.8348034,34.8723233,3.0,nan,,
-19.8509789,34.8837676,3.0,nan,,
-19.8369586,34.8736419,1.0,nan,,
-19.8366151,34.8675087,1.0,nan,,
-19.838917,34.8710902,3.0,nan,,
-19.8488874,34.8857572,4.0,nan,,
-19.8355792,34.8736022,3.0,nan,,
-19.8370107,34.870177,3.0,nan,,
-19.8371407,34.8716704,1.0,nan,,
-19.8350211,34.8667355,3.0,nan,,
-19.8377492,34.8674109,3.0,nan,,
-19.8362019,34.8662948,4.0,nan,,
-19.8397507,34.8712367,3.0,nan,,
-19.8365559,34.8655236,3.0,nan,,
-19.8357989,34.866452,4.0,nan,,
-19.8379271,34.860759,3.0,nan,,
-19.8482896,34.8841355,3.0,nan,,
-19.8371663,34.865634,3.0,nan,,
-19.8350939,34.8728119,3.0,nan,,
-19.8375112,34.8705219,1.0,nan,,
-19.8367464,34.86609,3.0,nan,,
-19.8362178,34.871654,3.0,nan,,
-19.8400726,34.869447,3.0,nan,,
-19.8458156,34.8581452,3.0,nan,,
-19.8385819,34.8708511,3.0,nan,,
-19.8393813,34.8741276,3.0,nan,,
-19.8401565,34.8714922,3.0,nan,,
-19.8495561,34.8866282,3.0,nan,,
-19.8487152,34.8854621,3.0,nan,,
-19.8389671,34.8661198,3.0,nan,,
-19.8381046,34.8736816,3.0,nan,,
-19.8331762,34.87347,3.0,nan,,
-19.8386146,34.8649044,4.0,nan,,
-19.8506275,34.8837916,3.0,nan,,
-19.8354247,34.8725806,3.0,nan,,
-19.8369621,34.8722598,1.0,nan,,
-19.8388281,34.8657361,3.0,nan,,
-19.839468,34.8677827,1.0,nan,,
-19.8325497,34.8542789,3.0,nan,,
-19.8310078,34.8438542,1.0,nan,,
-19.8375015,34.8557372,3.0,nan,,
-19.8376893,34.8558478,3.0,nan,,
-19.8378723,34.8552162,3.0,nan,,
-19.837899,34.8558001,3.0,nan,,
-19.8379513,34.8552567,3.0,nan,,
-19.8456604,34.8403866,3.0,nan,,
-19.8297949,34.8603008,3.0,nan,,
-19.8303399,34.8677831,3.0,nan,,
-19.8316069,34.8688646,1.0,nan,,
-19.8316134,34.866871,3.0,nan,,
-19.8321632,34.8688606,1.0,nan,,
-19.830794,34.8675348,3.0,nan,,
-19.8305657,34.8652907,3.0,nan,,
-19.8312361,34.8693072,1.0,nan,,
-19.8302041,34.8655213,4.0,nan,,
-19.8230469,34.8570844,3.0,nan,,
-19.8220544,34.8469413,1.0,O_9,0.0,
-19.8267045,34.8475082,4.0,nan,,
-19.8272254,34.8483465,4.0,nan,,
-19.8294676,34.8498808,4.0,nan,,
-19.8401541,34.873,4.0,nan,,
-19.8431622,34.851593,4.0,nan,,
-19.8437313,34.8525368,1.0,nan,,
-19.8438229,34.8511438,3.0,nan,,
-19.8386124,34.8595853,3.0,nan,,
-19.8457222,34.8645226,3.0,nan,,
-19.8302166,34.8811173,3.0,nan,,
-19.8309505,34.8824907,4.0,nan,,
-19.8314353,34.8822201,4.0,nan,,
-19.8318632,34.8794623,3.0,nan,,
-19.831704,34.883822,3.0,nan,,
-19.8323489,34.8791352,3.0,nan,,
-19.8325456,34.8806692,3.0,nan,,
-19.8329132,34.8813237,3.0,nan,,
-19.833047,34.8803329,4.0,nan,,
-19.8331986,34.8817746,3.0,nan,,
-19.833151,34.878712,4.0,nan,,
-19.8335452,34.8784481,3.0,O_50,0.0,
-19.8334451,34.8774525,1.0,nan,,
-19.8340359,34.888634,4.0,nan,,
-19.8341957,34.8795582,4.0,nan,,
-19.8344274,34.8884161,3.0,nan,,
-19.834545,34.879331,4.0,nan,,
-19.8345632,34.8777277,3.0,nan,,
-19.8352191,34.8879237,3.0,nan,,
-19.835226,34.8613685,3.0,nan,,
-19.835226,34.8601583,3.0,nan,,
-19.8354305,34.8665862,3.0,nan,,
-19.8355549,34.8624392,3.0,nan,,
-19.8355966,34.8611709,4.0,nan,,
-19.8357035,34.8629101,3.0,nan,,
-19.8357742,34.8617444,3.0,nan,,
-19.8358083,34.859883,3.0,nan,,
-19.8358784,34.8833922,3.0,nan,,
-19.8359158,34.8895544,3.0,nan,,
-19.8359951,34.8874138,3.0,nan,,
-19.8359859,34.8684048,4.0,nan,,
-19.8361961,34.8626938,1.0,nan,,
-19.8362484,34.860773,3.0,nan,,
-19.8365262,34.8844602,3.0,nan,,
-19.8365169,34.8909363,4.0,nan,,
-19.8371755,34.8964412,3.0,nan,,
-19.8366924,34.8605432,3.0,nan,,
-19.8365913,34.8594474,3.0,nan,,
-19.8368442,34.8861189,3.0,nan,,
-19.836916,34.8628388,4.0,nan,,
-19.8369247,34.8752301,3.0,nan,,
-19.8370542,34.8633092,3.0,nan,,
-19.8370953,34.8616391,3.0,nan,,
-19.8372047,34.8621699,3.0,nan,,
-19.8372886,34.8626592,3.0,nan,,
-19.8376106,34.858946,3.0,nan,,
-19.8375771,34.8754383,3.0,nan,,
-19.8376394,34.873666,3.0,nan,,
-19.838047,34.8613746,3.0,nan,,
-19.8377259,34.8625161,1.0,nan,,
-19.8378476,34.8650789,3.0,nan,,
-19.8379736,34.875567,3.0,nan,,
-19.8381351,34.8722249,1.0,nan,,
-19.8381996,34.871968,3.0,nan,,
-19.8382037,34.864987,3.0,nan,,
-19.8382302,34.8889263,1.0,nan,,
-19.8383537,34.8742605,3.0,O_64,0.0,
-19.8384572,34.8739028,3.0,nan,,
-19.8385917,34.8720915,4.0,nan,,
-19.8394272,34.8723487,3.0,nan,,
-19.8407321,34.8787894,3.0,nan,,
-19.8412382,34.8757443,3.0,nan,,
-19.8413795,34.8745478,3.0,nan,,
-19.8187174,34.861806,4.0,nan,,
-19.8270001,34.8695686,3.0,nan,,
-19.8344063,34.8825594,4.0,nan,,
-19.8345887,34.8836639,4.0,nan,,
-19.8351771,34.8859302,1.0,nan,,
-19.8364646,34.8870122,3.0,nan,,
-19.8390373,34.8693311,3.0,nan,,
-19.839033,34.8709961,3.0,nan,,
-19.8394826,34.8694814,3.0,nan,,
-19.8418273,34.8595689,3.0,nan,,
-19.8419833,34.8597274,3.0,nan,,
-19.8430944,34.8637034,3.0,nan,,
-19.8435206,34.8615431,4.0,nan,,
-19.8340291,34.8415798,3.0,nan,,
-19.8342539,34.8415478,3.0,nan,,
-19.8342356,34.841125,3.0,nan,,
-19.8343112,34.8414931,3.0,nan,,
-19.8319534,34.8429032,3.0,nan,,
-19.8314847,34.8421509,3.0,nan,,
-19.8339236,34.8435934,1.0,O_42,0.0,
-19.8341279,34.8429551,3.0,nan,,
-19.8342742,34.8431522,1.0,nan,,
-19.8334957,34.8419847,3.0,nan,,
-19.8340181,34.842745,3.0,nan,,
-19.8472724,34.8392821,3.0,nan,,
-19.8472988,34.8403255,3.0,nan,,
-19.8452427,34.8523486,3.0,nan,,
-19.8451823,34.8522082,3.0,nan,,
-19.8449967,34.8523964,3.0,nan,,
-19.8449946,34.8522626,3.0,nan,,
-19.8451864,34.8524436,3.0,nan,,
-19.8264858,34.8467293,1.0,nan,,
-19.8286471,34.8453681,1.0,nan,,
-19.8263589,34.8469504,1.0,nan,,
-19.8299376,34.8443014,1.0,nan,,
-19.8187638,34.8617315,3.0,nan,,
-19.8322626,34.8624764,3.0,nan,,
-19.8326896,34.8624419,1.0,nan,,
-19.8323137,34.8621066,3.0,nan,,
-19.8490644,34.8826169,3.0,nan,,
-19.8513977,34.8823004,3.0,nan,,
-19.8501664,34.8819043,3.0,nan,,
-19.8507433,34.8761365,3.0,nan,,
-19.8508706,34.8759108,3.0,nan,,
-19.8501581,34.8816507,3.0,nan,,
-19.8511809,34.8809918,3.0,nan,,
-19.8501796,34.881734,3.0,nan,,
-19.8397962,34.8995653,3.0,nan,,
-19.8317178,34.8391458,3.0,nan,,
-19.8327851,34.839952,3.0,nan,,
-19.8323812,34.8402038,3.0,nan,,
-19.832271,34.8400482,3.0,nan,,
-19.8326817,34.8397737,3.0,nan,,
-19.8315362,34.8388322,1.0,nan,,
-19.8314249,34.8390263,1.0,nan,,
-19.8316466,34.8351717,3.0,nan,,
-19.8308693,34.8435854,1.0,nan,,
-19.8307789,34.8435577,1.0,nan,,
-19.8300254,34.8428094,3.0,nan,,
-19.8301918,34.8427206,3.0,nan,,
-19.8325613,34.8395614,3.0,nan,,
-19.8326662,34.8394808,3.0,nan,,
-19.8329265,34.8410423,4.0,nan,,
-19.8333281,34.8407747,3.0,nan,,
-19.8317332,34.8456947,3.0,nan,,
-19.8319123,34.845567,3.0,nan,,
-19.8325124,34.8469892,3.0,nan,,
-19.832723,34.8468369,3.0,nan,,
-19.8326524,34.846725,3.0,nan,,
-19.8324445,34.8468738,3.0,nan,,
-19.8311056,34.8406458,1.0,nan,,
-19.8308944,34.8408589,1.0,nan,,
-19.8312652,34.8407564,3.0,nan,,
-19.8310004,34.8411359,3.0,nan,,
-19.8307656,34.8426209,3.0,nan,,
-19.8308603,34.8421203,3.0,nan,,
-19.8424647,34.8468561,3.0,nan,,
-19.8418401,34.8459654,3.0,nan,,
-19.8321921,34.8346423,3.0,nan,,
-19.8320071,34.8348501,3.0,nan,,
-19.8451261,34.8449902,3.0,nan,,
-19.8445353,34.844089,4.0,nan,,
-19.8439663,34.8431901,3.0,nan,,
-19.8454407,34.8436031,3.0,nan,,
-19.8450364,34.8438777,3.0,nan,,
-19.8449308,34.8436876,3.0,nan,,
-19.8453351,34.8434194,3.0,nan,,
-19.8449504,34.851876,3.0,nan,,
-19.8449996,34.85269,3.0,nan,,
-19.8456843,34.8545042,3.0,nan,,
-19.8456963,34.8546953,3.0,nan,,
-19.8444417,34.8546603,3.0,nan,,
-19.8446374,34.8538048,3.0,nan,,
-19.8439532,34.8547253,3.0,nan,,
-19.8478934,34.8525425,3.0,nan,,
-19.847669,34.8548241,4.0,nan,,
-19.84762,34.8540491,3.0,nan,,
-19.846461,34.8485917,3.0,nan,,
-19.8464736,34.8496989,4.0,O_91,0.0,
-19.8464749,34.8503079,3.0,nan,,
-19.8476804,34.8518364,3.0,nan,,
-19.8474696,34.8519303,3.0,nan,,
-19.8481658,34.8524621,3.0,nan,,
-19.8374627,34.855376,3.0,nan,,
-19.8373996,34.8546922,3.0,nan,,
-19.8379462,34.8557681,3.0,nan,,
-19.8325897,34.856219,3.0,nan,,
-19.8330326,34.8561664,3.0,nan,,
-19.8323743,34.8523523,3.0,nan,,
-19.8343752,34.8495952,3.0,nan,,
-19.8341546,34.8497592,3.0,nan,,
-19.8337757,34.8491061,3.0,nan,,
-19.8339916,34.8489577,3.0,nan,,
-19.8284672,34.8509549,3.0,nan,,
-19.8285525,34.8528341,4.0,nan,,
-19.8285719,34.8533378,3.0,nan,,
-19.8296414,34.8532789,3.0,nan,,
-19.8273102,34.8533932,4.0,nan,,
-19.827302,34.8529301,3.0,nan,,
-19.8282451,34.8544867,1.0,nan,,
-19.8298255,34.8544383,3.0,nan,,
-19.839579,34.8670517,1.0,nan,,
-19.8489244,34.8606659,3.0,nan,,
-19.8486901,34.860679,3.0,nan,,
-19.8487143,34.8609635,3.0,nan,,
-19.8489691,34.86091,3.0,nan,,
-19.8492641,34.8657499,3.0,nan,,
-19.848506,34.8658847,3.0,nan,,
-19.8375011,34.8634147,4.0,nan,,
-19.8367577,34.8593414,3.0,nan,,
-19.8373743,34.860951,3.0,nan,,
-19.8372047,34.8604194,4.0,nan,,
-19.8367093,34.8605894,3.0,nan,,
-19.8361488,34.8615379,3.0,nan,,
-19.8359243,34.8609703,3.0,nan,,
-19.8347051,34.8623511,3.0,nan,,
-19.8345833,34.8620214,3.0,O_46,0.0,
-19.8353235,34.8617208,3.0,nan,,
-19.8347863,34.861939,3.0,nan,,
-19.8343244,34.8606679,3.0,nan,,
-19.8300022,34.8644117,3.0,nan,,
-19.8290678,34.8635625,3.0,nan,,
-19.8296196,34.8637515,3.0,nan,,
-19.8296856,34.8632193,3.0,nan,,
-19.837903,34.8631975,4.0,nan,,
-19.8367326,34.8654619,3.0,nan,,
-19.8363163,34.8640858,3.0,nan,,
-19.8375324,34.8651525,3.0,nan,,
-19.8371963,34.8636044,3.0,nan,,
-19.8294941,34.8671432,1.0,nan,,
-19.8298558,34.8680252,3.0,nan,,
-19.8377484,34.8699421,1.0,nan,,
-19.8372693,34.8696758,3.0,nan,,
-19.8372148,34.8675962,4.0,nan,,
-19.8207254,34.8507702,1.0,nan,,
-19.8204424,34.8502486,3.0,nan,,
-19.8214328,34.8502722,1.0,nan,,
-19.8229499,34.8485248,4.0,nan,,
-19.8230472,34.8484582,4.0,nan,,
-19.8233561,34.8489192,1.0,nan,,
-19.8231914,34.849037,1.0,nan,,
-19.8237611,34.849585,4.0,nan,,
-19.8233886,34.8490326,1.0,nan,,
-19.8261591,34.8536778,1.0,O_20,0.0,
-19.8286266,34.8533363,3.0,nan,,
-19.8273175,34.8539994,3.0,nan,,
-19.8286683,34.8600019,3.0,nan,,
-19.8287502,34.8592327,3.0,nan,,
-19.8298924,34.8586532,3.0,nan,,
-19.8269883,34.8568572,3.0,nan,,
-19.8243721,34.8495905,3.0,nan,,
-19.8146269,34.8516634,2.0,nan,,
-19.8453178,34.8863166,3.0,nan,,
-19.8467343,34.8835994,3.0,nan,,
-19.8469726,34.8824038,3.0,nan,,
-19.8459659,34.8834304,3.0,nan,,
-19.8466242,34.8835648,3.0,nan,,
-19.8471111,34.8837288,4.0,nan,,
-19.8462994,34.8846893,3.0,nan,,
-19.845982,34.8858265,3.0,nan,,
-19.8466924,34.8745739,4.0,O_97,0.8611925874169913,
-19.844976,34.8802279,4.0,nan,,
-19.8466651,34.8779085,4.0,nan,,
-19.8452471,34.8803157,3.0,nan,,
-19.8471609,34.8747778,3.0,nan,,
-19.8477134,34.8749924,3.0,nan,,
-19.8487114,34.8898335,3.0,nan,,
-19.8383355,34.8877167,1.0,nan,,
-19.8389069,34.8866224,1.0,nan,,
-19.8382177,34.8845503,3.0,nan,,
-19.8378464,34.8847986,4.0,nan,,
-19.837054,34.875915,3.0,nan,,
-19.8386492,34.8815613,3.0,nan,,
-19.8489874,34.8737658,3.0,nan,,
-19.8487819,34.8824908,3.0,nan,,
-19.8488298,34.8828301,3.0,nan,,
-19.8484437,34.8841812,3.0,nan,,
-19.8489513,34.8855349,3.0,nan,,
-19.8474931,34.8868502,3.0,nan,,
-19.847767,34.8867538,3.0,nan,,
-19.8427139,34.8453256,3.0,nan,,
-19.8432802,34.8462742,3.0,nan,,
-19.8409939,34.8393619,3.0,nan,,
-19.8374451,34.8323542,3.0,nan,,
-19.8377128,34.8324789,3.0,nan,,
-19.8378915,34.831891,3.0,nan,,
-19.8324542,34.8482761,3.0,nan,,
-19.8324701,34.8479721,1.0,nan,,
-19.8325957,34.8471307,3.0,nan,,
-19.8318437,34.8470965,1.0,nan,,
-19.8296323,34.8469814,3.0,nan,,
-19.8293107,34.8469033,3.0,nan,,
-19.8328062,34.8412045,3.0,nan,,
-19.8340309,34.8768853,1.0,nan,,
-19.8336466,34.8888759,4.0,nan,,
-19.8388661,34.8819249,3.0,nan,,
-19.8382711,34.8818142,3.0,nan,,
-19.8475265,34.8749422,3.0,nan,,
-19.8431403,34.8826173,1.0,O_82,0.2769143576744459,
-19.8405114,34.8845998,1.0,nan,,
-19.849994,34.8815718,3.0,nan,,
-19.8499811,34.882183,3.0,nan,,
-19.8498301,34.8821364,3.0,nan,,
-19.8498281,34.8824319,3.0,nan,,
-19.8501494,34.8813732,3.0,nan,,
-19.8500568,34.8701183,4.0,nan,,
-19.8506306,34.8700135,3.0,nan,,
-19.8500899,34.8702935,4.0,nan,,
-19.8495084,34.8671084,4.0,nan,,
-19.8500648,34.866979,3.0,O_104,0.3212953834495818,
-19.8495451,34.8673322,4.0,nan,,
-19.8395217,34.8693188,3.0,nan,,
-19.8396756,34.8686823,1.0,nan,,
-19.8399607,34.8694333,3.0,nan,,
-19.8394989,34.8711541,3.0,nan,,
-19.838484,34.8709528,3.0,nan,,
-19.8381004,34.8708398,1.0,nan,,
-19.8426855,34.8758814,1.0,nan,,
-19.8438398,34.8757915,1.0,nan,,
-19.8443381,34.8759618,3.0,nan,,
-19.8442397,34.8764768,3.0,nan,,
-19.8433798,34.8797044,3.0,nan,,
-19.8441029,34.8799431,3.0,nan,,
-19.8449348,34.877315,3.0,nan,,
-19.8452413,34.8762528,3.0,nan,,
-19.8434353,34.8675414,1.0,nan,,
-19.8448338,34.8672162,4.0,nan,,
-19.844866,34.8673577,3.0,nan,,
-19.8455844,34.867183,1.0,nan,,
-19.8454733,34.8704901,3.0,nan,,
-19.8451404,34.8686394,3.0,nan,,
-19.8444101,34.8651606,3.0,nan,,
-19.8454809,34.8705558,3.0,nan,,
-19.8462139,34.8704506,3.0,nan,,
-19.8442447,34.8739153,1.0,nan,,
-19.8458165,34.8743069,4.0,nan,,
-19.8290687,34.8412527,3.0,nan,,
-19.8292382,34.8411348,3.0,nan,,
-19.8285097,34.8403101,3.0,nan,,
-19.8286691,34.8401992,3.0,nan,,
-19.8294334,34.8418223,3.0,nan,,
-19.8295766,34.8417308,3.0,nan,,
-19.8312071,34.8448158,3.0,nan,,
-19.8313693,34.8447086,3.0,nan,,
-19.8311336,34.8446891,3.0,nan,,
-19.831292,34.8445805,3.0,nan,,
-19.8316685,34.8455868,3.0,nan,,
-19.8318469,34.8454612,3.0,nan,,
-19.8328859,34.8411598,3.0,nan,,
-19.8363923,34.8400838,3.0,nan,,
-19.8322746,34.8410426,3.0,nan,,
-19.8324832,34.8403719,3.0,nan,,
-19.8342261,34.849877,3.0,nan,,
-19.8344555,34.8497308,3.0,nan,,
-19.8336952,34.848973,3.0,nan,,
-19.8339042,34.8488116,3.0,nan,,
-19.8404798,34.8489213,3.0,nan,,
-19.8455816,34.8486084,3.0,nan,,
-19.8446244,34.840208,3.0,nan,,
-19.8450384,34.8408333,3.0,nan,,
-19.8449625,34.8395253,3.0,nan,,
-19.8446635,34.8402267,3.0,nan,,
-19.8439243,34.8407445,3.0,nan,,
-19.8459056,34.8404761,3.0,nan,,
-19.842244,34.8396823,1.0,nan,,
-19.8448919,34.8384819,1.0,O_88,0.11402869547055516,
-19.8397179,34.8394931,3.0,nan,,
-19.8352534,34.8328078,3.0,nan,,
-19.8357034,34.8323342,3.0,nan,,
-19.838018,34.8310275,1.0,nan,,
-19.8364159,34.8358226,3.0,nan,,
-19.8358649,34.8393838,1.0,nan,,
-19.8376844,34.8325576,3.0,nan,,
-19.8386891,34.8325529,1.0,nan,,
-19.8369852,34.8341582,3.0,nan,,
-19.8316883,34.8347884,3.0,nan,,
-19.8377464,34.8370596,3.0,nan,,
-19.8380976,34.8368054,3.0,nan,,
-19.8293427,34.8508933,3.0,nan,,
-19.8304194,34.8575888,3.0,nan,,
-19.8295489,34.8579389,3.0,nan,,
-19.8289443,34.8566117,4.0,D_0,0.19815390957136683,
-19.8301502,34.8591891,3.0,nan,,
-19.8374428,34.8554278,3.0,nan,,
-19.8348561,34.8504046,3.0,nan,,
-19.834636,34.8505595,3.0,nan,,
-19.8347131,34.8506867,3.0,nan,,
-19.8349357,34.850538,3.0,nan,,
-19.8359029,34.8521708,3.0,nan,,
-19.8356951,34.8523131,3.0,nan,,
-19.835779,34.8524532,3.0,nan,,
-19.8359885,34.8523144,3.0,nan,,
-19.8365677,34.8532848,3.0,nan,,
-19.8363639,34.8534311,3.0,nan,,
-19.8364518,34.8535791,3.0,nan,,
-19.8366584,34.8534359,3.0,nan,,
-19.8371965,34.8548329,3.0,nan,,
-19.8384576,34.8587582,3.0,nan,,
-19.83947,34.8593603,1.0,nan,,
-19.8347295,34.8541734,3.0,nan,,
-19.834897,34.8533573,1.0,nan,,
-19.8359718,34.8527643,3.0,nan,,
-19.8474778,34.8541894,4.0,nan,,
-19.8474215,34.8545902,4.0,nan,,
-19.8437752,34.8547396,3.0,nan,,
-19.8437914,34.854903,3.0,nan,,
-19.8430261,34.8549937,3.0,nan,,
-19.8419876,34.8549395,3.0,nan,,
-19.8420029,34.8550995,3.0,nan,,
-19.8421499,34.8550809,3.0,nan,,
-19.8421358,34.8549205,3.0,nan,,
-19.8458859,34.8546691,3.0,nan,,
-19.8419111,34.8511676,4.0,nan,,
-19.8417979,34.8525987,4.0,nan,,
-19.8438527,34.8561451,1.0,nan,,
-19.8418669,34.8577966,3.0,nan,,
-19.841464,34.8564646,4.0,nan,,
-19.8422287,34.8550731,3.0,nan,,
-19.8433198,34.8572487,1.0,nan,,
-19.844654,34.8549539,1.0,nan,,
-19.8473481,34.8551333,5.0,nan,,
-19.8479988,34.8534957,3.0,nan,,
-19.847975,34.8552152,3.0,nan,,
-19.847532,34.8546164,4.0,nan,,
-19.8499928,34.8702175,3.0,nan,,
-19.8474815,34.8689241,1.0,nan,,
-19.8472092,34.8676639,3.0,nan,,
-19.8484977,34.8615456,3.0,nan,,
-19.8485547,34.8618874,3.0,nan,,
-19.849098,34.8627259,3.0,nan,,
-19.8492933,34.862669,3.0,O_103,0.0,
-19.8494057,34.867248,3.0,nan,,
-19.8346652,34.8685427,1.0,nan,,
-19.8358948,34.8653041,1.0,nan,,
-19.826468,34.8694276,1.0,nan,,
-19.8289096,34.8685375,3.0,nan,,
-19.8296338,34.864621,3.0,nan,,
-19.8202274,34.8629773,3.0,nan,,
-19.8202748,34.8629154,3.0,nan,,
-19.820687,34.8632498,3.0,nan,,
-19.8207193,34.8633659,3.0,nan,,
-19.8211625,34.86372,3.0,nan,,
-19.8212106,34.8636594,3.0,nan,,
-19.8191512,34.8621402,3.0,nan,,
-19.847271,34.8767625,1.0,nan,,
-19.8481628,34.8721638,1.0,nan,,
-19.8478362,34.8706659,3.0,nan,,
-19.8405468,34.8787747,3.0,nan,,
-19.8401215,34.8744071,3.0,nan,,
-19.8402998,34.8745299,3.0,nan,,
-19.8401579,34.8746535,3.0,nan,,
-19.8400551,34.8745438,3.0,nan,,
-19.840221,34.8744019,3.0,nan,,
-19.8393979,34.8751049,3.0,nan,,
-19.839994,34.8753011,3.0,nan,,
-19.8441659,34.8770676,3.0,nan,,
-19.8452751,34.8761383,3.0,nan,,
-19.846148,34.8763909,3.0,nan,,
-19.8463678,34.8756606,3.0,nan,,
-19.8454949,34.875395,4.0,nan,,
-19.8450612,34.8740467,3.0,nan,,
-19.8389423,34.8739471,4.0,nan,,
-19.841894,34.8746563,3.0,nan,,
-19.8406995,34.8799033,3.0,nan,,
-19.8409882,34.8789025,3.0,nan,,
-19.8412626,34.8800871,1.0,nan,,
-19.8498287,34.8869834,3.0,nan,,
-19.8495788,34.8869769,3.0,nan,,
-19.8329861,34.8788273,1.0,nan,,
-19.8356586,34.8722953,3.0,nan,,
-19.8342686,34.8714409,3.0,nan,,
-19.8349513,34.8754675,1.0,nan,,
-19.836195,34.874643,3.0,nan,,
-19.8358453,34.8740507,3.0,nan,,
-19.8339331,34.8729175,3.0,nan,,
-19.8326224,34.8777566,1.0,nan,,
-19.839751,34.8785208,3.0,nan,,
-19.8399102,34.8782136,3.0,nan,,
-19.8393497,34.8777817,3.0,nan,,
-19.8390803,34.8761267,3.0,nan,,
-19.8396743,34.8763041,3.0,nan,,
-19.8392474,34.87561,3.0,nan,,
-19.8398307,34.8758136,3.0,nan,,
-19.837727,34.8735897,3.0,nan,,
-19.8334413,34.8800807,4.0,nan,,
-19.8327173,34.8789449,3.0,nan,,
-19.8342387,34.8780127,3.0,nan,,
-19.8346043,34.8777951,3.0,nan,,
-19.8338484,34.8798202,4.0,nan,,
-19.8351446,34.8803734,4.0,nan,,
-19.8348885,34.8790865,4.0,nan,,
-19.8337021,34.8770812,1.0,nan,,
-19.8322581,34.8779904,1.0,nan,,
-19.8317596,34.8782953,1.0,nan,,
-19.8327498,34.8727083,1.0,nan,,
-19.8343387,34.8726554,4.0,nan,,
-19.833877,34.8718607,1.0,nan,,
-19.8363776,34.8749367,3.0,nan,,
-19.8320545,34.8798081,3.0,nan,,
-19.8336556,34.8724253,1.0,nan,,
-19.8324933,34.8751896,3.0,nan,,
-19.8347368,34.8733614,1.0,nan,,
-19.8370365,34.8729967,1.0,nan,,
-19.8294811,34.8749157,1.0,nan,,
-19.8315605,34.8735772,3.0,nan,,
-19.832931,34.8759536,3.0,nan,,
-19.8314862,34.87829,3.0,nan,,
-19.8313834,34.878354,1.0,nan,,
-19.8305787,34.8719278,3.0,nan,,
-19.8287285,34.8686399,3.0,nan,,
-19.8467854,34.8892393,3.0,nan,,
-19.850128,34.8847451,3.0,nan,,
-19.8443305,34.8807187,1.0,nan,,
-19.8447377,34.8801502,3.0,nan,,
-19.8450045,34.8952995,4.0,nan,,
-19.8438425,34.894947,3.0,nan,,
-19.840188,34.8932097,3.0,nan,,
-19.8411541,34.8925754,3.0,nan,,
-19.841766,34.888182,3.0,nan,,
-19.8412966,34.9018585,1.0,O_87,0.0,
-19.841172,34.8994825,3.0,nan,,
-19.8424334,34.8948108,1.0,O_85,0.3807004020438225,
-19.843612,34.8957225,3.0,nan,,
-19.8447783,34.8960779,3.0,nan,,
-19.8353306,34.8831632,4.0,nan,,
-19.8355909,34.8835868,3.0,nan,,
-19.8335092,34.8870206,3.0,nan,,
-19.8417066,34.8880022,3.0,nan,,
-19.8360576,34.8827044,4.0,nan,,
-19.8398181,34.8834765,3.0,nan,,
-19.8394725,34.8837309,3.0,nan,,
-19.8373915,34.8868689,3.0,nan,,
-19.8389837,34.8858306,3.0,nan,,
-19.8340998,34.8833877,3.0,nan,,
-19.832829,34.880476,3.0,nan,,
-19.8337024,34.881387,4.0,nan,,
-19.8364203,34.8824633,3.0,nan,,
-19.8358976,34.8815492,4.0,nan,,
-19.8392435,34.8816639,3.0,nan,,
-19.8395671,34.8821537,1.0,nan,,
-19.8327791,34.8830091,3.0,nan,,
-19.8327333,34.8857222,3.0,nan,,
-19.8332557,34.8853831,3.0,nan,,
-19.8346913,34.8843893,1.0,nan,,
-19.8306361,34.8807734,3.0,nan,,
-19.8303898,34.8803402,3.0,nan,,
-19.83059,34.8808327,3.0,nan,,
-19.8318214,34.8819499,4.0,nan,,
-19.8312574,34.880989,1.0,nan,,
-19.8321318,34.8817291,4.0,nan,,
-19.831575,34.8808531,1.0,nan,,
-19.8324951,34.8815288,3.0,nan,,
-19.8316272,34.8800651,4.0,nan,,
-19.8348023,34.8881824,3.0,nan,,
-19.8363264,34.8893287,4.0,nan,,
-19.8367361,34.8891016,3.0,nan,,
-19.8369321,34.8907547,4.0,nan,,
-19.8356071,34.8876687,3.0,nan,,
-19.8373402,34.8904688,3.0,nan,,
-19.8366223,34.8876545,3.0,nan,,
-19.8375553,34.887168,3.0,nan,,
-19.8372171,34.8890091,1.0,nan,,
-19.83393,34.8849405,3.0,nan,,
-19.8343494,34.8864975,3.0,nan,,
-19.8343078,34.8846683,3.0,nan,,
-19.8335851,34.885159,3.0,nan,,
-19.8321273,34.8873224,3.0,nan,,
-19.8302864,34.882913,4.0,nan,,
-19.8326968,34.8869723,3.0,nan,,
-19.8322856,34.8863755,3.0,nan,,
-19.8318263,34.8856138,3.0,nan,,
-19.8328459,34.8893463,4.0,nan,,
-19.8324258,34.8896102,4.0,nan,,
-19.8322048,34.8892911,2.0,nan,,
-19.8313504,34.8846934,3.0,nan,,
-19.8302494,34.8852034,2.0,nan,,
-19.8317627,34.8844331,3.0,nan,,
-19.8306423,34.8844617,3.0,nan,,
-19.8314605,34.8839092,3.0,nan,,
-19.8306509,34.8826803,4.0,nan,,
-19.8322099,34.8852919,3.0,nan,,
-19.8339275,34.8907721,4.0,nan,,
-19.8343115,34.8905366,3.0,nan,,
-19.833556,34.8910068,3.0,nan,,
-19.8330151,34.8897457,4.0,nan,,
-19.8334233,34.8895142,3.0,nan,,
-19.8329952,34.8908944,2.0,nan,,
-19.8326174,34.8899536,4.0,nan,,
-19.8332581,34.8891019,4.0,nan,,
-19.8373393,34.8938905,4.0,nan,,
-19.837963,34.8919022,4.0,nan,,
-19.8377556,34.893681,4.0,nan,,
-19.8367125,34.8941689,3.0,nan,,
-19.8381677,34.893477,3.0,nan,,
-19.838464,34.8941469,1.0,nan,,
-19.8390808,34.8936959,1.0,nan,,
-19.8355496,34.8949514,4.0,nan,,
-19.8359345,34.8947904,3.0,nan,,
-19.8363902,34.897058,3.0,nan,,
-19.8391332,34.8918325,1.0,nan,,
-19.8384712,34.8953054,1.0,O_69,0.0,
-19.8375424,34.8961616,3.0,nan,,
-19.8363288,34.8971084,2.0,nan,,
-19.8367764,34.8967458,3.0,nan,,
-19.8359871,34.8949239,3.0,nan,,
-19.8316497,34.8826674,1.0,nan,,
-19.8325139,34.883181,3.0,nan,,
-19.8393577,34.8896159,3.0,nan,,
-19.824196,34.8710689,3.0,nan,,
-19.8264652,34.8751102,3.0,nan,,
-19.8296886,34.8725246,1.0,nan,,
-19.8265485,34.8771501,1.0,nan,,
-19.8274483,34.8767585,3.0,nan,,
-19.8269055,34.8784533,2.0,nan,,
-19.8279875,34.8776578,3.0,nan,,
-19.8373986,34.8966242,3.0,nan,,
-19.8256427,34.8740481,1.0,nan,,
-19.8255039,34.874958,1.0,nan,,
-19.8254862,34.8745275,3.0,nan,,
-19.8257859,34.8743076,3.0,nan,,
-19.8252986,34.8754992,2.0,nan,,
-19.82821,34.8797592,1.0,nan,,
-19.8370454,34.8982429,2.0,nan,,
-19.8375116,34.8981315,3.0,nan,,
-19.8374932,34.8979967,3.0,nan,,
-19.838118,34.8978557,1.0,nan,,
-19.8373895,34.8973354,4.0,nan,,
-19.8389725,34.8970144,1.0,nan,,
-19.8257013,34.8709508,1.0,nan,,
-19.8255114,34.8703594,3.0,O_24,0.2781263139740641,
-19.8284012,34.881734,2.0,nan,,
-19.8289512,34.8814671,1.0,nan,,
-19.8286226,34.8821336,2.0,nan,,
-19.8299996,34.8814117,4.0,nan,,
-19.8296413,34.8807147,1.0,nan,,
-19.8365257,34.8629535,3.0,nan,,
-19.8360349,34.8631489,1.0,nan,,
-19.8361964,34.8630792,3.0,nan,,
-19.8381506,34.8619359,3.0,O_61,0.16867793840892015,
-19.8365298,34.8613273,4.0,nan,,
-19.8362948,34.8607619,3.0,nan,,
-19.8311169,34.8661846,3.0,nan,,
-19.8369564,34.8637563,3.0,nan,,
-19.837406,34.8651907,3.0,nan,,
-19.8342651,34.8610763,3.0,nan,,
-19.8337129,34.8613015,3.0,nan,,
-19.8344438,34.8610096,3.0,nan,,
-19.8303402,34.8693502,1.0,nan,,
-19.8309899,34.8688885,3.0,nan,,
-19.8367067,34.8619273,3.0,nan,,
-19.8366452,34.8639155,3.0,nan,,
-19.8360816,34.8673332,1.0,nan,,
-19.8335152,34.8701653,3.0,nan,,
-19.8373045,34.8627304,3.0,nan,,
-19.8373657,34.8655519,3.0,nan,,
-19.8372951,34.8652518,3.0,nan,,
-19.8344058,34.8636336,3.0,nan,,
-19.8357694,34.8631138,3.0,nan,,
-19.8257517,34.8606092,3.0,nan,,
-19.8261958,34.8622629,1.0,nan,,
-19.8270948,34.8603571,3.0,nan,,
-19.8254035,34.8648687,1.0,nan,,
-19.8294045,34.863372,3.0,nan,,
-19.8329587,34.8358994,3.0,nan,,
-19.8265119,34.8550033,1.0,nan,,
-19.8463488,34.8822045,3.0,nan,,
-19.8358116,34.8739939,3.0,nan,,
-19.8363149,34.8738878,1.0,nan,,
-19.8418971,34.8437351,1.0,nan,,
-19.8422262,34.843488,3.0,nan,,
-19.8393148,34.8335735,1.0,nan,,
-19.8289436,34.86852,3.0,nan,,
-19.8293612,34.869082,1.0,nan,,
-19.8291569,34.8704043,1.0,nan,,
-19.8293726,34.8697981,3.0,nan,,
-19.8354212,34.8325327,1.0,nan,,
-19.8340493,34.8343251,1.0,nan,,
-19.8366062,34.8346624,3.0,nan,,
-19.8359768,34.8352447,3.0,nan,,
-19.8275958,34.8620226,1.0,nan,,
-19.82828,34.861777,1.0,nan,,
-19.8280511,34.86015,3.0,nan,,
-19.8429845,34.8601314,1.0,nan,,
-19.8371766,34.850505,1.0,nan,,
-19.8373181,34.8507805,4.0,nan,,
-19.8280188,34.8775008,1.0,nan,,
-19.8300087,34.8848468,2.0,nan,,
-19.8308451,34.8851434,1.0,nan,,
-19.8177398,34.8589701,2.0,O_5,0.0,
-19.8175059,34.8595035,2.0,nan,,
-19.8331001,34.8694741,3.0,nan,,
-19.8314233,34.8706624,1.0,nan,,
-19.8390909,34.8614235,3.0,nan,,
-19.8394467,34.8605103,4.0,nan,,
-19.8232354,34.8572651,3.0,nan,,
-19.8222461,34.8591296,1.0,nan,,
-19.8363869,34.8308635,3.0,nan,,
-19.8372813,34.8309852,1.0,nan,,
-19.8370543,34.831175,3.0,nan,,
-19.8363724,34.8309224,3.0,nan,,
-19.8387131,34.8317866,1.0,nan,,
-19.8400309,34.881078,3.0,nan,,
-19.8401057,34.8812485,1.0,nan,,
-19.8477101,34.8539183,4.0,nan,,
-19.8334259,34.8755498,1.0,nan,,
-19.8319495,34.8842904,3.0,nan,,
-19.8311438,34.8778347,1.0,nan,,
-19.8381153,34.8706698,1.0,O_63,0.0,
-19.8372676,34.8735438,1.0,nan,,
-19.8374171,34.8734746,1.0,nan,,
-19.8378608,34.8726484,1.0,nan,,
-19.8449883,34.880995,1.0,nan,,
-19.8350183,34.8351165,3.0,nan,,
-19.8393803,34.8668071,1.0,nan,,
-19.8400035,34.8661807,1.0,nan,,
-19.8460136,34.8648287,3.0,nan,,
-19.8441602,34.8915307,1.0,nan,,
-19.8289735,34.8459109,3.0,nan,,
-19.8348516,34.8691699,3.0,nan,,
-19.8353133,34.8706403,1.0,nan,,
-19.8356811,34.8685615,3.0,nan,,
-19.8342315,34.8697556,3.0,nan,,
-19.8350339,34.8698048,4.0,nan,,
-19.8407391,34.856894,1.0,nan,,
-19.8310568,34.8772225,1.0,nan,,
-19.8315571,34.878892,1.0,nan,,
-19.8297092,34.8832558,3.0,nan,,
-19.8293985,34.8834623,2.0,nan,,
-19.8323208,34.8849686,3.0,nan,,
-19.8328104,34.8846428,1.0,nan,,
-19.8327636,34.8861914,3.0,nan,,
-19.8323496,34.8864861,3.0,nan,,
-19.8320851,34.8865244,3.0,nan,,
-19.8323614,34.8868463,1.0,nan,,
-19.8314208,34.8877361,2.0,nan,,
-19.8300652,34.8661369,1.0,nan,,
-19.8296284,34.8658854,3.0,nan,,
-19.8289108,34.8664159,1.0,nan,,
-19.8377556,34.8653644,1.0,nan,,
-19.8381454,34.8668289,1.0,nan,,
-19.8380521,34.8665446,3.0,nan,,
-19.837862,34.8660649,3.0,nan,,
-19.8378288,34.867875,1.0,nan,,
-19.8355615,34.8600084,3.0,nan,,
-19.8236233,34.8524033,1.0,nan,,
-19.8233579,34.8510416,3.0,nan,,
-19.8223714,34.8513207,1.0,nan,,
-19.8458569,34.839917,3.0,nan,,
-19.8323418,34.861797,4.0,nan,,
-19.8324256,34.8622913,3.0,nan,,
-19.8325019,34.8622819,3.0,nan,,
-19.8468913,34.8888713,3.0,nan,,
-19.8397743,34.8597612,1.0,nan,,
-19.8400074,34.8607685,1.0,nan,,
-19.8389566,34.8600255,1.0,nan,,
-19.839253,34.8597573,1.0,nan,,
-19.8350685,34.8574331,1.0,nan,,
-19.8294256,34.8798001,1.0,nan,,
-19.8436266,34.8750794,1.0,nan,,
-19.8393946,34.8773107,3.0,nan,,
-19.840049,34.8765224,1.0,nan,,
-19.8391624,34.8841853,3.0,nan,,
-19.8383125,34.8846995,3.0,nan,,
-19.8419998,34.8878691,3.0,nan,,
-19.8402882,34.8852988,1.0,nan,,
-19.8325545,34.873843,3.0,nan,,
-19.8277893,34.8705357,1.0,nan,,
-19.827219,34.8707821,3.0,nan,,
-19.8283671,34.870061,1.0,nan,,
-19.8281638,34.8689478,3.0,nan,,
-19.8273843,34.8711862,1.0,nan,,
-19.8386963,34.8925194,1.0,nan,,
-19.8398567,34.8807241,3.0,nan,,
-19.8353953,34.8377511,3.0,nan,,
-19.8354188,34.8378129,3.0,nan,,
-19.8201058,34.8512082,1.0,nan,,
-19.8314545,34.8796879,3.0,nan,,
-19.8406104,34.8577175,1.0,nan,,
-19.8385163,34.8623966,1.0,nan,,
-19.8478196,34.854019,3.0,nan,,
-19.8443053,34.841344,3.0,nan,,
-19.8433112,34.8397265,3.0,nan,,
-19.8431672,34.8396515,3.0,nan,,
-19.8423527,34.8426853,3.0,nan,,
-19.8415497,34.8413834,4.0,nan,,
-19.841072,34.8405824,3.0,nan,,
-19.8325885,34.8411406,3.0,nan,,
-19.8392765,34.8665797,3.0,nan,,
-19.845419,34.8649467,3.0,nan,,
-19.8378135,34.8565889,3.0,nan,,
-19.8301303,34.856489,3.0,nan,,
-19.8300866,34.8563321,3.0,nan,,
-19.830239,34.8563085,3.0,nan,,
-19.8301577,34.8562833,3.0,nan,,
-19.8301871,34.8564976,3.0,nan,,
-19.8302393,34.8564721,3.0,nan,,
-19.8350382,34.8348248,3.0,nan,,
-19.8342237,34.8340341,3.0,nan,,
-19.8387861,34.8761393,1.0,nan,,
-19.8386338,34.8766781,3.0,nan,,
-19.839286,34.8764548,1.0,nan,,
-19.8391752,34.876851,3.0,nan,,
-19.8364416,34.8306716,1.0,nan,,
-19.8417799,34.8388571,1.0,nan,,
-19.8296944,34.8538084,3.0,nan,,
-19.8291946,34.8533042,3.0,nan,,
-19.8320876,34.8471076,3.0,nan,,
-19.8323058,34.8471175,3.0,nan,,
-19.8269163,34.8375838,3.0,nan,,
-19.8270995,34.8374725,3.0,nan,,
-19.835429,34.8877858,3.0,nan,,
-19.8386992,34.8796299,1.0,nan,,
-19.8387164,34.8800546,3.0,nan,,
-19.840507,34.8803271,1.0,nan,,
-19.8401238,34.8802027,3.0,nan,,
-19.8449143,34.8529028,3.0,nan,,
-19.8412183,34.846981,1.0,nan,,
-19.8319879,34.8873992,3.0,nan,,
-19.8329548,34.8874112,3.0,nan,,
-19.8351237,34.8900397,3.0,nan,,
-19.8355288,34.8898508,3.0,nan,,
-19.8364264,34.8947492,3.0,nan,,
-19.8331567,34.8854539,3.0,nan,,
-19.833956,34.8867403,3.0,O_52,0.0,
-19.8335482,34.8851833,3.0,nan,,
-19.8354626,34.8857368,1.0,nan,,
-19.8363314,34.8871623,3.0,nan,,
-19.8344932,34.8864003,3.0,nan,,
-19.8350412,34.887124,3.0,nan,,
-19.8352714,34.8862267,1.0,nan,,
-19.8328754,34.8839289,1.0,nan,,
-19.8422442,34.8532951,1.0,O_75,0.6284441518161181,
-19.8448828,34.8517564,3.0,nan,,
-19.8425706,34.8506764,3.0,nan,,
-19.841211,34.8516254,4.0,nan,,
-19.841313,34.8502164,4.0,nan,,
-19.8406175,34.8506846,3.0,nan,,
-19.8408751,34.8479644,3.0,nan,,
-19.8419807,34.8497542,4.0,nan,,
-19.8429911,34.8529426,1.0,nan,,
-19.8424772,34.852098,4.0,nan,,
-19.8414771,34.8528086,3.0,nan,,
-19.8409171,34.8518335,3.0,nan,,
-19.8404752,34.8512921,1.0,nan,,
-19.8416454,34.8531135,1.0,nan,,
-19.8426681,34.8492658,3.0,O_74,0.0,
-19.8420707,34.8483375,1.0,nan,,
-19.8359757,34.8540563,3.0,nan,,
-19.8361212,34.8556054,3.0,nan,,
-19.8357497,34.8535941,1.0,nan,,
-19.8355151,34.8556729,3.0,nan,,
-19.83535,34.8541151,3.0,nan,,
-19.8348914,34.8557427,3.0,nan,,
-19.8402545,34.8501903,3.0,nan,,
-19.8299982,34.879788,1.0,O_37,0.67998298543849,
-19.8331019,34.8828328,1.0,nan,,
-19.8299731,34.8351611,1.0,O_27,0.0,
-19.8404452,34.8478346,1.0,nan,,
-19.8370379,34.8826077,4.0,nan,,
-19.8362985,34.883108,4.0,nan,,
-19.836302,34.8765524,4.0,nan,,
-19.8332407,34.877938,1.0,nan,,
-19.8325967,34.8413545,3.0,nan,,
-19.8496611,34.8722017,3.0,nan,,
-19.8478481,34.8682532,1.0,nan,,
-19.8475628,34.8675986,3.0,nan,,
-19.8482713,34.8728961,1.0,nan,,
-19.8489412,34.8739284,3.0,nan,,
-19.8462252,34.8778072,1.0,nan,,
-19.8453927,34.867081,1.0,nan,,
-19.8454292,34.865693,1.0,nan,,
-19.8460284,34.8693851,1.0,nan,,
-19.8446635,34.8700502,1.0,nan,,
-19.8447796,34.8705679,3.0,nan,,
-19.8434323,34.8680305,1.0,nan,,
-19.8447972,34.8751733,1.0,nan,,
-19.8450485,34.8562129,1.0,nan,,
-19.8453665,34.8566472,3.0,nan,,
-19.8302574,34.8811945,3.0,nan,,
-19.8299903,34.8824443,1.0,nan,,
-19.8289475,34.8819706,3.0,nan,,
-19.8287562,34.8815604,3.0,nan,,
-19.8286808,34.8815969,3.0,nan,,
-19.8283702,34.8811982,1.0,nan,,
-19.8285809,34.8811137,3.0,nan,,
-19.8295315,34.8816627,3.0,nan,,
-19.8345349,34.8739401,1.0,nan,,
-19.8347113,34.8742266,3.0,nan,,
-19.8343078,34.8736699,1.0,nan,,
-19.8338815,34.8729564,3.0,nan,,
-19.8321922,34.8740441,1.0,nan,,
-19.8304191,34.8841721,1.0,nan,,
-19.8312132,34.8853891,1.0,nan,,
-19.8315796,34.8851366,3.0,nan,,
-19.8313098,34.8846017,3.0,nan,,
-19.8310754,34.8841844,4.0,nan,,
-19.8303036,34.8839991,1.0,nan,,
-19.8365288,34.8976206,1.0,nan,,
-19.8409131,34.9019335,1.0,nan,,
-19.8396995,34.8995761,3.0,nan,,
-19.837726,34.8948841,1.0,nan,,
-19.8371705,34.8935138,1.0,nan,,
-19.8375454,34.892106,3.0,nan,,
-19.8412752,34.8579159,1.0,nan,,
-19.832958,34.8848929,1.0,nan,,
-19.8336493,34.8844604,1.0,nan,,
-19.8340278,34.8841583,1.0,nan,,
-19.8414205,34.8488473,3.0,nan,,
-19.8407492,34.84934,3.0,nan,,
-19.844365,34.8520175,3.0,nan,,
-19.8439369,34.8523235,1.0,nan,,
-19.8444035,34.8520796,3.0,nan,,
-19.8384015,34.8563147,1.0,nan,,
-19.8379478,34.8560477,3.0,nan,,
-19.836322,34.8528737,3.0,nan,,
-19.8366757,34.8526052,1.0,nan,,
-19.8360091,34.8609187,3.0,nan,,
-19.8434475,34.8536834,1.0,nan,,
-19.8376963,34.8602803,1.0,nan,,
-19.8364663,34.859129,1.0,nan,,
-19.8354771,34.8642054,3.0,nan,,
-19.835167,34.8633434,3.0,nan,,
-19.8353789,34.8657118,1.0,nan,,
-19.8222457,34.8517013,1.0,nan,,
-19.8382804,34.8653282,1.0,nan,,
-19.838696,34.8652216,3.0,nan,,
-19.8390335,34.8655374,1.0,nan,,
-19.8389023,34.864836,3.0,nan,,
-19.8319418,34.8353647,3.0,nan,,
-19.8266692,34.8370528,,"O_0,O_7,O_16",0.34406807683256424,13037735164.0
-19.8267815,34.8366982,,O_6,0.0,13037735165.0
-19.8213941,34.8539556,,O_11,0.0,13037735166.0
-19.8213918,34.8575747,,O_12,0.0,13037735167.0
-19.8221145,34.8626691,,O_13,0.3214257915443372,13037735168.0
-19.8269354,34.8366056,,O_15,0.0,13037735169.0
-19.8283143,34.8399771,,O_17,0.06148052215576172,13037735170.0
-19.8259124,34.8492887,,O_19,6.236673175501932,13037735171.0
-19.8257327,34.8570175,,O_21,0.22219407470151092,13037735172.0
-19.8259382,34.8619241,,O_22,0.0,13037735173.0
-19.8257012,34.8649089,,O_23,0.23463125019839234,13037735174.0
-19.8256389,34.874433,,O_25,0.0,13037735175.0
-19.8295445,34.8416536,,O_28,0.0,13037735176.0
-19.8296804,34.853729,,O_31,0.0,13037735177.0
-19.8298305,34.8578247,,O_32,0.458171855806787,13037735178.0
-19.8298722,34.8662241,,O_34,0.06215381622314453,13037735179.0
-19.8297258,34.8704043,,O_35,0.0,13037735180.0
-19.8299151,34.8746221,,O_36,0.0,13037735181.0
-19.8301142,34.8830192,,O_38,0.7454881338244734,13037735182.0
-19.8346619,34.8329317,,O_39,0.0,13037735183.0
-19.8340281,34.8366116,,O_40,0.0,13037735184.0
-19.834016,34.8411117,,O_41,0.2695928727850513,13037735185.0
-19.8336616,34.8578992,,O_45,0.6301450862369098,13037735186.0
-19.8343829,34.8699497,,O_48,0.46184028638136065,13037735187.0
-19.834178,34.874555,,O_49,0.32736781831411566,13037735188.0
-19.8341653,34.8913188,,O_53,0.33786144437766275,13037735189.0
-19.8380848,34.8325288,,O_54,0.5551307868050197,13037735190.0
-19.8381681,34.8369138,,O_55,0.19602187611624383,13037735191.0
-19.8387999,34.8536657,,O_59,0.20126608578627142,13037735192.0
-19.8382211,34.8574355,,O_60,0.5035602160752051,13037735193.0
-19.8380764,34.865971,,O_62,0.0,13037735194.0
-19.8384843,34.887136,,O_67,0.0,13037735195.0
-19.8381931,34.8918148,,O_68,0.0,13037735196.0
-19.8384646,34.8998515,,O_70,0.0,13037735197.0
-19.841817,34.8384701,,O_71,4.69225897307446,13037735198.0
-19.8422387,34.8454093,,O_73,4.163562897584047,13037735199.0
-19.8420169,34.8580742,,O_76,0.0,13037735200.0
-19.8424961,34.8616151,,O_77,0.0,13037735201.0
-19.8419009,34.8656729,,O_78,0.0,13037735202.0
-19.8408147,34.8715993,,O_79,0.0,13037735203.0
-19.8423877,34.8746283,,O_80,0.0,13037735204.0
-19.8421762,34.8793099,,O_81,0.6649701158919078,13037735205.0
-19.8425703,34.8877212,,O_83,0.0,13037735206.0
-19.8418561,34.8908749,,O_84,1.5985379120446632,13037735207.0
-19.8422428,34.899323,,O_86,0.5919533652350772,13037735208.0
-19.8466397,34.8417984,,O_89,0.3436756175127935,13037735209.0
-19.8463016,34.8536038,,O_92,0.0,13037735210.0
-19.8455125,34.8656233,,O_95,0.0,13037735211.0
-19.8462769,34.8704942,,O_96,0.0,13037735212.0
-19.8458616,34.8784525,,O_98,1.2289697951558396,13037735213.0
-19.8467695,34.8830806,,O_99,1.642458595975709,13037735214.0
-19.8460866,34.8948938,,O_102,1.0617840802596734,13037735215.0
-19.8510452,34.8744437,,O_106,0.0,13037735216.0
-19.8504861,34.8787468,,O_107,0.0,13037735217.0
-19.8513028,34.8827964,,O_108,0.0,13037735218.0
-19.8501294,34.8868309,,O_109,0.0,13037735219.0
-19.829034,34.8568513,,D_1,0.0,13037735220.0
-19.8460205,34.8648572,,D_3,0.0,13037735221.0
-19.8486288,34.8750281,,D_4,0.0,13037735222.0
-19.8510394,34.873806,,"D_5,D_6",0.0,13037735223.0
