u,v,key,osmid,oneway,lanes,ref,highway,maxspeed,reversed,length,rfid_c,rfid,avgspeed,time,bridge,EV1_me,EV1_fr,dam_EV1_HZ_segments,dam_EV1_HZ,name,junction
42002848,3510081992,0,435722626,True,3,N2,trunk,80,False,226.857,"[1, 1607]",1,80.0,0.003,nan,1.0,1.0,"[nan, 17623.7]",17623.7,nan,nan
42002848,42005643,0,72400805,True,2,N2,trunk,80,False,334.93,"[6, 1608, 1771, 1015, 1016]",4,80.0,0.004,nan,,1.0,"[nan, nan, nan, nan, nan]",0.0,nan,nan
42002848,2832217848,0,"[720205318, 284802951]",True,1,A79,motorway_link,80,False,557.7090000000001,"[1697, 1698, 5, 1772, 1709, 1710, 1900, 1621, 1368, 1370, 1695]",99,80.0,0.007,nan,2.8376068376068377,1.0,"[5106.36, 7375.72, 3973.48, nan, nan, nan, nan, 3459.03, nan, 2077.4, 4397.92]",26389.91,nan,nan
42003549,1912827603,0,"[382923864, 215573156]",True,"['3', '2']",A79,motorway,100,False,429.50999999999993,"[1600, 1601, 2, 1732, 933, 1832, 1290, 1739, 1292, 1738, 1295, 1296, 1359, 1754, 1756]",2,100.0,0.004,nan,4.592039800995025,1.0,"[9321.3, 10614.15, nan, 6360.93, 7329.81, 6501.99, 11161.6, 12002.58, 28520.13, 5122.15, 9804.55, 14793.35, 9347.31, nan, nan]",130879.85,nan,nan
42003549,2119022099,0,"[337060729, 254696086, 7125689, 7125692, 1093098142]",True,2,A2,motorway,100,False,603.4239999999999,"[3, 4, 7, 9, 10, 12, 20, 1558, 1560, 1821, 1822, 934, 1322, 1581, 1352, 1747, 1751, 1758, 1761, 1514, 1007, 1008, 1272]",3,100.0,0.006,"['viaduct', 'yes']",4.51,1.0,"[nan, nan, 7063.7, nan, nan, nan, nan, 2706.83, 4800.15, nan, nan, 4930.45, nan, 5108.07, nan, nan, 4793.87, 6541.5, nan, 9314.55, nan, 7248.15, nan]",52507.27,nan,nan
42003549,5284280680,0,425176802,True,4,A2,motorway,100,False,446.129,"[1488, 1752, 1755, 1757, 1759]",111,100.0,0.004,nan,3.2711864406779663,1.0,"[24020.82, 44553.66, 26646.94, 27416.62, 62714.97]",185353.01,nan,nan
42005643,2178785463,0,294242089,True,1,N2,trunk_link,80,False,416.235,"[1288, 905, 8, 1880, 1781, 1879, 1304]",93,80.0,0.005,nan,,1.0,"[nan, nan, nan, nan, nan, nan, nan]",0.0,nan,nan
42005643,2587147871,0,"[337060740, 337060741, 462397446]",True,1,N2,trunk,"['100', '80']",False,463.95500000000004,"[1602, 1347, 1604, 1603, 1515, 1420, 1421, 1521, 1778, 1779, 1780, 1366, 1531]",97,90.0,0.005,viaduct,3.5390070921985815,1.0,"[2752.06, nan, nan, 6286.92, 5757.39, 5898.46, 5895.27, nan, nan, 3188.24, 4984.7, 3025.81, nan]",37788.85,nan,nan
42009257,42010565,0,"[6779692, 587459364, 6779686, 6779687]",True,"['3', '2']",nan,primary,50,False,90.18,"[1568, 1773, 14, 2128, 17, 24]",5,50.0,0.002,yes,3.5833333333333335,1.0,"[nan, 5101.2, nan, nan, nan, 4222.04]",9323.24,Nieuwe Limmelderweg,nan
42009257,42012660,0,"[6779728, 1094522126]",True,1,A79,motorway_link,100,False,389.17900000000003,"[1504, 34, 2663, 2414, 15, 1232, 2417, 2418, 19, 2419, 2415, 22, 2416, 25, 1563, 30]",6,100.0,0.004,nan,2.1538461538461537,1.0,"[4598.3, 3737.48, nan, 5969.46, nan, nan, 1811.63, 2147.63, nan, 2244.22, 2122.23, 1652.79, 2151.66, nan, nan, 3621.32]",30056.72,nan,nan
42009257,3475088037,0,340425125,True,1,nan,motorway_link,50,False,8.181,1575,107,50.0,0.0,nan,,1.0,[nan],0.0,nan,nan
42010565,3475087790,0,241265004,True,1,nan,motorway_link,50,False,8.426,27,7,50.0,0.0,nan,,1.0,[nan],0.0,nan,nan
42010565,3441582576,0,"[587459368, 337060734]",True,2,nan,primary,50,False,185.361,"[1538, 1540, 1541, 1542, 1543, 1544, 1547, 1548, 1549, 1550, 1551, 1552, 1553, 1938, 1939, 1940, 1937, 28, 1744, 1746]",8,50.0,0.004,nan,2.0714285714285716,1.0,"[nan, nan, 2475.38, nan, nan, nan, nan, 1957.14, nan, nan, nan, 1417.21, nan, nan, nan, nan, 682.5, nan, 1719.22, nan]",8251.45,Nieuwe Limmelderweg,nan
42010565,42012783,0,"[6779730, 587459362]",True,"['2', '1']",A79,motorway_link,100,False,380.95700000000005,"[32, 36, 1701, 1702, 1700, 40, 1769, 2662, 1006, 1233, 2130]",11,100.0,0.004,nan,3.388235294117647,1.0,"[nan, 6066.31, 5850.62, 3091.39, nan, nan, 8694.97, nan, nan, nan, nan]",23703.29,nan,nan
42012660,42017065,0,"[435722624, 471789767, 6779722, 6779723, 6779084, 6779087, 85694896, 6779089, 508822928, 85694899, 6779102]",True,"['3', '2']",A79,motorway,100,False,2280.4910000000004,"[128, 131, 143, 1682, 147, 1684, 1686, 1687, 1690, 155, 158, 160, 161, 2084, 38, 2086, 1835, 1836, 1837, 1838, 1839, 1840, 1841, 50, 1842, 1843, 58, 65, 1605, 2250, 2251, 2252, 77, 2253, 2254, 2255, 80, 74, 2388, 1111, 1112, 90, 2396, 1117, 2397, 1118, 1119, 98, 1122, 1124, 1131, 1005, 114, 116, 2421, 2422, 118, 121]",9,100.0,0.023,"['viaduct', 'yes']",3.6783783783783783,1.0,"[nan, nan, 4345.12, nan, nan, nan, 16153.65, 3244.47, 13032.89, nan, nan, nan, nan, nan, 23796.62, nan, 10641.31, 10608.3, 3631.05, 3235.87, nan, nan, nan, 14102.94, nan, nan, 6197.85, 19875.6, 17529.44, nan, 3876.24, 3060.83, 8735.77, 6644.87, nan, nan, nan, nan, nan, nan, 3268.25, nan, 10119.6, nan, 15006.61, 3315.42, nan, nan, nan, nan, nan, nan, nan, nan, nan, nan, nan, nan]",200422.7,nan,nan
42012660,1912827603,0,337017270,True,2,A79,motorway,100,False,643.9679999999998,"[33, 1506, 1833, 1834, 1584, 1586, 18, 29, 1237, 23, 1689, 989, 2398]",85,100.0,0.006,nan,1.4782608695652173,1.0,"[10234.43, 14748.96, 4457.53, nan, 5457.52, 4493.8, nan, nan, 4191.55, nan, nan, nan, 13109.8]",56693.59,nan,nan
42012783,2832217848,0,"[132365576, 6779729]",True,2,A79,motorway,100,False,818.9169999999999,"[37, 1703, 39, 1705, 1704, 11, 13, 16, 1010, 2420, 21, 1017, 26, 2491, 31]",10,100.0,0.008,nan,1.8413461538461537,1.0,"[9133.35, 5166.78, nan, 11104.75, 5960.44, nan, nan, 20671.15, 6213.03, 3736.37, 12631.07, nan, 11071.27, 26335.08, 8919.12]",120942.41,nan,nan
42012783,10024605460,0,"[1094520673, 1094520674, 6779749, 435562863, 85694897, 85694898, 6779091, 153020405, 6779097, 6779099, 6779742]",True,"['3', '2']",A79,motorway,100,False,2210.7139999999995,"[130, 135, 136, 137, 142, 2452, 2453, 1685, 1688, 153, 157, 159, 2083, 2085, 166, 167, 168, 165, 2727, 53, 60, 2119, 2120, 2121, 2122, 2123, 2124, 2125, 2126, 84, 85, 86, 985, 2393, 2394, 92, 1113, 1116, 1115, 1120, 1121, 1114, 988, 1125, 2411, 2412, 2413, 112, 1009, 2423]",124,100.0,0.022,"['viaduct', 'yes']",1.781954887218045,1.0,"[5093.26, nan, 18823.04, 3834.5, 4233.6, nan, nan, 5565.86, 9302.65, 28964.71, 8926.43, 17633.53, 18855.36, nan, nan, 5579.38, nan, nan, 4295.98, nan, 17185.12, 3585.18, 6469.17, nan, nan, 4156.87, nan, nan, nan, nan, 8009.29, nan, 4076.92, nan, 7505.23, nan, nan, nan, 6410.08, nan, nan, nan, 10117.29, 3296.18, 7734.48, 12996.28, nan, 2273.76, nan, nan]",224924.15,nan,nan
42016160,8626619502,0,"[182723360, 144158799]",True,nan,nan,secondary,50,False,40.647,"[2080, 66, 1945, 69, 72, 73, 882, 951, 952, 953, 1946, 1947, 63]",12,50.0,0.001,nan,1.0,1.0,"[248.16, 339.35, nan, 311.09, nan, nan, 339.54, nan, 340.39, nan, 236.25, nan, 267.72]",2082.5,Witte Hoek,roundabout
42016160,3441582576,0,"[459840416, 182723268, 587459367, 178160302, 224450608]",False,2,nan,secondary,50,False,435.00999999999993,"[1792, 1537, 1794, 1796, 1798, 1800, 1802, 1804, 1806, 1808, 1554, 1810, 1812, 1556, 1814, 1816, 1786, 1566, 1569, 1572, 1788, 41, 44, 51, 54, 2111, 1235, 1372, 1374, 1376, 1378, 1381, 1383, 2664, 1385, 2666, 1387, 1390, 1392, 1394, 1266, 1396, 1398, 1400, 1402, 1404, 1790]",104,50.0,0.009,nan,2.933333333333333,1.0,"[nan, 1325.46, nan, nan, nan, nan, nan, nan, nan, nan, nan, nan, nan, nan, nan, nan, nan, nan, 447.08, 690.98, nan, 2073.99, 9137.2, 1101.12, 1677.92, 10021.27, 3740.07, nan, nan, nan, nan, nan, nan, 921.56, nan, 1346.13, nan, nan, nan, nan, 945.19, nan, nan, nan, nan, nan, nan]",33427.97,Ambyerweg,nan
42016160,931725785,0,"[182723360, 182723353]",True,nan,nan,secondary,50,False,42.17400000000001,"[67, 996, 68, 71, 1950, 61, 950, 954, 955, 1948, 1949, 62, 2079]",73,50.0,0.001,nan,,1.0,"[nan, nan, nan, nan, nan, nan, nan, nan, nan, nan, nan, nan, nan]",0.0,Witte Hoek,roundabout
42016633,42017065,0,"[6779100, 1094520676, 465432950]",True,1,A79,motorway_link,"['100', '80']",False,445.435,"[70, 1655, 75, 880, 79, 1648, 1649, 1650, 1011, 1651, 1652, 1647, 1653, 1654, 1012]",15,90.0,0.005,nan,,1.0,"[nan, nan, nan, nan, nan, nan, nan, nan, nan, nan, nan, nan, nan, nan, nan]",0.0,nan,nan
42017065,355917887,0,"[6779104, 6779079, 6779080, 6779082, 948868234, 6778579]",True,2,A79,motorway,100,False,1141.7720000000002,"[1683, 2198, 2204, 2205, 2206, 2207, 2233, 2234, 2235, 2238, 2239, 2245, 78, 2384, 2385, 2386, 83, 986, 987, 95, 97, 1123, 103, 1129, 110, 1136, 113, 115, 119, 122, 126, 127]",14,100.0,0.011,yes,4.571428571428571,1.0,"[nan, nan, nan, nan, nan, nan, nan, nan, nan, nan, nan, nan, nan, nan, nan, nan, nan, nan, nan, 7772.48, nan, nan, 23425.58, nan, nan, nan, nan, nan, nan, nan, nan, nan]",31198.06,nan,nan
42017884,931725785,0,6779711,True,nan,nan,secondary,50,False,77.825,"[2176, 2177, 2178, 101, 1418, 1258, 76, 2192, 82, 2175]",16,50.0,0.002,nan,1.0,1.0,"[nan, nan, nan, nan, nan, 650.82, 761.76, nan, nan, nan]",1412.58,Maastrichterweg,nan
42017884,298438528,0,"[6779681, 282707716, 1095936805, 1095936806, 1095936807, 6779717, 6779695, 1257131992, 6779707, 27195324]",False,"['3', '2']",nan,secondary,"['80', '50']",True,1162.601,"[2432, 1409, 1411, 1413, 1416, 1677, 1679, 2319, 1681, 145, 2321, 2455, 2073, 2457, 2075, 1819, 2459, 1694, 163, 2470, 2087, 2472, 2474, 2476, 2478, 174, 2480, 176, 2482, 178, 2484, 180, 182, 184, 186, 189, 1597, 192, 1090, 194, 1092, 198, 1094, 1096, 202, 1098, 204, 1100, 209, 874, 875, 2669, 888, 891, 124, 1407]",56,65.0,0.018,yes,1.3333333333333333,1.0,"[nan, nan, nan, nan, nan, nan, nan, nan, nan, nan, nan, nan, nan, nan, nan, nan, nan, nan, nan, nan, nan, nan, nan, nan, nan, nan, nan, 5657.11, nan, nan, nan, nan, nan, nan, nan, nan, nan, nan, nan, nan, nan, nan, nan, nan, nan, nan, nan, nan, nan, nan, nan, nan, nan, nan, 2468.25, nan]",8125.36,Maastrichterweg,nan
42017884,8626619502,0,930370384,True,nan,nan,secondary,50,False,72.12799999999999,"[2179, 2180, 2181, 2182, 2183, 2184, 2185, 2186, 2187, 2189, 2190, 2191, 2174]",118,50.0,0.001,nan,1.5,1.0,"[nan, nan, nan, nan, nan, nan, nan, 525.99, 287.28, nan, nan, 268.1, 654.35]",1735.72,Maastrichterweg,nan
42019168,10024605460,0,"[1094520675, 6779093, 465432959]",True,1,A79,motorway_link,"['60', '130']",False,237.585,"[132, 100, 1126, 1127, 1737, 1657, 883, 149, 1656, 94, 1658, 1659, 1660, 894]",18,95.0,0.003,nan,,1.0,"[nan, nan, nan, nan, nan, nan, nan, nan, nan, nan, nan, nan, nan, nan]",0.0,nan,nan
42020189,860028311,0,"[435551043, 465432964, 1094519679]",True,1,A79,motorway_link,"['100', '80']",False,684.285,"[1664, 1665, 1666, 1667, 1668, 1669, 1670, 1671, 1672, 1673, 1674, 146, 148, 151, 152, 154, 922, 156, 164, 169, 1591, 980, 981, 982, 1130, 1138, 1661, 1662, 1663]",72,90.0,0.008,nan,,1.0,"[nan, nan, nan, nan, nan, nan, nan, nan, nan, nan, nan, nan, nan, nan, nan, nan, nan, nan, nan, nan, nan, nan, nan, nan, nan, nan, nan, nan, nan]",0.0,nan,nan
42030250,42032554,0,1094530542,True,2,A2,motorway,100,False,245.072,"[2405, 205]",19,100.0,0.002,nan,,1.0,"[nan, nan]",0.0,nan,nan
42030250,7460916933,0,"[1094530544, 1037526990]",True,1,A2,motorway_link,100,False,89.05,"[2257, 2404, 206, 207]",20,100.0,0.001,nan,,1.0,"[nan, nan, nan, nan]",0.0,nan,nan
42030250,2119022099,0,"[951696836, 6779752, 6779753, 6779756, 6779758, 252677648, 1094530546, 1094527219, 252677652, 337060733]",True,"['3', '2']",A2,motorway,100,False,1363.2570000000003,"[1297, 2201, 1308, 1309, 1310, 1824, 1825, 1826, 35, 171, 1712, 57, 188, 958, 195, 199, 978, 2399, 96, 2406, 1260, 1273]",90,100.0,0.014,yes,1.25,1.0,"[nan, nan, nan, nan, nan, nan, nan, nan, nan, 8681.35, nan, nan, nan, nan, nan, nan, nan, nan, nan, nan, nan, nan]",8681.35,nan,nan
42032554,42038624,0,"[6779746, 1094530540, 1094530541, 1095174586, 6779736, 1095174585, 6779738]",True,"['3', '2']",A2,motorway,100,False,622.4399999999999,"[2400, 225, 226, 2403, 2401, 1026, 1762, 2402, 1675, 1901, 1902, 245, 246, 2424, 221, 222]",21,100.0,0.006,yes,4.863636363636363,1.0,"[nan, nan, nan, nan, nan, nan, nan, nan, nan, nan, nan, 16350.31, nan, nan, nan, nan]",16350.31,nan,nan
42032554,7460916932,0,"[1094530543, 1037526991]",True,1,A2,motorway_link,100,False,30.333,"[213, 2078]",115,100.0,0.0,nan,,1.0,"[nan, nan]",0.0,nan,nan
42035042,42035294,0,"[6779704, 1095936797, 200335887]",True,1,nan,secondary,50,False,44.083,"[2305, 2307, 2308, 2437, 2309, 2438, 2057, 2058, 2059, 2060, 966, 967, 229, 230, 231, 233, 235, 236, 238]",22,50.0,0.001,nan,,1.0,"[nan, nan, nan, nan, nan, nan, nan, nan, nan, nan, nan, nan, nan, nan, nan, nan, nan, nan, nan]",0.0,Knooppunt Hoolhuis,roundabout
42035042,859543718,0,6779704,True,1,nan,secondary,50,False,8.454,"[232, 970, 2317]",69,50.0,0.0,nan,1.0,1.0,"[nan, 126.47, nan]",126.47,Knooppunt Hoolhuis,roundabout
42035042,10036651839,0,1095936815,True,1,nan,secondary,50,False,30.299,"[2441, 2442, 2443, 2445, 2677, 2461]",127,50.0,0.001,nan,,1.0,"[nan, nan, nan, nan, nan, nan]",0.0,Maastrichterweg,nan
42035294,9646103568,0,1095936798,True,1,nan,secondary,50,False,9.956,"[968, 241, 2306, 239]",23,50.0,0.0,nan,3.0,1.0,"[359.45, 200.37, 180.05, 179.64]",919.51,Knooppunt Hoolhuis,roundabout
42035294,42035592,0,1095936816,True,1,nan,secondary,50,False,31.764000000000003,"[2446, 2447, 240, 2448, 2463]",24,50.0,0.001,nan,4.421052631578948,1.0,"[819.12, 531.0, 582.07, 1086.8, 713.0]",3731.99,Bunderstraat,nan
42035592,42038624,0,"[1333271499, 1094531557, 6779607]",True,1,A2,motorway_link,"['130', '50']",False,297.653,"[2720, 2689, 998, 1903, 2719, 242, 2675, 884, 247, 1882, 1883, 252, 255]",25,90.0,0.003,nan,4.027777777777778,1.0,"[nan, 13560.44, 1331.05, nan, nan, 1264.55, 523.6, 1056.16, 1025.81, 1233.03, 1024.59, 9565.58, nan]",30584.81,nan,nan
42035592,847933557,0,6779710,False,3,nan,secondary,50,False,53.564,"[248, 925]",63,50.0,0.001,nan,5.0,1.0,"[4856.7, 11212.5]",16069.2,Bunderstraat,nan
42035592,9646103568,0,1095936817,True,1,nan,secondary,50,False,29.950000000000003,"[2449, 2450, 2451, 244, 2676, 2462]",27,50.0,0.001,nan,4.944444444444445,1.0,"[417.12, 878.62, 726.38, 785.62, 315.62, 609.5]",3732.86,Bunderstraat,nan
42038624,42043135,0,"[6777004, 6777678, 6777679]",True,4,A2,motorway,100,False,527.633,"[289, 266, 290, 2261]",28,100.0,0.005,yes,,1.0,"[nan, nan, nan, nan]",0.0,nan,nan
42038672,6153690991,0,"[200335888, 509397985, 6779688]",True,nan,nan,secondary,50,False,85.959,"[256, 257, 261, 262, 1032, 265, 268, 2465, 2466, 1968, 1971, 962, 963, 964, 1884, 1004, 1783, 2554, 2557]",29,50.0,0.002,nan,3.7708333333333335,1.0,"[3327.52, 422.57, 257.51, 417.38, 2991.38, 231.95, nan, 294.55, 278.61, 379.97, 187.87, 306.84, 357.29, 293.99, 1672.42, 1837.28, 2115.15, 144.11, 319.7]",15836.09,Bunderstraat,roundabout
42038672,1749457312,0,"[6777602, 6777603, 1041989634, 6777604, 7130370, 1118066824, 6777611, 863568143, 863568144, 328353812, 6777622, 1330617627, 6777628, 359428764, 6776995, 6777636, 343031086, 1164173360, 885887285, 343096130, 6777541, 460735557, 6777543, 6777549, 6777551, 6777556, 58760535, 6777560, 6777565, 6779613, 1426448993, 1426448994, 6777571, 1167626851, 144833641, 6777581, 39438960, 6777585, 898584947, 328352372, 6777592, 7130363, 1330623101, 6777598, 156774911]",False,2,nan,secondary,"['60', '80', '50', '30']","[False, True]",6457.439000000002,"[2082, 2090, 2092, 2094, 2096, 2098, 2100, 2102, 2104, 2105, 2108, 2110, 2133, 2135, 2136, 2138, 2141, 2143, 2145, 2147, 2149, 2151, 2152, 2172, 2195, 2197, 276, 278, 280, 282, 288, 292, 295, 298, 299, 304, 306, 308, 310, 312, 317, 319, 322, 324, 325, 328, 331, 333, 335, 338, 339, 341, 344, 347, 350, 352, 364, 366, 370, 373, 376, 378, 380, 382, 384, 387, 391, 397, 399, 401, 403, 405, 407, 409, 413, 416, 421, 423, 425, 427, 429, 431, 433, 435, 437, 439, 2493, 445, 2495, 447, 2497, 2499, 2501, 2503, 455, 2505, 458, 2507, 2509, 461, 2511, 464, 2513, 2515, 467, 2517, 470, 2519, 472, 2521, 474, 2523, 476, 2525, 478, 2527, 480, 2529, 482, 2531, 2533, 486, 2535, 488, 2537, 491, 2539, 493, 2541, 2543, 496, 2545, 498, 2547, 2549, 2551, 2553, 2563, 2564, 542, 556, 566, 573, 583, 585, 596, 2655, 611, 614, 620, 622, 2671, 2672, 627, 630, 634, 638, 642, 644, 646, 649, 651, 653, 654, 663, 664, 667, 670, 673, 674, 678, 682, 688, 690, 692, 694, 696, 700, 706, 714, 722, 726, 728, 732, 892, 916, 917, 924, 990, 992, 1003, 1086, 1088, 1101, 1104, 1106, 1108, 1144, 1146, 1147, 1149, 1165, 1178, 1180, 1182, 1184, 1186, 1188, 1191, 1193, 1196, 1198, 1202, 1206, 1208, 1210, 1212, 1214, 1216, 1222, 1269, 1271, 1275, 1313, 1315, 1317, 1319, 1321, 1360, 1363, 1365, 1423, 1424, 1427, 1429, 1431, 1433, 1435, 1437, 1439, 1441, 1443, 1445, 1447, 1449, 1451, 1453, 1455, 1457, 1459, 1461, 1463, 1465, 1467, 1469, 1471, 1473, 1475, 1476, 1478, 1480, 1482, 1484, 1486, 1491, 1493, 1495, 1497, 1499, 1576, 1620, 1764, 1766, 1846, 1848, 1850, 1852, 1854, 1855, 1858, 1860, 1862, 1864, 1865, 1867, 1887, 1889, 1891, 1893, 1895, 1897, 1899, 1912, 1914, 1916, 1918, 1920, 1930, 1932, 1934, 1936, 1941, 1957, 1959, 1961, 1979, 1981, 1983, 1985, 1987, 1993, 1995, 1997]",81,55.0,0.117,nan,2.5338645418326693,1.0,"[nan, nan, 3398.22, 4405.4, 2591.38, 7609.23, 6687.01, 3448.3, nan, 4302.02, nan, nan, nan, nan, nan, nan, 3288.29, 821.92, 2090.53, 411.26, 1266.23, 969.8, 781.56, 748.69, 2040.01, nan, 2455.82, 5563.38, 2067.0, nan, 1662.74, 5700.83, 999.68, 2019.15, 3423.96, nan, 3095.94, 2289.83, nan, nan, nan, nan, nan, nan, 1828.1, 1635.13, 1255.9, 5216.05, 13225.28, 12422.7, 1891.07, 465.6, 1029.92, 723.94, 2125.48, 3470.34, nan, nan, nan, nan, nan, nan, nan, nan, nan, nan, nan, nan, nan, nan, nan, nan, nan, nan, nan, nan, nan, nan, nan, nan, nan, nan, nan, nan, nan, nan, nan, 6213.0, nan, 3036.85, nan, nan, 1005.37, 13007.07, nan, nan, 2070.02, 1852.05, 1870.38, nan, 1814.32, 3619.44, nan, nan, 3441.95, nan, nan, 226.61, nan, 294.46, 592.91, 233.04, 4180.12, nan, 6140.46, nan, 2695.99, nan, 2607.82, nan, nan, 3612.25, 1192.31, 2144.52, nan, 2115.0, nan, nan, 3654.79, 3425.77, nan, nan, nan, nan, nan, nan, nan, 1192.02, nan, 5399.54, 2367.87, 3410.01, 8962.0, nan, 4958.39, 4490.78, nan, nan, 3334.76, nan, 2505.67, 4262.9, 3481.0, nan, 3584.48, 1505.48, 853.71, 1072.31, nan, 1240.07, 1425.21, 1350.81, 3320.17, 645.11, nan, 2137.41, nan, nan, nan, nan, nan, nan, nan, nan, nan, nan, nan, nan, nan, nan, nan, nan, nan, nan, 11480.36, 1960.2, nan, nan, nan, 4289.49, 959.93, nan, nan, nan, nan, nan, nan, 2220.82, 230.49, 2796.32, 908.82, nan, nan, nan, nan, 4110.47, 704.16, nan, nan, 1079.47, nan, nan, nan, nan, nan, nan, nan, nan, nan, 1003.49, nan, 5957.32, nan, nan, nan, nan, nan, 2480.56, 2411.12, 2546.68, 1823.85, nan, nan, nan, nan, nan, nan, nan, nan, nan, nan, nan, nan, nan, nan, nan, nan, nan, nan, nan, nan, nan, nan, nan, nan, nan, nan, nan, nan, nan, 7432.69, 2641.07, 2777.64, nan, 2609.89, nan, 3287.78, 1305.94, 2474.29, 2455.83, 3768.67, 2661.98, 1436.85, 3705.37, nan, nan, 985.16, nan, nan, nan, 1790.28, 1461.13, nan, nan, 1142.03, nan, nan, nan, nan, 878.47, 1396.89, nan, 387.64, 1719.51, 1031.85, nan, 2580.23, 6314.06, nan, nan, nan, nan, nan, nan, nan, 554.9, nan, 4797.2, nan, nan, 547.56, 571.68, 547.72]",362201.75,"['Pasweg', 'Processieweg', 'Vliegenstraat', 'Broekhoven', 'Brommelen', 'Slingerberg', 'Prinses Ireneweg', 'Hulserstraat', 'Hussenbergstraat', 'Oostbroek']",nan
42038672,1470642590,0,205506852,True,nan,nan,secondary,50,False,20.633000000000003,"[960, 961, 267, 270, 271, 1040, 1969, 1970]",76,50.0,0.0,nan,1.2,1.0,"[272.16, nan, 394.21, nan, nan, 251.26, nan, nan]",917.63,nan,roundabout
42041718,859543703,0,"[490065921, 6779751, 6779755, 6777005, 6779757, 6779737, 27195291, 435722621, 435722623]",True,"['3', '2']",A2,motorway,100,False,2085.028,"[259, 273, 284, 285, 2467, 2468, 170, 1706, 172, 301, 187, 959, 196, 1606, 200, 210, 99, 1259, 1262, 1263, 1267, 250, 254]",31,100.0,0.021,yes,3.6785714285714284,1.0,"[nan, nan, nan, nan, nan, nan, nan, nan, 7445.7, nan, nan, 16187.49, 17591.93, nan, nan, 26746.65, nan, nan, nan, nan, nan, 70837.54, 17462.44]",156271.75,nan,nan
42041718,1470642590,0,"[1333271496, 1333271497, 6777006, 390464799]",True,1,A2,motorway_link,"['100', '80', '50']",False,416.6689999999999,"[2688, 272, 274, 283, 286, 291, 296, 302, 2114, 1731, 2115, 2117, 2116, 2118, 1001, 2674, 1019, 2684, 2685, 2686, 2687]",32,77.0,0.005,nan,1.7222222222222223,1.0,"[nan, 1126.12, 1315.58, nan, nan, nan, nan, nan, 345.3, nan, 186.4, 298.49, 541.86, 185.37, nan, 270.48, nan, nan, nan, nan, nan]",4269.6,nan,nan
42041718,42069836,0,"[390464800, 951700993, 6777640, 6777642, 6777645, 6777677, 205506840, 763192827, 763192828]",True,"['3', '2']",A2,motorway,100,False,3705.3169999999996,"[388, 1029, 2054, 1031, 2055, 393, 1034, 395, 1035, 1037, 1043, 1049, 1050, 411, 1052, 1051, 418, 938, 939, 1588, 441, 443, 449, 451, 453, 973, 462, 975, 976, 465, 977, 2259, 336, 2262, 2263, 2264, 2265, 2266, 345, 2268, 2269, 2270, 2271, 353, 354, 483, 355, 357, 359, 360, 2154, 2155, 2156, 362, 878, 1264, 368, 374, 1784, 1785, 895]",37,100.0,0.037,yes,2.3447761194029852,1.0,"[nan, 3109.89, 9485.0, nan, 6408.91, 2208.53, nan, 4081.6, nan, 4175.83, 6625.0, 6041.41, nan, 64553.15, 9890.11, 9008.5, 14405.02, nan, nan, 119158.54, 15534.08, 9224.25, nan, nan, nan, nan, nan, 13304.24, 23064.44, nan, 8911.43, nan, 32219.28, nan, 2603.79, nan, nan, nan, 1959.36, 3470.2, 2709.94, 5157.34, 18263.61, nan, nan, nan, nan, nan, 5434.3, nan, nan, nan, nan, nan, 8594.44, 15347.39, nan, nan, 11584.65, 14497.7, 23476.4]",474508.33,nan,nan
42043135,42044633,0,763192826,True,3,A2,motorway,100,False,220.131,313,33,100.0,0.002,nan,,1.0,[nan],0.0,nan,nan
42043135,42043228,0,"[1037528572, 1094531558]",True,1,A2,motorway_link,100,False,53.398999999999994,"[1904, 314, 315]",34,100.0,0.001,nan,,1.0,"[nan, nan, nan]",0.0,nan,nan
42043917,42044633,0,"[1094531556, 1037528573]",True,1,A2,motorway_link,100,False,51.792,"[320, 1021, 1047]",35,100.0,0.001,nan,,1.0,"[nan, nan, nan]",0.0,nan,nan
42044633,4343161072,0,"[951700992, 329197446, 329197449, 6777644, 6777655, 6777652, 509091284, 763192823, 763192824, 763192825, 198035738, 6777660]",True,"['3', '2', '4']",A2,motorway,100,False,3670.6809999999987,"[896, 385, 2051, 2052, 2053, 389, 392, 394, 1048, 410, 2203, 1053, 414, 417, 419, 936, 937, 1579, 1844, 440, 442, 448, 450, 1730, 452, 456, 329, 459, 972, 974, 1489, 1490, 2258, 2260, 468, 2267, 348, 356, 358, 361, 1132, 1261, 877, 367, 1905, 1906, 1907, 1908, 1909, 1910, 371, 506]",36,100.0,0.037,yes,1.7357142857142858,1.0,"[nan, nan, 15215.52, nan, 11081.46, nan, nan, nan, nan, nan, nan, nan, nan, 24771.94, 12686.31, nan, nan, nan, nan, 8832.34, 29724.61, nan, nan, nan, nan, nan, nan, nan, nan, nan, 16757.9, nan, nan, nan, 19721.32, nan, nan, nan, nan, nan, nan, nan, nan, nan, 15673.12, 15378.59, nan, nan, nan, nan, nan, 12471.91]",182315.02,nan,nan
42069836,42072479,0,6777651,True,1,A2,motorway_link,130,False,449.331,"[1152, 533, 2366, 2367, 2368, 2369, 2370, 2371, 2372, 2373, 2374, 2375, 484, 489, 492, 499, 500, 1013, 1014, 505]",42,130.0,0.003,nan,1.0,1.0,"[nan, nan, nan, nan, nan, nan, nan, nan, 1544.16, 815.92, nan, nan, nan, nan, nan, 2062.04, nan, nan, nan, nan]",4422.12,nan,nan
42069836,42074992,0,"[6777640, 6777658, 947375147]",True,2,A2,motorway,100,False,911.05,"[1028, 619, 940, 528, 658, 565, 507]",49,100.0,0.009,yes,1.5797872340425532,1.0,"[11393.38, 15891.3, 28248.18, 11161.07, 10099.05, nan, 69180.71]",145973.69,nan,nan
42071903,42071918,0,6777633,False,5,nan,secondary,80,True,11.43,503,40,80.0,0.0,nan,,1.0,[nan],0.0,Europalaan,nan
42071903,42075122,0,"[1094542816, 332731577]",True,1,A2,motorway_link,130,False,520.915,"[1033, 1168, 1042, 1046, 1054, 550, 552, 2346, 2347, 2348, 2349, 555, 2350, 2351, 2352, 2353, 563, 2354, 2355, 2356, 2357, 2358, 2359, 2360, 2361, 591, 602, 607, 613, 626, 502, 632, 1022]",39,130.0,0.004,nan,2.176470588235294,1.0,"[1322.49, 6394.01, nan, 1033.56, nan, nan, nan, nan, nan, nan, nan, nan, nan, nan, 2696.42, nan, nan, nan, nan, nan, nan, 593.66, nan, nan, nan, 712.21, 726.25, nan, 827.02, nan, 2949.29, nan, nan]",17254.91,nan,nan
42071918,42072479,0,"[720129192, 447136707, 1095938421, 720129191]",False,"['3', '5', '4']",nan,secondary,80,True,230.079,"[2049, 1989, 1990, 2324, 534, 2425, 2718]",43,80.0,0.003,nan,1.0,1.0,"[nan, 9871.01, nan, nan, nan, 3418.88, nan]",13289.89,Europalaan,nan
42071918,4343161072,0,"[72369768, 436425506, 436425508, 436425509]",True,"['3', '4', '1']",A2,motorway_link,100,False,437.0609999999999,"[2050, 1038, 1039, 1041, 1169, 2327, 2328, 2329, 2330, 2331, 2332, 2333, 2334, 2335, 544, 2336, 2337, 2338, 2339, 2341, 2340, 935, 2342, 2343, 2344, 551, 2345, 558, 561, 564, 568, 571, 572, 575, 576, 577, 578, 547, 1609, 1611, 1612, 1613, 1020]",109,100.0,0.004,yes,1.125,1.0,"[nan, nan, nan, nan, nan, 932.64, nan, nan, nan, 478.12, 728.75, nan, 474.44, nan, nan, 556.69, 514.35, 529.43, 390.95, 334.06, nan, nan, nan, nan, nan, nan, nan, nan, nan, 638.49, nan, 509.5, 447.91, nan, 622.56, 487.97, 600.1, 1384.15, nan, nan, nan, 3193.53, nan]",12823.64,nan,nan
42072479,42074033,0,"[1095938425, 6777563, 1095938422]",False,"['3', '2', '4']",nan,secondary,80,True,280.996,"[1158, 2326, 539, 541, 549, 554, 1082, 570, 1084, 581, 590, 600, 1629, 1631, 1633, 2160, 2162, 2035, 2164, 2037, 2166, 2039, 2041, 2043, 2045, 2047]",46,80.0,0.004,nan,,1.0,"[nan, nan, nan, nan, nan, nan, nan, nan, nan, nan, nan, nan, nan, nan, nan, nan, nan, nan, nan, nan, nan, nan, nan, nan, nan, nan]",0.0,Europalaan,nan
42072479,42074992,0,"[6777688, 436425507, 436425510, 1094542815]",True,"['3', '2', '1']",A2,motorway_link,100,False,483.973,"[608, 1729, 579, 584, 1614, 1615, 562, 659, 2322, 1170, 598, 633, 2363, 2364, 2365]",50,100.0,0.005,nan,1.0,1.0,"[nan, nan, nan, nan, 5193.8, nan, nan, 6064.26, nan, nan, nan, nan, nan, nan, nan]",11258.06,nan,nan
42074033,42082276,0,"[6772935, 504506832, 6777554, 6773045, 6777558, 720127925, 164725497, 6773022]",False,"['3', '2']",nan,secondary,"['80', '50']",True,2076.829999999999,"[1056, 1058, 1064, 1072, 1074, 1076, 1078, 1080, 610, 618, 1645, 625, 1154, 1163, 2702, 1167, 2704, 657, 2706, 2708, 2710, 2712, 2714, 2716, 2724, 680, 1714, 1717, 708, 710, 2247, 712, 1225, 716, 720, 724, 1239, 730, 734, 738, 742, 744, 746, 753, 758, 762, 770, 779, 792, 799, 803, 812, 816, 818, 824, 826, 832, 838, 842, 1870, 1922, 1999, 2001, 2003, 2005, 2007, 2009, 2011, 2013, 2015, 2017, 995, 2019, 2021, 2023, 2025, 2027, 2029, 2031, 2033]",54,65.0,0.032,nan,3.284569138276553,1.0,"[nan, 3396.05, 3768.35, 3008.83, 1572.08, nan, nan, 2305.04, nan, nan, nan, nan, nan, nan, 2508.48, nan, nan, nan, 906.07, 3113.09, 13828.91, 1678.84, 2406.82, 3889.14, 4439.33, nan, 2050.69, 681.94, nan, nan, 2584.45, nan, nan, nan, nan, nan, 2081.82, nan, nan, 10545.07, nan, 4225.5, 5374.8, 9339.12, 8372.27, nan, nan, 1068.98, 3047.86, 2316.38, 17026.4, 4109.95, 5938.57, 8189.6, 2522.15, 6542.64, nan, 7417.6, 3398.72, 2854.99, 15540.46, nan, nan, nan, nan, nan, nan, nan, nan, nan, nan, 5712.08, 12087.69, nan, nan, nan, nan, nan, 1492.53, nan]",191343.29,"['Maastrichterlaan', 'Hoogkuil']",nan
42074033,1755091299,0,"[6777601, 938735506, 1239932983]",False,nan,nan,secondary,"['60', '80', '50']",False,833.6990000000001,"[512, 514, 1155, 519, 1160, 524, 526, 529, 531, 536, 545, 1189, 2600, 2602, 2604, 2606, 559, 1199, 2608, 2610, 1203, 2612, 2614, 2616, 2618, 2620, 2622, 2624, 1217, 2626, 1219, 2628, 1223, 587, 592, 594, 1624, 1626, 603, 605, 1634, 1636, 1638, 1640, 1642, 508, 510]",82,63.0,0.013,nan,1.6962025316455696,1.0,"[1346.53, nan, 4000.85, 2943.03, nan, nan, nan, nan, 1479.11, nan, 4620.34, 1628.52, nan, nan, nan, nan, 6331.82, nan, nan, nan, 1756.85, 2881.68, nan, nan, nan, nan, nan, nan, nan, nan, nan, nan, nan, 2228.97, nan, nan, 5063.55, 2199.49, nan, nan, 5791.29, 2266.58, 1963.49, 2512.61, nan, nan, 1913.65]",50928.36,Cruisboomveld,nan
42074695,2066650883,0,"[6772928, 347330697, 6772929, 347330700]",False,nan,nan,secondary,"['80', '50']",True,988.003,"[641, 772, 637, 2567, 777, 2569, 2571, 781, 2573, 2575, 2577, 2579, 1300, 2581, 661, 2583, 2585, 2587, 2589, 669, 2591, 2593, 2595, 2597, 2599, 684, 686, 2486, 1719, 2488, 2490, 698, 702, 704, 1228, 718, 1617, 1110, 1241, 1244, 1246, 736, 2657, 2659, 740, 2661, 1254, 1253, 750, 756, 760, 764, 765, 767]",88,65.0,0.015,nan,1.7647058823529411,1.0,"[nan, 2546.65, nan, nan, 903.53, nan, nan, nan, nan, 1883.31, 1091.17, 1779.19, nan, nan, nan, nan, nan, nan, nan, 1200.72, nan, nan, nan, nan, nan, 2907.2, nan, nan, nan, 4358.98, 13513.85, nan, nan, nan, nan, nan, nan, nan, nan, nan, nan, nan, 6422.86, 457.29, nan, nan, 3092.02, nan, nan, nan, nan, 2410.79, 5848.46, 754.91]",49170.93,Adsteeg,nan
42074992,42078554,0,"[6777681, 6777683, 1094542812]",True,3,A2,motorway,100,False,636.261,"[2408, 745, 774, 751]",52,100.0,0.006,yes,1.0,1.0,"[nan, 64635.16, nan, nan]",64635.16,nan,nan
42075122,42084346,0,"[6773088, 163556623, 6777680, 6777682, 163556989, 1094542814]",True,"['3', '2']",A2,motorway,100,False,1596.1529999999998,"[773, 1171, 1174, 797, 676, 807, 942, 943, 944, 945, 1974, 1975, 1977, 835, 1227, 852, 2409, 748, 754]",51,100.0,0.016,yes,1.0,1.0,"[nan, nan, nan, nan, nan, nan, 15031.19, nan, nan, nan, nan, nan, nan, nan, nan, nan, 1601.86, 6968.39, nan]",23601.44,nan,nan
42075122,4343161072,0,"[947375148, 509091285]",True,2,A2,motorway,100,False,469.54,"[1024, 616, 1610, 522, 2410, 941, 1036, 2362]",110,100.0,0.005,yes,,1.0,"[nan, nan, nan, nan, nan, nan, nan, nan]",0.0,nan,nan
42078554,364718988,0,"[163556624, 1094543643, 163556988]",True,2,A2,motorway,100,False,447.56899999999996,"[800, 782, 1172, 949, 886, 1175, 1976]",60,100.0,0.004,yes,,1.0,"[nan, nan, nan, nan, nan, nan, nan]",0.0,nan,nan
42078554,3730310133,0,"[1094542813, 1037610686]",True,1,A2,motorway_link,130,False,98.477,"[1728, 1580, 775]",108,130.0,0.001,nan,,1.0,"[nan, nan, nan]",0.0,nan,nan
42080187,364718988,0,"[781521675, 163556627, 6777670]",True,1,A2,motorway_link,100,False,106.888,"[808, 885, 1173, 887, 1176]",59,100.0,0.001,yes,,1.0,"[nan, nan, nan, nan, nan]",0.0,nan,nan
42082276,1694982268,0,"[6773008, 509398743]",False,4,nan,secondary,50,True,68.97999999999999,"[2377, 2379, 2381, 1069, 2383, 1135, 2681]",79,50.0,0.001,nan,1.0,1.0,"[nan, nan, nan, nan, nan, nan, 4897.2]",4897.2,Wolfeynde,nan
42082276,2066650880,0,"[6772999, 463662860, 1012211279, 6773048, 196323453]",False,3,nan,secondary,50,False,492.98699999999997,"[1923, 2692, 1925, 1927, 795, 2076, 801, 2213, 805, 2215, 809, 813, 820, 821, 827, 830, 1726, 833, 839, 1622, 2652, 1249, 1256]",86,50.0,0.01,nan,4.613924050632911,1.0,"[1102.05, 5793.98, 2157.07, 1270.28, 5522.78, 2569.5, 2759.85, 5760.22, 1648.58, 2772.22, 6687.45, 13433.4, 2252.93, 7290.67, 7753.05, 5420.25, 3721.28, 7867.23, 5699.68, 7557.4, 3006.45, 886.6, 5112.68]",108045.6,"['Raadhuisstraat', 'Brugstraat']",nan
298438528,9646055863,0,1095936809,True,1,nan,secondary,50,False,33.428,"[2436, 2435, 876]",57,50.0,0.001,nan,1.0,1.0,"[nan, 775.69, nan]",775.69,Maastrichterweg,nan
298438528,9646055861,0,1095936808,True,1,nan,secondary,50,False,33.221,"[2433, 2282, 2434]",120,50.0,0.001,nan,,1.0,"[nan, nan, nan]",0.0,Maastrichterweg,nan
355917887,4980868656,0,"[1094519680, 1094519681, 1094518829, 6778694]",True,"['3', '2', '1']",A79,"['motorway_link', 'motorway']",100,False,1160.3159999999998,"[2212, 43, 46, 879, 81, 2387, 2389, 2390, 56, 1599]",58,100.0,0.012,nan,1.0,1.0,"[19819.13, nan, nan, nan, nan, 19740.48, nan, nan, nan, nan]",39559.61,nan,nan
355917887,6284808447,0,"[6778696, 1094519682, 1356676043]",True,1,A79,motorway_link,"['130', '80']",False,814.7999999999998,"[133, 2700, 150, 919, 1943, 920, 921, 2208, 2209, 2210, 1713, 2236, 2237, 2240, 2241, 2242, 2243, 2244, 2256, 88, 89, 91, 93, 104, 105, 106, 107, 108, 1137, 1139, 1140, 125]",113,105.0,0.008,nan,,1.0,"[nan, nan, nan, nan, nan, nan, nan, nan, nan, nan, nan, nan, nan, nan, nan, nan, nan, nan, nan, nan, nan, nan, nan, nan, nan, nan, nan, nan, nan, nan, nan, nan]",0.0,nan,nan
364718988,8575829417,0,"[6777666, 1094543644]",True,"['3', '2']",A2,motorway,100,False,577.867,"[866, 836, 2407, 946, 947, 948, 853, 1973, 2167]",116,100.0,0.006,nan,,1.0,"[nan, nan, nan, nan, nan, nan, nan, nan, nan]",0.0,nan,nan
672173771,10036651817,0,6779700,True,1,nan,secondary,50,False,7.24,"[2273, 2291, 220, 909]",61,50.0,0.0,nan,3.0,1.0,"[148.72, 198.1, 164.0, 210.16]",720.98,nan,roundabout
672173771,931755857,0,1095936800,True,1,nan,secondary,50,False,36.698,"[2430, 2429, 910, 2690]",62,50.0,0.001,nan,2.6666666666666665,1.0,"[477.68, 850.29, 1142.66, 898.0]",3368.63,Maastrichterweg,nan
672173771,9646055863,0,6779700,True,1,nan,secondary,50,False,24.984,"[1962, 907, 2284, 2285, 2286, 2287, 2288, 908, 2289, 2290, 214, 216, 218]",121,50.0,0.0,nan,2.6875,1.0,"[132.34, 152.26, 128.63, 128.08, 128.77, 193.5, 208.22, 198.0, 210.06, 209.95, 129.32, 216.79, 206.25]",2242.17,nan,roundabout
847933557,847933560,0,71234475,True,nan,nan,secondary,50,False,39.964999999999996,"[1025, 1733, 926]",64,50.0,0.001,nan,5.0,1.0,"[1906.88, 3020.4, 4064.85]",8992.13,Bunderstraat,nan
847933557,6153690991,0,509397985,True,nan,nan,secondary,50,False,80.766,"[1734, 1885, 1045, 251, 253]",112,50.0,0.002,nan,5.0,1.0,"[1733.18, 2551.95, 4256.1, 3848.62, 5782.5]",18172.35,Bunderstraat,nan
847933560,1470642590,0,"[720131696, 71234475, 176191796, 720131695]",True,nan,nan,secondary,50,False,121.624,"[2304, 258, 1027, 260, 1030, 263, 264, 927, 2464, 2721, 929, 2722, 1964, 1965, 1966, 1967, 1972, 965, 1230, 1231, 997, 1782, 2555, 2556, 1023]",65,50.0,0.002,nan,4.072727272727272,1.0,"[2625.21, nan, 1228.5, 554.0, 737.78, 249.86, 147.99, 1948.5, 783.22, 1143.9, 881.1, 727.65, nan, 268.1, 852.12, 4613.98, 1363.51, 226.61, 265.07, nan, 377.91, 1348.65, nan, 147.04, 869.82]",21360.52,Bunderstraat,roundabout
847933560,6153690991,0,71234476,True,nan,nan,secondary_link,50,False,45.454000000000015,"[928, 2560, 930, 931, 932, 1955, 2561, 1018, 2558, 2559]",66,50.0,0.001,nan,5.0,1.0,"[1784.02, 269.32, 669.82, 2042.1, 261.45, 315.23, 258.98, 1050.75, 3079.12, 496.35]",10227.14,Bunderstraat,nan
859543703,2587147871,0,"[490065922, 6779107, 951696835, 284802954, 284803024]",True,"['3', '2']",A2,motorway,100,False,492.062,"[1349, 1414, 1350, 1351, 1353, 1354, 1355, 1356, 1708, 1358, 1618, 1823, 1334, 1336, 2202, 956, 1343]",67,100.0,0.005,yes,1.0,1.0,"[6549.42, nan, nan, nan, nan, nan, nan, nan, nan, nan, nan, 4978.45, nan, nan, nan, nan, nan]",11527.87,nan,nan
859543703,3441582565,0,"[587459361, 294298502, 284802950, 294298503]",True,"['2', '1']",A2,motorway_link,100,False,525.486,"[2170, 1770, 1707, 1646, 1301, 1302, 1303, 1305, 1306, 1307, 957, 1502, 1503]",68,100.0,0.005,viaduct,1.9,1.0,"[nan, nan, nan, nan, nan, nan, 6990.85, 2096.69, 3096.19, nan, nan, nan, 10901.02]",23084.75,nan,nan
859543718,10036651839,0,1095936814,True,1,nan,secondary,50,False,31.35,"[2439, 2440, 971, 1881, 2460]",70,50.0,0.001,nan,1.1538461538461537,1.0,"[nan, 536.48, 481.97, 220.18, 139.02]",1377.65,Maastrichterweg,nan
859543718,9646103568,0,6779704,True,1,nan,secondary,50,False,23.619,"[2310, 2311, 2312, 2313, 969, 2314, 2315, 237, 234, 2316, 881, 1044]",122,50.0,0.0,nan,1.5,1.0,"[nan, nan, nan, nan, nan, nan, 130.76, nan, 154.86, 130.42, nan, 99.28]",515.32,Knooppunt Hoolhuis,roundabout
860028311,10024605460,0,"[435551040, 6779081, 6779083, 948868235, 6779085, 6779088]",True,2,A79,motorway,100,False,1167.0210000000002,"[129, 134, 138, 139, 140, 141, 2199, 1589, 1590, 1592, 1593, 1594, 979, 983, 87, 984, 2395, 1128, 109, 111, 117, 120]",71,100.0,0.012,yes,,1.0,"[nan, nan, nan, nan, nan, nan, nan, nan, nan, nan, nan, nan, nan, nan, nan, nan, nan, nan, nan, nan, nan, nan]",0.0,nan,nan
860028311,10024583900,0,"[435551041, 1094518827, 6778693, 27283429]",True,"['3', '2']",A79,motorway,100,False,1224.9279999999999,"[2211, 2157, 2158, 47, 48, 49, 2391, 2392, 1595, 59, 1598]",123,100.0,0.012,nan,1.9228295819935692,1.0,"[11208.42, 15274.88, 10026.07, nan, 8591.94, 45243.15, 26417.2, nan, 34162.65, 69453.37, 19146.72]",239524.4,nan,nan
931725785,8626619502,0,182723360,True,nan,nan,secondary,50,False,10.161,"[1944, 2193, 2188, 2173]",117,50.0,0.0,nan,,1.0,"[nan, nan, nan, nan]",0.0,Witte Hoek,roundabout
931755857,10036651839,0,6779708,False,2,nan,secondary,50,True,186.399,"[224, 228, 1736, 2444, 2293, 1142, 2295, 2297, 2299, 2301, 2303]",126,50.0,0.004,nan,1.9,1.0,"[6104.28, nan, 1573.24, nan, nan, 3315.77, 2083.42, 1003.98, 4176.24, 4793.99, nan]",23050.92,Maastrichterweg,nan
931755857,10036651817,0,1095936799,True,1,nan,secondary,50,False,36.754000000000005,"[1000, 2113, 2691, 2428]",75,50.0,0.001,nan,2.0,1.0,"[692.13, 1034.0, 326.5, 785.09]",2837.72,Maastrichterweg,nan
1694982268,7197169638,0,"[6773063, 506720936, 506720937, 6773037, 1012211281, 1381044020]",False,"['3', '2']",nan,secondary,50,True,494.15099999999995,"[2056, 2697, 1952, 1954, 1060, 1062, 1065, 1068, 1720, 1722, 1725, 847, 1874, 1876, 855, 857, 863, 865, 868, 870, 2679, 2683]",114,50.0,0.01,nan,3.4215686274509802,1.0,"[15632.78, nan, 1153.44, 11942.88, 954.81, 1452.02, 2201.5, nan, 512.64, 7252.83, 4866.8, 1762.04, 686.45, 757.26, 1180.17, 1661.03, 5413.05, nan, 5301.28, 7521.52, 305.08, 1427.45]",71985.03,Stationstraat,nan
1694982268,2393656555,0,"[460737091, 6773062, 6773038, 6773040, 6773079]",False,"['3', '2']",nan,secondary,50,True,399.276,"[2726, 2695, 872, 2248, 2699, 845, 1872, 849, 851, 1332, 858, 861, 1311]",95,50.0,0.008,nan,1.144578313253012,1.0,"[266.3, 887.26, nan, nan, 3789.83, nan, 9361.83, nan, 1397.18, 3185.78, 8874.05, 3679.92, nan]",31442.15,"['Prins Mauritslaan', 'Wolfeynde']",nan
1749457312,1755091299,0,"[1239932984, 1239932985]",True,nan,nan,secondary,50,False,108.69500000000001,"[1220, 2634, 2635, 2636, 2637, 2638, 2639, 2644, 2645, 2646, 2647, 2648, 2649]",83,50.0,0.002,nan,,1.0,"[nan, nan, nan, nan, nan, nan, nan, nan, nan, nan, nan, nan, nan]",0.0,"['Hussenbergstraat', 'Cruisboomveld']",nan
1912827603,3475088037,0,"[587459370, 215573159]",True,"['3', '1']",A79,motorway_link,100,False,261.072,"[1291, 1293, 1294, 1583, 2127, 1585, 1587, 1236]",84,100.0,0.003,nan,3.268292682926829,1.0,"[nan, nan, nan, 2447.98, nan, 4297.39, nan, 3717.95]",10463.32,nan,nan
2066650880,2066650883,0,"[71144648, 6772956, 420383492]",True,nan,nan,secondary,50,False,30.784000000000006,"[902, 903, 904, 784, 785, 787, 790, 793, 794, 2221, 2222, 2223, 2224, 2225, 2226, 2227, 2232, 1248, 1251, 1255]",89,50.0,0.001,nan,1.4444444444444444,1.0,"[nan, nan, 190.2, 242.04, nan, nan, 153.66, 114.06, nan, 242.92, nan, nan, nan, 151.11, 163.02, 124.74, nan, 121.43, nan, 245.11]",1748.29,nan,roundabout
2119022099,3475087790,0,"[340294688, 337060731, 337060728]",True,1,A2,motorway_link,100,False,504.7640000000001,"[1820, 1565, 1827, 1828, 1829, 1830, 1831, 1323, 1324, 1325, 1326, 1327, 1328, 1329, 1330, 1507, 1508, 1509, 1512, 1516, 1517, 1774, 1775, 1776, 1777, 1518, 1519]",106,100.0,0.005,viaduct,3.6911764705882355,1.0,"[nan, 32115.95, nan, nan, 1023.05, 1053.85, 950.03, nan, 883.25, nan, 943.42, nan, 1043.92, nan, nan, nan, nan, nan, nan, nan, 659.88, nan, nan, nan, 435.19, 666.12, 1031.99]",40806.65,nan,nan
2178785461,3441582576,0,337060735,False,2,nan,secondary,50,True,8.794,1535,102,50.0,0.0,nan,,1.0,[nan],0.0,Ambyerweg,nan
2178785461,3475087790,0,"[587459369, 294242091]",True,2,nan,primary,50,False,170.67899999999997,"[1539, 1283, 1286, 1287, 1545, 1546, 1419, 1745, 2129, 1877, 1878, 1750, 1380, 1510, 1511, 1513, 1389, 1277, 1279]",92,50.0,0.003,nan,2.6153846153846154,1.0,"[1974.0, 1450.81, nan, nan, nan, nan, 1705.8, nan, nan, nan, nan, 1424.7, nan, nan, nan, nan, nan, nan, nan]",6555.31,Nieuwe Limmelderweg,nan
2178785461,2178785463,0,"[207636099, 587459366]",True,2,nan,primary,50,False,210.069,"[1280, 1281, 1282, 1284, 1289, 2061, 2062, 2063, 2064, 2065, 1298, 2067, 2068, 2069, 2066, 1333, 1768, 1520, 1527, 2168, 1276, 1278]",94,50.0,0.004,nan,3.5483870967741935,1.0,"[1186.75, nan, nan, 1975.44, nan, nan, nan, nan, nan, nan, 1186.07, 1423.93, nan, 1179.25, nan, 8526.04, nan, 2101.75, nan, 1646.3, 1096.34, nan]",20321.87,Nieuwe Limmelderweg,nan
2178785463,3441582565,0,490065923,True,1,nan,motorway_link,50,False,8.839,1533,101,50.0,0.0,nan,,1.0,[nan],0.0,nan,nan
2587147852,5257356353,0,456837262,True,3,A2,motorway,100,False,198.97000000000003,"[1338, 1749]",96,100.0,0.002,nan,,1.0,"[nan, nan]",0.0,nan,nan
2587147852,2587147871,0,"[462397447, 284803025, 284803026, 337060730, 337060732]",True,2,A2,motorway,100,False,788.2509999999999,"[1559, 1561, 1562, 1582, 1335, 1337, 1339, 1340, 1341, 1342, 1344, 1345, 1346, 1348, 1740, 1357, 1741, 1743, 1742, 1748, 1753, 1501, 1760]",98,100.0,0.008,viaduct,4.505376344086022,1.0,"[6384.1, nan, 5876.82, 10833.48, 7535.85, nan, nan, nan, nan, nan, 13451.21, nan, nan, nan, nan, nan, nan, nan, nan, 7814.8, 5810.0, nan, 3080.67]",60786.93,nan,nan
2587147852,2832217848,0,"[369221729, 720205319]",True,1,A79,motorway,100,False,524.524,"[1696, 1505, 1699, 1415, 1578, 1691, 1711, 1367, 1369, 1371, 1692]",100,100.0,0.005,nan,4.330798479087452,1.0,"[5904.22, 9154.62, 8830.16, 12021.77, 12068.51, 5049.97, nan, 6259.99, 7606.37, 2160.64, 5867.75]",74924.0,nan,nan
3441582565,3441582576,0,"[337060737, 587459365]",True,2,nan,primary,50,False,200.889,"[1536, 2169, 1767, 1522, 1523, 1524, 1525, 2070, 2071, 1528, 1529, 1526, 1530, 1532, 1534]",103,50.0,0.004,nan,4.2272727272727275,1.0,"[2387.91, nan, nan, 2292.75, 1639.44, 1975.25, nan, 1765.0, 819.0, nan, nan, 8680.2, nan, nan, nan]",19559.55,Nieuwe Limmelderweg,nan
3475087790,3475088037,0,"[340294690, 340294691, 340294686]",True,"['2', '1']",nan,primary,50,False,88.061,"[2131, 1571, 1564, 1574]",105,50.0,0.002,yes,4.0,1.0,"[nan, nan, 2885.14, 7303.62]",10188.76,Nieuwe Limmelderweg,nan
9646055861,9646055863,0,6779700,True,1,nan,secondary,50,False,7.691,"[2281, 906, 211, 2283]",119,50.0,0.0,nan,1.0,1.0,"[101.01, 101.06, 100.7, 101.01]",403.78,nan,roundabout
9646055861,10036651817,0,6779700,True,1,nan,secondary,50,False,36.11900000000001,"[2272, 2274, 2275, 2276, 2277, 2278, 2279, 2280, 1963, 219, 911, 912, 913, 914, 212, 215, 217, 2427]",125,50.0,0.001,nan,1.5,1.0,"[nan, nan, nan, nan, nan, nan, 105.05, nan, nan, nan, 163.48, nan, nan, nan, 105.52, nan, nan, 162.66]",536.71,nan,roundabout
