o_node,d_node,origin,destination,opt_path,length,match_ids
13081248522,13081248617,O_0,D_0,"[13081248522, 13081248525, 10736480779, 13081248524, 7238291279, 7238291270, 13081248531, 7238291217, 13081248530, 7698533592, 13081248537, 7238291342, 13081248547, 13081248546, 1849171627, 13081248556, 13081248617]",4866.936,"[295, 295, 364, 364, 303, 301, 301, 299, 299, 337, 337, 305, 305, 305, 261, 261]"
13081248522,13081248618,O_0,D_1,"[13081248522, 13081248525, 10736480779, 13081248524, 7238291279, 7238291270, 13081248531, 7238291217, 13081248530, 7698533592, 13081248537, 7238291342, 13081248547, 13081248546, 1849171627, 13081248557, 1971167548, 12310842190, 13081248619, 6784166345, 7284605704, 7304932666, 7284605697, 13081248558, 13081248618]",7642.584999999999,"[295, 295, 364, 364, 303, 301, 301, 299, 299, 337, 337, 305, 305, 305, 64, 64, 366, 365, 365, 323, 328, 321, 360, 360]"
13081248522,13081248619,O_0,D_2,"[13081248522, 13081248525, 10736480779, 13081248524, 7238291279, 7238291270, 13081248531, 7238291217, 13081248530, 7698533592, 13081248537, 7238291342, 13081248547, 13081248546, 1849171627, 13081248557, 1971167548, 12310842190, 13081248619]",6852.543,"[295, 295, 364, 364, 303, 301, 301, 299, 299, 337, 337, 305, 305, 305, 64, 64, 366, 365]"
13081248522,13081248620,O_0,D_3,"[13081248522, 13081248525, 10736480779, 13081248524, 7238291279, 7238291270, 13081248531, 7238291217, 13081248530, 7698533592, 13081248537, 7238291342, 13081248547, 13081248546, 1849171627, 13081248556, 13081248617, 6130026099, 3494600493, 5715381571, 5504218401, 5504218399, 5504218397, 6784189922, 1848280242, 1848280088, 1848302348, 1971822806, 1848302290, 1957952262, 5891888010, 1977410498, 13081248620]",7917.141,"[295, 295, 364, 364, 303, 301, 301, 299, 299, 337, 337, 305, 305, 305, 261, 261, 261, 259, 218, 199, 197, 195, 272, 271, 21, 19, 70, 23, 63, 236, 75, 225]"
13081248522,13081248621,O_0,D_4,"[13081248522, 13081248525, 10736480779, 13081248524, 7238291279, 7238291270, 13081248531, 7238291217, 13081248530, 7698533592, 13081248537, 7238291342, 13081248547, 13081248546, 1849171627, 13081248556, 13081248617, 6130026099, 3494600493, 5715381571, 5504218401, 5504218399, 5504218397, 6784189922, 1848280242, 1848280088, 1848302348, 1971822806, 1848302290, 1957952262, 5891888010, 5891888009, 5891887994, 13081248621]",8099.069999999999,"[295, 295, 364, 364, 303, 301, 301, 299, 299, 337, 337, 305, 305, 305, 261, 261, 261, 259, 218, 199, 197, 195, 272, 271, 21, 19, 70, 23, 63, 236, 234, 235, 222]"
13081248524,13081248617,O_2,D_0,"[13081248524, 7238291279, 7238291270, 13081248531, 7238291217, 13081248530, 7698533592, 13081248537, 7238291342, 13081248547, 13081248546, 1849171627, 13081248556, 13081248617]",4132.936,"[364, 303, 301, 301, 299, 299, 337, 337, 305, 305, 305, 261, 261]"
13081248524,13081248618,O_2,D_1,"[13081248524, 7238291279, 7238291270, 13081248531, 7238291217, 13081248530, 7698533592, 13081248537, 7238291342, 13081248547, 13081248546, 1849171627, 13081248557, 1971167548, 12310842190, 13081248619, 6784166345, 7284605704, 7304932666, 7284605697, 13081248558, 13081248618]",6908.584999999999,"[364, 303, 301, 301, 299, 299, 337, 337, 305, 305, 305, 64, 64, 366, 365, 365, 323, 328, 321, 360, 360]"
13081248524,13081248619,O_2,D_2,"[13081248524, 7238291279, 7238291270, 13081248531, 7238291217, 13081248530, 7698533592, 13081248537, 7238291342, 13081248547, 13081248546, 1849171627, 13081248557, 1971167548, 12310842190, 13081248619]",6118.543,"[364, 303, 301, 301, 299, 299, 337, 337, 305, 305, 305, 64, 64, 366, 365]"
13081248524,13081248620,O_2,D_3,"[13081248524, 7238291279, 7238291270, 13081248531, 7238291217, 13081248530, 7698533592, 13081248537, 7238291342, 13081248547, 13081248546, 1849171627, 13081248556, 13081248617, 6130026099, 3494600493, 5715381571, 5504218401, 5504218399, 5504218397, 6784189922, 1848280242, 1848280088, 1848302348, 1971822806, 1848302290, 1957952262, 5891888010, 1977410498, 13081248620]",7183.141,"[364, 303, 301, 301, 299, 299, 337, 337, 305, 305, 305, 261, 261, 261, 259, 218, 199, 197, 195, 272, 271, 21, 19, 70, 23, 63, 236, 75, 225]"
13081248524,13081248621,O_2,D_4,"[13081248524, 7238291279, 7238291270, 13081248531, 7238291217, 13081248530, 7698533592, 13081248537, 7238291342, 13081248547, 13081248546, 1849171627, 13081248556, 13081248617, 6130026099, 3494600493, 5715381571, 5504218401, 5504218399, 5504218397, 6784189922, 1848280242, 1848280088, 1848302348, 1971822806, 1848302290, 1957952262, 5891888010, 5891888009, 5891887994, 13081248621]",7365.069999999999,"[364, 303, 301, 301, 299, 299, 337, 337, 305, 305, 305, 261, 261, 261, 259, 218, 199, 197, 195, 272, 271, 21, 19, 70, 23, 63, 236, 234, 235, 222]"
13081248525,13081248617,O_3,D_0,"[13081248525, 10736480779, 13081248524, 7238291279, 7238291270, 13081248531, 7238291217, 13081248530, 7698533592, 13081248537, 7238291342, 13081248547, 13081248546, 1849171627, 13081248556, 13081248617]",4821.936,"[295, 364, 364, 303, 301, 301, 299, 299, 337, 337, 305, 305, 305, 261, 261]"
13081248525,13081248618,O_3,D_1,"[13081248525, 10736480779, 13081248524, 7238291279, 7238291270, 13081248531, 7238291217, 13081248530, 7698533592, 13081248537, 7238291342, 13081248547, 13081248546, 1849171627, 13081248557, 1971167548, 12310842190, 13081248619, 6784166345, 7284605704, 7304932666, 7284605697, 13081248558, 13081248618]",7597.584999999999,"[295, 364, 364, 303, 301, 301, 299, 299, 337, 337, 305, 305, 305, 64, 64, 366, 365, 365, 323, 328, 321, 360, 360]"
13081248525,13081248619,O_3,D_2,"[13081248525, 10736480779, 13081248524, 7238291279, 7238291270, 13081248531, 7238291217, 13081248530, 7698533592, 13081248537, 7238291342, 13081248547, 13081248546, 1849171627, 13081248557, 1971167548, 12310842190, 13081248619]",6807.543,"[295, 364, 364, 303, 301, 301, 299, 299, 337, 337, 305, 305, 305, 64, 64, 366, 365]"
13081248525,13081248620,O_3,D_3,"[13081248525, 10736480779, 13081248524, 7238291279, 7238291270, 13081248531, 7238291217, 13081248530, 7698533592, 13081248537, 7238291342, 13081248547, 13081248546, 1849171627, 13081248556, 13081248617, 6130026099, 3494600493, 5715381571, 5504218401, 5504218399, 5504218397, 6784189922, 1848280242, 1848280088, 1848302348, 1971822806, 1848302290, 1957952262, 5891888010, 1977410498, 13081248620]",7872.141,"[295, 364, 364, 303, 301, 301, 299, 299, 337, 337, 305, 305, 305, 261, 261, 261, 259, 218, 199, 197, 195, 272, 271, 21, 19, 70, 23, 63, 236, 75, 225]"
13081248525,13081248621,O_3,D_4,"[13081248525, 10736480779, 13081248524, 7238291279, 7238291270, 13081248531, 7238291217, 13081248530, 7698533592, 13081248537, 7238291342, 13081248547, 13081248546, 1849171627, 13081248556, 13081248617, 6130026099, 3494600493, 5715381571, 5504218401, 5504218399, 5504218397, 6784189922, 1848280242, 1848280088, 1848302348, 1971822806, 1848302290, 1957952262, 5891888010, 5891888009, 5891887994, 13081248621]",8054.069999999999,"[295, 364, 364, 303, 301, 301, 299, 299, 337, 337, 305, 305, 305, 261, 261, 261, 259, 218, 199, 197, 195, 272, 271, 21, 19, 70, 23, 63, 236, 234, 235, 222]"
13081248530,13081248617,O_8,D_0,"[13081248530, 7698533592, 13081248537, 7238291342, 13081248547, 13081248546, 1849171627, 13081248556, 13081248617]",2910.0,"[299, 337, 337, 305, 305, 305, 261, 261]"
13081248530,13081248618,O_8,D_1,"[13081248530, 7698533592, 13081248537, 7238291342, 13081248547, 13081248546, 1849171627, 13081248557, 1971167548, 12310842190, 13081248619, 6784166345, 7284605704, 7304932666, 7284605697, 13081248558, 13081248618]",5685.648999999999,"[299, 337, 337, 305, 305, 305, 64, 64, 366, 365, 365, 323, 328, 321, 360, 360]"
13081248530,13081248619,O_8,D_2,"[13081248530, 7698533592, 13081248537, 7238291342, 13081248547, 13081248546, 1849171627, 13081248557, 1971167548, 12310842190, 13081248619]",4895.607,"[299, 337, 337, 305, 305, 305, 64, 64, 366, 365]"
13081248530,13081248620,O_8,D_3,"[13081248530, 7698533592, 13081248537, 7238291342, 13081248547, 13081248546, 1849171627, 13081248556, 13081248617, 6130026099, 3494600493, 5715381571, 5504218401, 5504218399, 5504218397, 6784189922, 1848280242, 1848280088, 1848302348, 1971822806, 1848302290, 1957952262, 5891888010, 1977410498, 13081248620]",5960.205000000001,"[299, 337, 337, 305, 305, 305, 261, 261, 261, 259, 218, 199, 197, 195, 272, 271, 21, 19, 70, 23, 63, 236, 75, 225]"
13081248530,13081248621,O_8,D_4,"[13081248530, 7698533592, 13081248537, 7238291342, 13081248547, 13081248546, 1849171627, 13081248556, 13081248617, 6130026099, 3494600493, 5715381571, 5504218401, 5504218399, 5504218397, 6784189922, 1848280242, 1848280088, 1848302348, 1971822806, 1848302290, 1957952262, 5891888010, 5891888009, 5891887994, 13081248621]",6142.134,"[299, 337, 337, 305, 305, 305, 261, 261, 261, 259, 218, 199, 197, 195, 272, 271, 21, 19, 70, 23, 63, 236, 234, 235, 222]"
13081248531,13081248617,O_9,D_0,"[13081248531, 7238291217, 13081248530, 7698533592, 13081248537, 7238291342, 13081248547, 13081248546, 1849171627, 13081248556, 13081248617]",3386.0,"[301, 299, 299, 337, 337, 305, 305, 305, 261, 261]"
13081248531,13081248618,O_9,D_1,"[13081248531, 7238291217, 13081248530, 7698533592, 13081248537, 7238291342, 13081248547, 13081248546, 1849171627, 13081248557, 1971167548, 12310842190, 13081248619, 6784166345, 7284605704, 7304932666, 7284605697, 13081248558, 13081248618]",6161.648999999999,"[301, 299, 299, 337, 337, 305, 305, 305, 64, 64, 366, 365, 365, 323, 328, 321, 360, 360]"
13081248531,13081248619,O_9,D_2,"[13081248531, 7238291217, 13081248530, 7698533592, 13081248537, 7238291342, 13081248547, 13081248546, 1849171627, 13081248557, 1971167548, 12310842190, 13081248619]",5371.607,"[301, 299, 299, 337, 337, 305, 305, 305, 64, 64, 366, 365]"
13081248531,13081248620,O_9,D_3,"[13081248531, 7238291217, 13081248530, 7698533592, 13081248537, 7238291342, 13081248547, 13081248546, 1849171627, 13081248556, 13081248617, 6130026099, 3494600493, 5715381571, 5504218401, 5504218399, 5504218397, 6784189922, 1848280242, 1848280088, 1848302348, 1971822806, 1848302290, 1957952262, 5891888010, 1977410498, 13081248620]",6436.205000000001,"[301, 299, 299, 337, 337, 305, 305, 305, 261, 261, 261, 259, 218, 199, 197, 195, 272, 271, 21, 19, 70, 23, 63, 236, 75, 225]"
13081248531,13081248621,O_9,D_4,"[13081248531, 7238291217, 13081248530, 7698533592, 13081248537, 7238291342, 13081248547, 13081248546, 1849171627, 13081248556, 13081248617, 6130026099, 3494600493, 5715381571, 5504218401, 5504218399, 5504218397, 6784189922, 1848280242, 1848280088, 1848302348, 1971822806, 1848302290, 1957952262, 5891888010, 5891888009, 5891887994, 13081248621]",6618.134,"[301, 299, 299, 337, 337, 305, 305, 305, 261, 261, 261, 259, 218, 199, 197, 195, 272, 271, 21, 19, 70, 23, 63, 236, 234, 235, 222]"
13081248532,13081248617,O_10,D_0,"[13081248532, 7238291754, 7281933558, 7238291216, 13081248539, 13081248538, 7698533591, 1980828432, 7238291342, 13081248547, 13081248546, 1849171627, 13081248556, 13081248617]",3989.025,"[309, 311, 297, 335, 335, 335, 125, 304, 305, 305, 305, 261, 261]"
13081248532,13081248618,O_10,D_1,"[13081248532, 7238291754, 7281933558, 7238291216, 13081248539, 13081248538, 7698533591, 1980828432, 7238291342, 13081248547, 13081248546, 1849171627, 13081248557, 1971167548, 12310842190, 13081248619, 6784166345, 7284605704, 7304932666, 7284605697, 13081248558, 13081248618]",6764.673999999999,"[309, 311, 297, 335, 335, 335, 125, 304, 305, 305, 305, 64, 64, 366, 365, 365, 323, 328, 321, 360, 360]"
13081248532,13081248619,O_10,D_2,"[13081248532, 7238291754, 7281933558, 7238291216, 13081248539, 13081248538, 7698533591, 1980828432, 7238291342, 13081248547, 13081248546, 1849171627, 13081248557, 1971167548, 12310842190, 13081248619]",5974.632,"[309, 311, 297, 335, 335, 335, 125, 304, 305, 305, 305, 64, 64, 366, 365]"
13081248532,13081248620,O_10,D_3,"[13081248532, 7238291754, 7281933558, 7238291216, 13081248539, 13081248538, 7698533591, 1980828432, 7238291342, 13081248547, 13081248546, 1849171627, 13081248556, 13081248617, 6130026099, 3494600493, 5715381571, 5504218401, 5504218399, 5504218397, 6784189922, 1848280242, 1848280088, 1848302348, 1971822806, 1848302290, 1957952262, 5891888010, 1977410498, 13081248620]",7039.23,"[309, 311, 297, 335, 335, 335, 125, 304, 305, 305, 305, 261, 261, 261, 259, 218, 199, 197, 195, 272, 271, 21, 19, 70, 23, 63, 236, 75, 225]"
13081248532,13081248621,O_10,D_4,"[13081248532, 7238291754, 7281933558, 7238291216, 13081248539, 13081248538, 7698533591, 1980828432, 7238291342, 13081248547, 13081248546, 1849171627, 13081248556, 13081248617, 6130026099, 3494600493, 5715381571, 5504218401, 5504218399, 5504218397, 6784189922, 1848280242, 1848280088, 1848302348, 1971822806, 1848302290, 1957952262, 5891888010, 5891888009, 5891887994, 13081248621]",7221.158999999999,"[309, 311, 297, 335, 335, 335, 125, 304, 305, 305, 305, 261, 261, 261, 259, 218, 199, 197, 195, 272, 271, 21, 19, 70, 23, 63, 236, 234, 235, 222]"
13081248533,13081248617,O_11,D_0,"[13081248533, 7238291752, 13081248520, 2874195084, 2004033144, 13081248532, 7238291754, 7281933558, 7238291216, 13081248539, 13081248538, 7698533591, 1980828432, 7238291342, 13081248547, 13081248546, 1849171627, 13081248556, 13081248617]",6839.403,"[306, 368, 171, 130, 309, 309, 311, 297, 335, 335, 335, 125, 304, 305, 305, 305, 261, 261]"
13081248533,13081248618,O_11,D_1,"[13081248533, 2872626340, 7231806880, 13081248541, 13081248550, 13081248540, 13081248549, 10563701729, 1957952104, 1957952128, 10563701727, 13081248548, 13081248559, 13081248618]",5779.098,"[306, 290, 362, 362, 362, 362, 362, 361, 59, 61, 360, 360, 360]"
13081248533,13081248619,O_11,D_2,"[13081248533, 2872626340, 7231806880, 13081248541, 13081248550, 13081248540, 13081248549, 10563701729, 1957952104, 1957952128, 10563701727, 13081248548, 13081248559, 13081248618, 13081248558, 7284605697, 7304932666, 7284605704, 6784166345, 13081248619]",6569.139999999999,"[306, 290, 362, 362, 362, 362, 362, 361, 59, 61, 360, 360, 360, 360, 360, 321, 328, 323, 365]"
13081248533,13081248620,O_11,D_3,"[13081248533, 2872626340, 7231806880, 13081248541, 13081248550, 13081248540, 13081248549, 10563701729, 1957952104, 1957952128, 10563701727, 13081248548, 13081248559, 13081248618, 13081248558, 7284605697, 7304932666, 7284605704, 6784166345, 13081248619, 12310842190, 1971167548, 1971779496, 1977416892, 1847768354, 1847768304, 7304846122, 5675748457, 1847768303, 1848302290, 1957952262, 5891888010, 1977410498, 13081248620]",8453.319,"[306, 290, 362, 362, 362, 362, 362, 361, 59, 61, 360, 360, 360, 360, 360, 321, 328, 323, 365, 365, 366, 65, 91, 90, 15, 326, 215, 12, 24, 63, 236, 75, 225]"
13081248533,13081248621,O_11,D_4,"[13081248533, 2872626340, 7231806880, 13081248541, 13081248550, 13081248540, 13081248549, 10563701729, 1957952104, 1957952128, 10563701727, 13081248548, 13081248559, 13081248618, 13081248558, 7284605697, 7304932666, 7284605704, 6784166345, 13081248619, 12310842190, 1971167548, 1971779496, 1977416892, 1847768354, 1847768304, 7304846122, 5675748457, 1847768303, 1848302290, 1957952262, 5891888010, 5891888009, 5891887994, 13081248621]",8635.248,"[306, 290, 362, 362, 362, 362, 362, 361, 59, 61, 360, 360, 360, 360, 360, 321, 328, 323, 365, 365, 366, 65, 91, 90, 15, 326, 215, 12, 24, 63, 236, 234, 235, 222]"
13081248537,13081248617,O_16,D_0,"[13081248537, 7238291342, 13081248547, 13081248546, 1849171627, 13081248556, 13081248617]",2141.0,"[337, 305, 305, 305, 261, 261]"
13081248537,13081248618,O_16,D_1,"[13081248537, 7238291342, 13081248547, 13081248546, 1849171627, 13081248557, 1971167548, 12310842190, 13081248619, 6784166345, 7284605704, 7304932666, 7284605697, 13081248558, 13081248618]",4916.648999999999,"[337, 305, 305, 305, 64, 64, 366, 365, 365, 323, 328, 321, 360, 360]"
13081248537,13081248619,O_16,D_2,"[13081248537, 7238291342, 13081248547, 13081248546, 1849171627, 13081248557, 1971167548, 12310842190, 13081248619]",4126.607,"[337, 305, 305, 305, 64, 64, 366, 365]"
13081248537,13081248620,O_16,D_3,"[13081248537, 7238291342, 13081248547, 13081248546, 1849171627, 13081248556, 13081248617, 6130026099, 3494600493, 5715381571, 5504218401, 5504218399, 5504218397, 6784189922, 1848280242, 1848280088, 1848302348, 1971822806, 1848302290, 1957952262, 5891888010, 1977410498, 13081248620]",5191.205000000001,"[337, 305, 305, 305, 261, 261, 261, 259, 218, 199, 197, 195, 272, 271, 21, 19, 70, 23, 63, 236, 75, 225]"
13081248537,13081248621,O_16,D_4,"[13081248537, 7238291342, 13081248547, 13081248546, 1849171627, 13081248556, 13081248617, 6130026099, 3494600493, 5715381571, 5504218401, 5504218399, 5504218397, 6784189922, 1848280242, 1848280088, 1848302348, 1971822806, 1848302290, 1957952262, 5891888010, 5891888009, 5891887994, 13081248621]",5373.134,"[337, 305, 305, 305, 261, 261, 261, 259, 218, 199, 197, 195, 272, 271, 21, 19, 70, 23, 63, 236, 234, 235, 222]"
13081248538,13081248617,O_17,D_0,"[13081248538, 7698533591, 1980828432, 7238291342, 13081248547, 13081248546, 1849171627, 13081248556, 13081248617]",2613.536,"[335, 125, 304, 305, 305, 305, 261, 261]"
13081248538,13081248618,O_17,D_1,"[13081248538, 7698533591, 1980828432, 7238291342, 13081248547, 13081248546, 1849171627, 13081248557, 1971167548, 12310842190, 13081248619, 6784166345, 7284605704, 7304932666, 7284605697, 13081248558, 13081248618]",5389.1849999999995,"[335, 125, 304, 305, 305, 305, 64, 64, 366, 365, 365, 323, 328, 321, 360, 360]"
13081248538,13081248619,O_17,D_2,"[13081248538, 7698533591, 1980828432, 7238291342, 13081248547, 13081248546, 1849171627, 13081248557, 1971167548, 12310842190, 13081248619]",4599.143,"[335, 125, 304, 305, 305, 305, 64, 64, 366, 365]"
13081248538,13081248620,O_17,D_3,"[13081248538, 7698533591, 1980828432, 7238291342, 13081248547, 13081248546, 1849171627, 13081248556, 13081248617, 6130026099, 3494600493, 5715381571, 5504218401, 5504218399, 5504218397, 6784189922, 1848280242, 1848280088, 1848302348, 1971822806, 1848302290, 1957952262, 5891888010, 1977410498, 13081248620]",5663.741000000001,"[335, 125, 304, 305, 305, 305, 261, 261, 261, 259, 218, 199, 197, 195, 272, 271, 21, 19, 70, 23, 63, 236, 75, 225]"
13081248538,13081248621,O_17,D_4,"[13081248538, 7698533591, 1980828432, 7238291342, 13081248547, 13081248546, 1849171627, 13081248556, 13081248617, 6130026099, 3494600493, 5715381571, 5504218401, 5504218399, 5504218397, 6784189922, 1848280242, 1848280088, 1848302348, 1971822806, 1848302290, 1957952262, 5891888010, 5891888009, 5891887994, 13081248621]",5845.67,"[335, 125, 304, 305, 305, 305, 261, 261, 261, 259, 218, 199, 197, 195, 272, 271, 21, 19, 70, 23, 63, 236, 234, 235, 222]"
13081248539,13081248617,O_18,D_0,"[13081248539, 13081248538, 7698533591, 1980828432, 7238291342, 13081248547, 13081248546, 1849171627, 13081248556, 13081248617]",3031.536,"[335, 335, 125, 304, 305, 305, 305, 261, 261]"
13081248539,13081248618,O_18,D_1,"[13081248539, 13081248538, 7698533591, 1980828432, 7238291342, 13081248547, 13081248546, 1849171627, 13081248557, 1971167548, 12310842190, 13081248619, 6784166345, 7284605704, 7304932666, 7284605697, 13081248558, 13081248618]",5807.1849999999995,"[335, 335, 125, 304, 305, 305, 305, 64, 64, 366, 365, 365, 323, 328, 321, 360, 360]"
13081248539,13081248619,O_18,D_2,"[13081248539, 13081248538, 7698533591, 1980828432, 7238291342, 13081248547, 13081248546, 1849171627, 13081248557, 1971167548, 12310842190, 13081248619]",5017.143,"[335, 335, 125, 304, 305, 305, 305, 64, 64, 366, 365]"
13081248539,13081248620,O_18,D_3,"[13081248539, 13081248538, 7698533591, 1980828432, 7238291342, 13081248547, 13081248546, 1849171627, 13081248556, 13081248617, 6130026099, 3494600493, 5715381571, 5504218401, 5504218399, 5504218397, 6784189922, 1848280242, 1848280088, 1848302348, 1971822806, 1848302290, 1957952262, 5891888010, 1977410498, 13081248620]",6081.741000000001,"[335, 335, 125, 304, 305, 305, 305, 261, 261, 261, 259, 218, 199, 197, 195, 272, 271, 21, 19, 70, 23, 63, 236, 75, 225]"
13081248539,13081248621,O_18,D_4,"[13081248539, 13081248538, 7698533591, 1980828432, 7238291342, 13081248547, 13081248546, 1849171627, 13081248556, 13081248617, 6130026099, 3494600493, 5715381571, 5504218401, 5504218399, 5504218397, 6784189922, 1848280242, 1848280088, 1848302348, 1971822806, 1848302290, 1957952262, 5891888010, 5891888009, 5891887994, 13081248621]",6263.67,"[335, 335, 125, 304, 305, 305, 305, 261, 261, 261, 259, 218, 199, 197, 195, 272, 271, 21, 19, 70, 23, 63, 236, 234, 235, 222]"
13081248540,13081248617,O_19,D_0,"[13081248540, 13081248549, 10563701729, 1957952104, 1957952128, 10563701727, 13081248548, 13081248559, 13081248618, 13081248558, 7284605697, 7304932666, 7284605704, 6784166345, 13081248619, 12310842190, 1971167548, 13081248557, 1849171627, 13081248556, 13081248617]",5211.813,"[362, 362, 361, 59, 61, 360, 360, 360, 360, 360, 321, 328, 323, 365, 365, 366, 64, 64, 261, 261]"
13081248540,13081248618,O_19,D_1,"[13081248540, 13081248549, 10563701729, 1957952104, 1957952128, 10563701727, 13081248548, 13081248559, 13081248618]",1820.164,"[362, 362, 361, 59, 61, 360, 360, 360]"
13081248540,13081248619,O_19,D_2,"[13081248540, 13081248549, 10563701729, 1957952104, 1957952128, 10563701727, 13081248548, 13081248559, 13081248618, 13081248558, 7284605697, 7304932666, 7284605704, 6784166345, 13081248619]",2610.206,"[362, 362, 361, 59, 61, 360, 360, 360, 360, 360, 321, 328, 323, 365]"
13081248540,13081248620,O_19,D_3,"[13081248540, 13081248549, 10563701729, 1957952104, 1957952128, 10563701727, 13081248548, 13081248559, 13081248618, 13081248558, 7284605697, 7304932666, 7284605704, 6784166345, 13081248619, 12310842190, 1971167548, 1971779496, 1977416892, 1847768354, 1847768304, 7304846122, 5675748457, 1847768303, 1848302290, 1957952262, 5891888010, 1977410498, 13081248620]",4494.385000000001,"[362, 362, 361, 59, 61, 360, 360, 360, 360, 360, 321, 328, 323, 365, 365, 366, 65, 91, 90, 15, 326, 215, 12, 24, 63, 236, 75, 225]"
13081248540,13081248621,O_19,D_4,"[13081248540, 13081248549, 10563701729, 1957952104, 1957952128, 10563701727, 13081248548, 13081248559, 13081248618, 13081248558, 7284605697, 7304932666, 7284605704, 6784166345, 13081248619, 12310842190, 1971167548, 1971779496, 1977416892, 1847768354, 1847768304, 7304846122, 5675748457, 1847768303, 1848302290, 1957952262, 5891888010, 5891888009, 5891887994, 13081248621]",4676.314,"[362, 362, 361, 59, 61, 360, 360, 360, 360, 360, 321, 328, 323, 365, 365, 366, 65, 91, 90, 15, 326, 215, 12, 24, 63, 236, 234, 235, 222]"
13081248541,13081248617,O_20,D_0,"[13081248541, 13081248550, 13081248540, 13081248549, 10563701729, 1957952104, 1957952128, 10563701727, 13081248548, 13081248559, 13081248618, 13081248558, 7284605697, 7304932666, 7284605704, 6784166345, 13081248619, 12310842190, 1971167548, 13081248557, 1849171627, 13081248556, 13081248617]",5924.813,"[362, 362, 362, 362, 361, 59, 61, 360, 360, 360, 360, 360, 321, 328, 323, 365, 365, 366, 64, 64, 261, 261]"
13081248541,13081248618,O_20,D_1,"[13081248541, 13081248550, 13081248540, 13081248549, 10563701729, 1957952104, 1957952128, 10563701727, 13081248548, 13081248559, 13081248618]",2533.1639999999998,"[362, 362, 362, 362, 361, 59, 61, 360, 360, 360]"
13081248541,13081248619,O_20,D_2,"[13081248541, 13081248550, 13081248540, 13081248549, 10563701729, 1957952104, 1957952128, 10563701727, 13081248548, 13081248559, 13081248618, 13081248558, 7284605697, 7304932666, 7284605704, 6784166345, 13081248619]",3323.206,"[362, 362, 362, 362, 361, 59, 61, 360, 360, 360, 360, 360, 321, 328, 323, 365]"
13081248541,13081248620,O_20,D_3,"[13081248541, 13081248550, 13081248540, 13081248549, 10563701729, 1957952104, 1957952128, 10563701727, 13081248548, 13081248559, 13081248618, 13081248558, 7284605697, 7304932666, 7284605704, 6784166345, 13081248619, 12310842190, 1971167548, 1971779496, 1977416892, 1847768354, 1847768304, 7304846122, 5675748457, 1847768303, 1848302290, 1957952262, 5891888010, 1977410498, 13081248620]",5207.385000000001,"[362, 362, 362, 362, 361, 59, 61, 360, 360, 360, 360, 360, 321, 328, 323, 365, 365, 366, 65, 91, 90, 15, 326, 215, 12, 24, 63, 236, 75, 225]"
13081248541,13081248621,O_20,D_4,"[13081248541, 13081248550, 13081248540, 13081248549, 10563701729, 1957952104, 1957952128, 10563701727, 13081248548, 13081248559, 13081248618, 13081248558, 7284605697, 7304932666, 7284605704, 6784166345, 13081248619, 12310842190, 1971167548, 1971779496, 1977416892, 1847768354, 1847768304, 7304846122, 5675748457, 1847768303, 1848302290, 1957952262, 5891888010, 5891888009, 5891887994, 13081248621]",5389.314,"[362, 362, 362, 362, 361, 59, 61, 360, 360, 360, 360, 360, 321, 328, 323, 365, 365, 366, 65, 91, 90, 15, 326, 215, 12, 24, 63, 236, 234, 235, 222]"
13081248546,13081248617,O_25,D_0,"[13081248546, 1849171627, 13081248556, 13081248617]",1140.0,"[305, 261, 261]"
13081248546,13081248618,O_25,D_1,"[13081248546, 1849171627, 13081248557, 1971167548, 12310842190, 13081248619, 6784166345, 7284605704, 7304932666, 7284605697, 13081248558, 13081248618]",3915.6490000000003,"[305, 64, 64, 366, 365, 365, 323, 328, 321, 360, 360]"
13081248546,13081248619,O_25,D_2,"[13081248546, 1849171627, 13081248557, 1971167548, 12310842190, 13081248619]",3125.607,"[305, 64, 64, 366, 365]"
13081248546,13081248620,O_25,D_3,"[13081248546, 1849171627, 13081248556, 13081248617, 6130026099, 3494600493, 5715381571, 5504218401, 5504218399, 5504218397, 6784189922, 1848280242, 1848280088, 1848302348, 1971822806, 1848302290, 1957952262, 5891888010, 1977410498, 13081248620]",4190.205,"[305, 261, 261, 261, 259, 218, 199, 197, 195, 272, 271, 21, 19, 70, 23, 63, 236, 75, 225]"
13081248546,13081248621,O_25,D_4,"[13081248546, 1849171627, 13081248556, 13081248617, 6130026099, 3494600493, 5715381571, 5504218401, 5504218399, 5504218397, 6784189922, 1848280242, 1848280088, 1848302348, 1971822806, 1848302290, 1957952262, 5891888010, 5891888009, 5891887994, 13081248621]",4372.134,"[305, 261, 261, 261, 259, 218, 199, 197, 195, 272, 271, 21, 19, 70, 23, 63, 236, 234, 235, 222]"
13081248547,13081248617,O_26,D_0,"[13081248547, 13081248546, 1849171627, 13081248556, 13081248617]",1459.0,"[305, 305, 261, 261]"
13081248547,13081248618,O_26,D_1,"[13081248547, 13081248546, 1849171627, 13081248557, 1971167548, 12310842190, 13081248619, 6784166345, 7284605704, 7304932666, 7284605697, 13081248558, 13081248618]",4234.649,"[305, 305, 64, 64, 366, 365, 365, 323, 328, 321, 360, 360]"
13081248547,13081248619,O_26,D_2,"[13081248547, 13081248546, 1849171627, 13081248557, 1971167548, 12310842190, 13081248619]",3444.607,"[305, 305, 64, 64, 366, 365]"
13081248547,13081248620,O_26,D_3,"[13081248547, 13081248546, 1849171627, 13081248556, 13081248617, 6130026099, 3494600493, 5715381571, 5504218401, 5504218399, 5504218397, 6784189922, 1848280242, 1848280088, 1848302348, 1971822806, 1848302290, 1957952262, 5891888010, 1977410498, 13081248620]",4509.205,"[305, 305, 261, 261, 261, 259, 218, 199, 197, 195, 272, 271, 21, 19, 70, 23, 63, 236, 75, 225]"
13081248547,13081248621,O_26,D_4,"[13081248547, 13081248546, 1849171627, 13081248556, 13081248617, 6130026099, 3494600493, 5715381571, 5504218401, 5504218399, 5504218397, 6784189922, 1848280242, 1848280088, 1848302348, 1971822806, 1848302290, 1957952262, 5891888010, 5891888009, 5891887994, 13081248621]",4691.133999999999,"[305, 305, 261, 261, 261, 259, 218, 199, 197, 195, 272, 271, 21, 19, 70, 23, 63, 236, 234, 235, 222]"
13081248548,13081248617,O_27,D_0,"[13081248548, 13081248559, 13081248618, 13081248558, 7284605697, 7304932666, 7284605704, 6784166345, 13081248619, 12310842190, 1971167548, 13081248557, 1849171627, 13081248556, 13081248617]",3874.649,"[360, 360, 360, 360, 321, 328, 323, 365, 365, 366, 64, 64, 261, 261]"
13081248548,13081248618,O_27,D_1,"[13081248548, 13081248559, 13081248618]",483.0,"[360, 360]"
13081248548,13081248619,O_27,D_2,"[13081248548, 13081248559, 13081248618, 13081248558, 7284605697, 7304932666, 7284605704, 6784166345, 13081248619]",1273.042,"[360, 360, 360, 360, 321, 328, 323, 365]"
13081248548,13081248620,O_27,D_3,"[13081248548, 13081248559, 13081248618, 13081248558, 7284605697, 7304932666, 7284605704, 6784166345, 13081248619, 12310842190, 1971167548, 1971779496, 1977416892, 1847768354, 1847768304, 7304846122, 5675748457, 1847768303, 1848302290, 1957952262, 5891888010, 1977410498, 13081248620]",3157.2210000000005,"[360, 360, 360, 360, 321, 328, 323, 365, 365, 366, 65, 91, 90, 15, 326, 215, 12, 24, 63, 236, 75, 225]"
13081248548,13081248621,O_27,D_4,"[13081248548, 13081248559, 13081248618, 13081248558, 7284605697, 7304932666, 7284605704, 6784166345, 13081248619, 12310842190, 1971167548, 1971779496, 1977416892, 1847768354, 1847768304, 7304846122, 5675748457, 1847768303, 1848302290, 1957952262, 5891888010, 5891888009, 5891887994, 13081248621]",3339.15,"[360, 360, 360, 360, 321, 328, 323, 365, 365, 366, 65, 91, 90, 15, 326, 215, 12, 24, 63, 236, 234, 235, 222]"
13081248549,13081248617,O_28,D_0,"[13081248549, 10563701729, 1957952104, 1957952128, 10563701727, 13081248548, 13081248559, 13081248618, 13081248558, 7284605697, 7304932666, 7284605704, 6784166345, 13081248619, 12310842190, 1971167548, 13081248557, 1849171627, 13081248556, 13081248617]",4533.813,"[362, 361, 59, 61, 360, 360, 360, 360, 360, 321, 328, 323, 365, 365, 366, 64, 64, 261, 261]"
13081248549,13081248618,O_28,D_1,"[13081248549, 10563701729, 1957952104, 1957952128, 10563701727, 13081248548, 13081248559, 13081248618]",1142.164,"[362, 361, 59, 61, 360, 360, 360]"
13081248549,13081248619,O_28,D_2,"[13081248549, 10563701729, 1957952104, 1957952128, 10563701727, 13081248548, 13081248559, 13081248618, 13081248558, 7284605697, 7304932666, 7284605704, 6784166345, 13081248619]",1932.206,"[362, 361, 59, 61, 360, 360, 360, 360, 360, 321, 328, 323, 365]"
13081248549,13081248620,O_28,D_3,"[13081248549, 10563701729, 1957952104, 1957952128, 10563701727, 13081248548, 13081248559, 13081248618, 13081248558, 7284605697, 7304932666, 7284605704, 6784166345, 13081248619, 12310842190, 1971167548, 1971779496, 1977416892, 1847768354, 1847768304, 7304846122, 5675748457, 1847768303, 1848302290, 1957952262, 5891888010, 1977410498, 13081248620]",3816.385,"[362, 361, 59, 61, 360, 360, 360, 360, 360, 321, 328, 323, 365, 365, 366, 65, 91, 90, 15, 326, 215, 12, 24, 63, 236, 75, 225]"
13081248549,13081248621,O_28,D_4,"[13081248549, 10563701729, 1957952104, 1957952128, 10563701727, 13081248548, 13081248559, 13081248618, 13081248558, 7284605697, 7304932666, 7284605704, 6784166345, 13081248619, 12310842190, 1971167548, 1971779496, 1977416892, 1847768354, 1847768304, 7304846122, 5675748457, 1847768303, 1848302290, 1957952262, 5891888010, 5891888009, 5891887994, 13081248621]",3998.3140000000003,"[362, 361, 59, 61, 360, 360, 360, 360, 360, 321, 328, 323, 365, 365, 366, 65, 91, 90, 15, 326, 215, 12, 24, 63, 236, 234, 235, 222]"
13081248550,13081248617,O_29,D_0,"[13081248550, 13081248540, 13081248549, 10563701729, 1957952104, 1957952128, 10563701727, 13081248548, 13081248559, 13081248618, 13081248558, 7284605697, 7304932666, 7284605704, 6784166345, 13081248619, 12310842190, 1971167548, 13081248557, 1849171627, 13081248556, 13081248617]",5263.813,"[362, 362, 362, 361, 59, 61, 360, 360, 360, 360, 360, 321, 328, 323, 365, 365, 366, 64, 64, 261, 261]"
13081248550,13081248618,O_29,D_1,"[13081248550, 13081248540, 13081248549, 10563701729, 1957952104, 1957952128, 10563701727, 13081248548, 13081248559, 13081248618]",1872.1639999999998,"[362, 362, 362, 361, 59, 61, 360, 360, 360]"
13081248550,13081248619,O_29,D_2,"[13081248550, 13081248540, 13081248549, 10563701729, 1957952104, 1957952128, 10563701727, 13081248548, 13081248559, 13081248618, 13081248558, 7284605697, 7304932666, 7284605704, 6784166345, 13081248619]",2662.206,"[362, 362, 362, 361, 59, 61, 360, 360, 360, 360, 360, 321, 328, 323, 365]"
13081248550,13081248620,O_29,D_3,"[13081248550, 13081248540, 13081248549, 10563701729, 1957952104, 1957952128, 10563701727, 13081248548, 13081248559, 13081248618, 13081248558, 7284605697, 7304932666, 7284605704, 6784166345, 13081248619, 12310842190, 1971167548, 1971779496, 1977416892, 1847768354, 1847768304, 7304846122, 5675748457, 1847768303, 1848302290, 1957952262, 5891888010, 1977410498, 13081248620]",4546.385000000001,"[362, 362, 362, 361, 59, 61, 360, 360, 360, 360, 360, 321, 328, 323, 365, 365, 366, 65, 91, 90, 15, 326, 215, 12, 24, 63, 236, 75, 225]"
13081248550,13081248621,O_29,D_4,"[13081248550, 13081248540, 13081248549, 10563701729, 1957952104, 1957952128, 10563701727, 13081248548, 13081248559, 13081248618, 13081248558, 7284605697, 7304932666, 7284605704, 6784166345, 13081248619, 12310842190, 1971167548, 1971779496, 1977416892, 1847768354, 1847768304, 7304846122, 5675748457, 1847768303, 1848302290, 1957952262, 5891888010, 5891888009, 5891887994, 13081248621]",4728.314,"[362, 362, 362, 361, 59, 61, 360, 360, 360, 360, 360, 321, 328, 323, 365, 365, 366, 65, 91, 90, 15, 326, 215, 12, 24, 63, 236, 234, 235, 222]"
13081248551,13081248617,O_30,D_0,"[13081248551, 13081248561, 13081248560, 13081248569, 7608574568, 7284218991, 7284218990, 1849146891, 1977419699, 2291093198, 1977419695, 7719541100, 7284605705, 6784166345, 13081248619, 12310842190, 1971167548, 13081248557, 1849171627, 13081248556, 13081248617]",7091.479,"[330, 330, 330, 330, 331, 314, 35, 107, 136, 103, 341, 325, 269, 365, 365, 366, 64, 64, 261, 261]"
13081248551,13081248618,O_30,D_1,"[13081248551, 13081248561, 13081248560, 13081248569, 7608574568, 7284218991, 1849146083, 1977419697, 13081248568, 2291093189, 1977419693, 7719541101, 7284605689, 7284605697, 13081248558, 13081248618]",4956.7,"[330, 330, 330, 330, 331, 315, 33, 105, 105, 134, 101, 343, 319, 360, 360]"
13081248551,13081248619,O_30,D_2,"[13081248551, 13081248561, 13081248560, 13081248569, 7608574568, 7284218991, 7284218990, 1849146891, 1977419699, 2291093198, 1977419695, 7719541100, 7284605705, 6784166345, 13081248619]",4489.872,"[330, 330, 330, 330, 331, 314, 35, 107, 136, 103, 341, 325, 269, 365]"
13081248551,13081248620,O_30,D_3,"[13081248551, 13081248561, 13081248560, 13081248569, 7608574568, 7284218991, 7284218990, 1849146891, 1977419699, 2291093198, 1977419695, 7719541100, 7284605705, 6784166345, 13081248619, 12310842190, 1971167548, 1971779496, 1977416892, 1847768354, 1847768304, 7304846122, 5675748457, 1847768303, 1848302290, 1957952262, 5891888010, 1977410498, 13081248620]",6374.051,"[330, 330, 330, 330, 331, 314, 35, 107, 136, 103, 341, 325, 269, 365, 365, 366, 65, 91, 90, 15, 326, 215, 12, 24, 63, 236, 75, 225]"
13081248551,13081248621,O_30,D_4,"[13081248551, 13081248561, 13081248560, 13081248569, 7608574568, 7284218991, 7284218990, 1849146891, 1977419699, 2291093198, 1977419695, 7719541100, 7284605705, 6784166345, 13081248619, 12310842190, 1971167548, 1971779496, 1977416892, 1847768354, 1847768304, 7304846122, 5675748457, 1847768303, 1848302290, 1957952262, 5891888010, 5891888009, 5891887994, 13081248621]",6555.98,"[330, 330, 330, 330, 331, 314, 35, 107, 136, 103, 341, 325, 269, 365, 365, 366, 65, 91, 90, 15, 326, 215, 12, 24, 63, 236, 234, 235, 222]"
13081248552,13081248617,O_31,D_0,"[13081248552, 13081248562, 13081248551, 13081248561, 13081248560, 13081248569, 7608574568, 7284218991, 7284218990, 1849146891, 1977419699, 2291093198, 1977419695, 7719541100, 7284605705, 6784166345, 13081248619, 12310842190, 1971167548, 13081248557, 1849171627, 13081248556, 13081248617]",7860.479,"[330, 330, 330, 330, 330, 330, 331, 314, 35, 107, 136, 103, 341, 325, 269, 365, 365, 366, 64, 64, 261, 261]"
13081248552,13081248618,O_31,D_1,"[13081248552, 13081248562, 13081248551, 13081248561, 13081248560, 13081248569, 7608574568, 7284218991, 1849146083, 1977419697, 13081248568, 2291093189, 1977419693, 7719541101, 7284605689, 7284605697, 13081248558, 13081248618]",5725.7,"[330, 330, 330, 330, 330, 330, 331, 315, 33, 105, 105, 134, 101, 343, 319, 360, 360]"
13081248552,13081248619,O_31,D_2,"[13081248552, 13081248562, 13081248551, 13081248561, 13081248560, 13081248569, 7608574568, 7284218991, 7284218990, 1849146891, 1977419699, 2291093198, 1977419695, 7719541100, 7284605705, 6784166345, 13081248619]",5258.872,"[330, 330, 330, 330, 330, 330, 331, 314, 35, 107, 136, 103, 341, 325, 269, 365]"
13081248552,13081248620,O_31,D_3,"[13081248552, 13081248562, 13081248551, 13081248561, 13081248560, 13081248569, 7608574568, 7284218991, 7284218990, 1849146891, 1977419699, 2291093198, 1977419695, 7719541100, 7284605705, 6784166345, 13081248619, 12310842190, 1971167548, 1971779496, 1977416892, 1847768354, 1847768304, 7304846122, 5675748457, 1847768303, 1848302290, 1957952262, 5891888010, 1977410498, 13081248620]",7143.051,"[330, 330, 330, 330, 330, 330, 331, 314, 35, 107, 136, 103, 341, 325, 269, 365, 365, 366, 65, 91, 90, 15, 326, 215, 12, 24, 63, 236, 75, 225]"
13081248552,13081248621,O_31,D_4,"[13081248552, 13081248562, 13081248551, 13081248561, 13081248560, 13081248569, 7608574568, 7284218991, 7284218990, 1849146891, 1977419699, 2291093198, 1977419695, 7719541100, 7284605705, 6784166345, 13081248619, 12310842190, 1971167548, 1971779496, 1977416892, 1847768354, 1847768304, 7304846122, 5675748457, 1847768303, 1848302290, 1957952262, 5891888010, 5891888009, 5891887994, 13081248621]",7324.98,"[330, 330, 330, 330, 330, 330, 331, 314, 35, 107, 136, 103, 341, 325, 269, 365, 365, 366, 65, 91, 90, 15, 326, 215, 12, 24, 63, 236, 234, 235, 222]"
13081248556,13081248617,O_37,D_0,"[13081248556, 13081248617]",191.0,[261]
13081248556,13081248618,O_37,D_1,"[13081248556, 1849171627, 13081248557, 1971167548, 12310842190, 13081248619, 6784166345, 7284605704, 7304932666, 7284605697, 13081248558, 13081248618]",3200.6490000000003,"[261, 64, 64, 366, 365, 365, 323, 328, 321, 360, 360]"
13081248556,13081248619,O_37,D_2,"[13081248556, 1849171627, 13081248557, 1971167548, 12310842190, 13081248619]",2410.607,"[261, 64, 64, 366, 365]"
13081248556,13081248620,O_37,D_3,"[13081248556, 13081248617, 6130026099, 3494600493, 5715381571, 5504218401, 5504218399, 5504218397, 6784189922, 1848280242, 1848280088, 1848302348, 1971822806, 1848302290, 1957952262, 5891888010, 1977410498, 13081248620]",3241.205,"[261, 261, 259, 218, 199, 197, 195, 272, 271, 21, 19, 70, 23, 63, 236, 75, 225]"
13081248556,13081248621,O_37,D_4,"[13081248556, 13081248617, 6130026099, 3494600493, 5715381571, 5504218401, 5504218399, 5504218397, 6784189922, 1848280242, 1848280088, 1848302348, 1971822806, 1848302290, 1957952262, 5891888010, 5891888009, 5891887994, 13081248621]",3423.134,"[261, 261, 259, 218, 199, 197, 195, 272, 271, 21, 19, 70, 23, 63, 236, 234, 235, 222]"
13081248557,13081248617,O_38,D_0,"[13081248557, 1849171627, 13081248556, 13081248617]",1123.0,"[64, 261, 261]"
13081248557,13081248618,O_38,D_1,"[13081248557, 1971167548, 12310842190, 13081248619, 6784166345, 7284605704, 7304932666, 7284605697, 13081248558, 13081248618]",2268.649,"[64, 366, 365, 365, 323, 328, 321, 360, 360]"
13081248557,13081248619,O_38,D_2,"[13081248557, 1971167548, 12310842190, 13081248619]",1478.607,"[64, 366, 365]"
13081248557,13081248620,O_38,D_3,"[13081248557, 1971167548, 1971779496, 1977416892, 1847768354, 1847768304, 7304846122, 5675748457, 1847768303, 1848302290, 1957952262, 5891888010, 1977410498, 13081248620]",3203.572,"[64, 65, 91, 90, 15, 326, 215, 12, 24, 63, 236, 75, 225]"
13081248557,13081248621,O_38,D_4,"[13081248557, 1971167548, 1971779496, 1977416892, 1847768354, 1847768304, 7304846122, 5675748457, 1847768303, 1848302290, 1957952262, 5891888010, 5891888009, 5891887994, 13081248621]",3385.501,"[64, 65, 91, 90, 15, 326, 215, 12, 24, 63, 236, 234, 235, 222]"
13081248558,13081248617,O_39,D_0,"[13081248558, 7284605697, 7304932666, 7284605704, 6784166345, 13081248619, 12310842190, 1971167548, 13081248557, 1849171627, 13081248556, 13081248617]",3151.649,"[360, 321, 328, 323, 365, 365, 366, 64, 64, 261, 261]"
13081248558,13081248618,O_39,D_1,"[13081248558, 13081248618]",240.0,[360]
13081248558,13081248619,O_39,D_2,"[13081248558, 7284605697, 7304932666, 7284605704, 6784166345, 13081248619]",550.042,"[360, 321, 328, 323, 365]"
13081248558,13081248620,O_39,D_3,"[13081248558, 7284605697, 7304932666, 7284605704, 6784166345, 13081248619, 12310842190, 1971167548, 1971779496, 1977416892, 1847768354, 1847768304, 7304846122, 5675748457, 1847768303, 1848302290, 1957952262, 5891888010, 1977410498, 13081248620]",2434.2210000000005,"[360, 321, 328, 323, 365, 365, 366, 65, 91, 90, 15, 326, 215, 12, 24, 63, 236, 75, 225]"
13081248558,13081248621,O_39,D_4,"[13081248558, 7284605697, 7304932666, 7284605704, 6784166345, 13081248619, 12310842190, 1971167548, 1971779496, 1977416892, 1847768354, 1847768304, 7304846122, 5675748457, 1847768303, 1848302290, 1957952262, 5891888010, 5891888009, 5891887994, 13081248621]",2616.15,"[360, 321, 328, 323, 365, 365, 366, 65, 91, 90, 15, 326, 215, 12, 24, 63, 236, 234, 235, 222]"
13081248559,13081248617,O_40,D_0,"[13081248559, 13081248618, 13081248558, 7284605697, 7304932666, 7284605704, 6784166345, 13081248619, 12310842190, 1971167548, 13081248557, 1849171627, 13081248556, 13081248617]",3769.649,"[360, 360, 360, 321, 328, 323, 365, 365, 366, 64, 64, 261, 261]"
13081248559,13081248618,O_40,D_1,"[13081248559, 13081248618]",378.0,[360]
13081248559,13081248619,O_40,D_2,"[13081248559, 13081248618, 13081248558, 7284605697, 7304932666, 7284605704, 6784166345, 13081248619]",1168.042,"[360, 360, 360, 321, 328, 323, 365]"
13081248559,13081248620,O_40,D_3,"[13081248559, 13081248618, 13081248558, 7284605697, 7304932666, 7284605704, 6784166345, 13081248619, 12310842190, 1971167548, 1971779496, 1977416892, 1847768354, 1847768304, 7304846122, 5675748457, 1847768303, 1848302290, 1957952262, 5891888010, 1977410498, 13081248620]",3052.2210000000005,"[360, 360, 360, 321, 328, 323, 365, 365, 366, 65, 91, 90, 15, 326, 215, 12, 24, 63, 236, 75, 225]"
13081248559,13081248621,O_40,D_4,"[13081248559, 13081248618, 13081248558, 7284605697, 7304932666, 7284605704, 6784166345, 13081248619, 12310842190, 1971167548, 1971779496, 1977416892, 1847768354, 1847768304, 7304846122, 5675748457, 1847768303, 1848302290, 1957952262, 5891888010, 5891888009, 5891887994, 13081248621]",3234.15,"[360, 360, 360, 321, 328, 323, 365, 365, 366, 65, 91, 90, 15, 326, 215, 12, 24, 63, 236, 234, 235, 222]"
13081248560,13081248617,O_41,D_0,"[13081248560, 13081248569, 7608574568, 7284218991, 7284218990, 1849146891, 1977419699, 2291093198, 1977419695, 7719541100, 7284605705, 6784166345, 13081248619, 12310842190, 1971167548, 13081248557, 1849171627, 13081248556, 13081248617]",5766.479,"[330, 330, 331, 314, 35, 107, 136, 103, 341, 325, 269, 365, 365, 366, 64, 64, 261, 261]"
13081248560,13081248618,O_41,D_1,"[13081248560, 13081248569, 7608574568, 7284218991, 1849146083, 1977419697, 13081248568, 2291093189, 1977419693, 7719541101, 7284605689, 7284605697, 13081248558, 13081248618]",3631.7000000000003,"[330, 330, 331, 315, 33, 105, 105, 134, 101, 343, 319, 360, 360]"
13081248560,13081248619,O_41,D_2,"[13081248560, 13081248569, 7608574568, 7284218991, 7284218990, 1849146891, 1977419699, 2291093198, 1977419695, 7719541100, 7284605705, 6784166345, 13081248619]",3164.8720000000003,"[330, 330, 331, 314, 35, 107, 136, 103, 341, 325, 269, 365]"
13081248560,13081248620,O_41,D_3,"[13081248560, 13081248569, 7608574568, 7284218991, 7284218990, 1849146891, 1977419699, 2291093198, 1977419695, 7719541100, 7284605705, 6784166345, 13081248619, 12310842190, 1971167548, 1971779496, 1977416892, 1847768354, 1847768304, 7304846122, 5675748457, 1847768303, 1848302290, 1957952262, 5891888010, 1977410498, 13081248620]",5049.051000000001,"[330, 330, 331, 314, 35, 107, 136, 103, 341, 325, 269, 365, 365, 366, 65, 91, 90, 15, 326, 215, 12, 24, 63, 236, 75, 225]"
13081248560,13081248621,O_41,D_4,"[13081248560, 13081248569, 7608574568, 7284218991, 7284218990, 1849146891, 1977419699, 2291093198, 1977419695, 7719541100, 7284605705, 6784166345, 13081248619, 12310842190, 1971167548, 1971779496, 1977416892, 1847768354, 1847768304, 7304846122, 5675748457, 1847768303, 1848302290, 1957952262, 5891888010, 5891888009, 5891887994, 13081248621]",5230.9800000000005,"[330, 330, 331, 314, 35, 107, 136, 103, 341, 325, 269, 365, 365, 366, 65, 91, 90, 15, 326, 215, 12, 24, 63, 236, 234, 235, 222]"
13081248561,13081248617,O_42,D_0,"[13081248561, 13081248560, 13081248569, 7608574568, 7284218991, 7284218990, 1849146891, 1977419699, 2291093198, 1977419695, 7719541100, 7284605705, 6784166345, 13081248619, 12310842190, 1971167548, 13081248557, 1849171627, 13081248556, 13081248617]",6494.479,"[330, 330, 330, 331, 314, 35, 107, 136, 103, 341, 325, 269, 365, 365, 366, 64, 64, 261, 261]"
13081248561,13081248618,O_42,D_1,"[13081248561, 13081248560, 13081248569, 7608574568, 7284218991, 1849146083, 1977419697, 13081248568, 2291093189, 1977419693, 7719541101, 7284605689, 7284605697, 13081248558, 13081248618]",4359.700000000001,"[330, 330, 330, 331, 315, 33, 105, 105, 134, 101, 343, 319, 360, 360]"
13081248561,13081248619,O_42,D_2,"[13081248561, 13081248560, 13081248569, 7608574568, 7284218991, 7284218990, 1849146891, 1977419699, 2291093198, 1977419695, 7719541100, 7284605705, 6784166345, 13081248619]",3892.8720000000003,"[330, 330, 330, 331, 314, 35, 107, 136, 103, 341, 325, 269, 365]"
13081248561,13081248620,O_42,D_3,"[13081248561, 13081248560, 13081248569, 7608574568, 7284218991, 7284218990, 1849146891, 1977419699, 2291093198, 1977419695, 7719541100, 7284605705, 6784166345, 13081248619, 12310842190, 1971167548, 1971779496, 1977416892, 1847768354, 1847768304, 7304846122, 5675748457, 1847768303, 1848302290, 1957952262, 5891888010, 1977410498, 13081248620]",5777.051,"[330, 330, 330, 331, 314, 35, 107, 136, 103, 341, 325, 269, 365, 365, 366, 65, 91, 90, 15, 326, 215, 12, 24, 63, 236, 75, 225]"
13081248561,13081248621,O_42,D_4,"[13081248561, 13081248560, 13081248569, 7608574568, 7284218991, 7284218990, 1849146891, 1977419699, 2291093198, 1977419695, 7719541100, 7284605705, 6784166345, 13081248619, 12310842190, 1971167548, 1971779496, 1977416892, 1847768354, 1847768304, 7304846122, 5675748457, 1847768303, 1848302290, 1957952262, 5891888010, 5891888009, 5891887994, 13081248621]",5958.98,"[330, 330, 330, 331, 314, 35, 107, 136, 103, 341, 325, 269, 365, 365, 366, 65, 91, 90, 15, 326, 215, 12, 24, 63, 236, 234, 235, 222]"
13081248562,13081248617,O_43,D_0,"[13081248562, 13081248551, 13081248561, 13081248560, 13081248569, 7608574568, 7284218991, 7284218990, 1849146891, 1977419699, 2291093198, 1977419695, 7719541100, 7284605705, 6784166345, 13081248619, 12310842190, 1971167548, 13081248557, 1849171627, 13081248556, 13081248617]",7330.479,"[330, 330, 330, 330, 330, 331, 314, 35, 107, 136, 103, 341, 325, 269, 365, 365, 366, 64, 64, 261, 261]"
13081248562,13081248618,O_43,D_1,"[13081248562, 13081248551, 13081248561, 13081248560, 13081248569, 7608574568, 7284218991, 1849146083, 1977419697, 13081248568, 2291093189, 1977419693, 7719541101, 7284605689, 7284605697, 13081248558, 13081248618]",5195.7,"[330, 330, 330, 330, 330, 331, 315, 33, 105, 105, 134, 101, 343, 319, 360, 360]"
13081248562,13081248619,O_43,D_2,"[13081248562, 13081248551, 13081248561, 13081248560, 13081248569, 7608574568, 7284218991, 7284218990, 1849146891, 1977419699, 2291093198, 1977419695, 7719541100, 7284605705, 6784166345, 13081248619]",4728.872,"[330, 330, 330, 330, 330, 331, 314, 35, 107, 136, 103, 341, 325, 269, 365]"
13081248562,13081248620,O_43,D_3,"[13081248562, 13081248551, 13081248561, 13081248560, 13081248569, 7608574568, 7284218991, 7284218990, 1849146891, 1977419699, 2291093198, 1977419695, 7719541100, 7284605705, 6784166345, 13081248619, 12310842190, 1971167548, 1971779496, 1977416892, 1847768354, 1847768304, 7304846122, 5675748457, 1847768303, 1848302290, 1957952262, 5891888010, 1977410498, 13081248620]",6613.051,"[330, 330, 330, 330, 330, 331, 314, 35, 107, 136, 103, 341, 325, 269, 365, 365, 366, 65, 91, 90, 15, 326, 215, 12, 24, 63, 236, 75, 225]"
13081248562,13081248621,O_43,D_4,"[13081248562, 13081248551, 13081248561, 13081248560, 13081248569, 7608574568, 7284218991, 7284218990, 1849146891, 1977419699, 2291093198, 1977419695, 7719541100, 7284605705, 6784166345, 13081248619, 12310842190, 1971167548, 1971779496, 1977416892, 1847768354, 1847768304, 7304846122, 5675748457, 1847768303, 1848302290, 1957952262, 5891888010, 5891888009, 5891887994, 13081248621]",6794.98,"[330, 330, 330, 330, 330, 331, 314, 35, 107, 136, 103, 341, 325, 269, 365, 365, 366, 65, 91, 90, 15, 326, 215, 12, 24, 63, 236, 234, 235, 222]"
13081248566,13081248617,O_49,D_0,"[13081248566, 3494600493, 6130026099, 13081248617]",798.681,"[338, 259, 261]"
13081248566,13081248618,O_49,D_1,"[13081248566, 3494600493, 5715381571, 5504218401, 5504218399, 13081248567, 1950328139, 6062635070, 7284314742, 1847768354, 1977416892, 1971779496, 1971167548, 12310842190, 13081248619, 6784166345, 7284605704, 7304932666, 7284605697, 13081248558, 13081248618]",3719.0980000000004,"[338, 218, 199, 197, 196, 196, 247, 317, 16, 90, 91, 65, 366, 365, 365, 323, 328, 321, 360, 360]"
13081248566,13081248619,O_49,D_2,"[13081248566, 3494600493, 5715381571, 5504218401, 5504218399, 13081248567, 1950328139, 6062635070, 7284314742, 1847768354, 1977416892, 1971779496, 1971167548, 12310842190, 13081248619]",2929.056,"[338, 218, 199, 197, 196, 196, 247, 317, 16, 90, 91, 65, 366, 365]"
13081248566,13081248620,O_49,D_3,"[13081248566, 3494600493, 5715381571, 5504218401, 5504218399, 5504218397, 6784189922, 1848280242, 1848280088, 1848302348, 1971822806, 1848302290, 1957952262, 5891888010, 1977410498, 13081248620]",2691.5240000000003,"[338, 218, 199, 197, 195, 272, 271, 21, 19, 70, 23, 63, 236, 75, 225]"
13081248566,13081248621,O_49,D_4,"[13081248566, 3494600493, 5715381571, 5504218401, 5504218399, 5504218397, 6784189922, 1848280242, 1848280088, 1848302348, 1971822806, 1848302290, 1957952262, 5891888010, 5891888009, 5891887994, 13081248621]",2873.453,"[338, 218, 199, 197, 195, 272, 271, 21, 19, 70, 23, 63, 236, 234, 235, 222]"
13081248567,13081248617,O_50,D_0,"[13081248567, 5504218399, 5504218401, 5715381571, 3494600493, 6130026099, 13081248617]",1705.9660000000003,"[196, 197, 199, 218, 259, 261]"
13081248567,13081248618,O_50,D_1,"[13081248567, 1950328139, 6062635070, 7284314742, 1847768354, 1977416892, 1971779496, 1971167548, 12310842190, 13081248619, 6784166345, 7284605704, 7304932666, 7284605697, 13081248558, 13081248618]",2371.813,"[196, 247, 317, 16, 90, 91, 65, 366, 365, 365, 323, 328, 321, 360, 360]"
13081248567,13081248619,O_50,D_2,"[13081248567, 1950328139, 6062635070, 7284314742, 1847768354, 1977416892, 1971779496, 1971167548, 12310842190, 13081248619]",1581.771,"[196, 247, 317, 16, 90, 91, 65, 366, 365]"
13081248567,13081248620,O_50,D_3,"[13081248567, 5504218399, 5504218397, 6784189922, 1848280242, 1848280088, 1848302348, 1971822806, 1848302290, 1957952262, 5891888010, 1977410498, 13081248620]",1674.2389999999998,"[196, 195, 272, 271, 21, 19, 70, 23, 63, 236, 75, 225]"
13081248567,13081248621,O_50,D_4,"[13081248567, 5504218399, 5504218397, 6784189922, 1848280242, 1848280088, 1848302348, 1971822806, 1848302290, 1957952262, 5891888010, 5891888009, 5891887994, 13081248621]",1856.168,"[196, 195, 272, 271, 21, 19, 70, 23, 63, 236, 234, 235, 222]"
1971779496,13081248617,O_51,D_0,"[1971779496, 1977416892, 1847768354, 7284314742, 6062635070, 1950328139, 6130026099, 13081248617]",2598.2639999999997,"[91, 90, 16, 317, 247, 260, 261]"
1971779496,13081248618,O_51,D_1,"[1971779496, 1971167548, 12310842190, 13081248619, 6784166345, 7284605704, 7304932666, 7284605697, 13081248558, 13081248618]",987.1270000000001,"[65, 366, 365, 365, 323, 328, 321, 360, 360]"
1971779496,13081248619,O_51,D_2,"[1971779496, 1971167548, 12310842190, 13081248619]",197.085,"[65, 366, 365]"
1971779496,13081248620,O_51,D_3,"[1971779496, 1977416892, 1847768354, 1847768304, 7304846122, 5675748457, 1847768303, 1848302290, 1957952262, 5891888010, 1977410498, 13081248620]",1687.0940000000003,"[91, 90, 15, 326, 215, 12, 24, 63, 236, 75, 225]"
1971779496,13081248621,O_51,D_4,"[1971779496, 1977416892, 1847768354, 1847768304, 7304846122, 5675748457, 1847768303, 1848302290, 1957952262, 5891888010, 5891888009, 5891887994, 13081248621]",1869.0230000000004,"[91, 90, 15, 326, 215, 12, 24, 63, 236, 234, 235, 222]"
13081248568,13081248617,O_52,D_0,"[13081248568, 2291093189, 1977419693, 7719541101, 7719541100, 7284605705, 6784166345, 13081248619, 12310842190, 1971167548, 13081248557, 1849171627, 13081248556, 13081248617]",3565.173,"[105, 134, 101, 342, 325, 269, 365, 365, 366, 64, 64, 261, 261]"
13081248568,13081248618,O_52,D_1,"[13081248568, 2291093189, 1977419693, 7719541101, 7284605689, 7284605697, 13081248558, 13081248618]",1427.107,"[105, 134, 101, 343, 319, 360, 360]"
13081248568,13081248619,O_52,D_2,"[13081248568, 2291093189, 1977419693, 7719541101, 7719541100, 7284605705, 6784166345, 13081248619]",963.5659999999998,"[105, 134, 101, 342, 325, 269, 365]"
13081248568,13081248620,O_52,D_3,"[13081248568, 2291093189, 1977419693, 7719541101, 7719541100, 7284605705, 6784166345, 13081248619, 12310842190, 1971167548, 1971779496, 1977416892, 1847768354, 1847768304, 7304846122, 5675748457, 1847768303, 1848302290, 1957952262, 5891888010, 1977410498, 13081248620]",2847.745,"[105, 134, 101, 342, 325, 269, 365, 365, 366, 65, 91, 90, 15, 326, 215, 12, 24, 63, 236, 75, 225]"
13081248568,13081248621,O_52,D_4,"[13081248568, 2291093189, 1977419693, 7719541101, 7719541100, 7284605705, 6784166345, 13081248619, 12310842190, 1971167548, 1971779496, 1977416892, 1847768354, 1847768304, 7304846122, 5675748457, 1847768303, 1848302290, 1957952262, 5891888010, 5891888009, 5891887994, 13081248621]",3029.674,"[105, 134, 101, 342, 325, 269, 365, 365, 366, 65, 91, 90, 15, 326, 215, 12, 24, 63, 236, 234, 235, 222]"
13081248569,13081248617,O_53,D_0,"[13081248569, 7608574568, 7284218991, 7284218990, 1849146891, 1977419699, 2291093198, 1977419695, 7719541100, 7284605705, 6784166345, 13081248619, 12310842190, 1971167548, 13081248557, 1849171627, 13081248556, 13081248617]",5031.479,"[330, 331, 314, 35, 107, 136, 103, 341, 325, 269, 365, 365, 366, 64, 64, 261, 261]"
13081248569,13081248618,O_53,D_1,"[13081248569, 7608574568, 7284218991, 1849146083, 1977419697, 13081248568, 2291093189, 1977419693, 7719541101, 7284605689, 7284605697, 13081248558, 13081248618]",2896.7000000000003,"[330, 331, 315, 33, 105, 105, 134, 101, 343, 319, 360, 360]"
13081248569,13081248619,O_53,D_2,"[13081248569, 7608574568, 7284218991, 7284218990, 1849146891, 1977419699, 2291093198, 1977419695, 7719541100, 7284605705, 6784166345, 13081248619]",2429.8720000000003,"[330, 331, 314, 35, 107, 136, 103, 341, 325, 269, 365]"
13081248569,13081248620,O_53,D_3,"[13081248569, 7608574568, 7284218991, 7284218990, 1849146891, 1977419699, 2291093198, 1977419695, 7719541100, 7284605705, 6784166345, 13081248619, 12310842190, 1971167548, 1971779496, 1977416892, 1847768354, 1847768304, 7304846122, 5675748457, 1847768303, 1848302290, 1957952262, 5891888010, 1977410498, 13081248620]",4314.051000000001,"[330, 331, 314, 35, 107, 136, 103, 341, 325, 269, 365, 365, 366, 65, 91, 90, 15, 326, 215, 12, 24, 63, 236, 75, 225]"
13081248569,13081248621,O_53,D_4,"[13081248569, 7608574568, 7284218991, 7284218990, 1849146891, 1977419699, 2291093198, 1977419695, 7719541100, 7284605705, 6784166345, 13081248619, 12310842190, 1971167548, 1971779496, 1977416892, 1847768354, 1847768304, 7304846122, 5675748457, 1847768303, 1848302290, 1957952262, 5891888010, 5891888009, 5891887994, 13081248621]",4495.9800000000005,"[330, 331, 314, 35, 107, 136, 103, 341, 325, 269, 365, 365, 366, 65, 91, 90, 15, 326, 215, 12, 24, 63, 236, 234, 235, 222]"
7712547783,13081248617,O_60,D_0,"[7712547783, 13081248566, 3494600493, 6130026099, 13081248617]",1008.681,"[338, 338, 259, 261]"
7712547783,13081248618,O_60,D_1,"[7712547783, 13081248566, 3494600493, 5715381571, 5504218401, 5504218399, 13081248567, 1950328139, 6062635070, 7284314742, 1847768354, 1977416892, 1971779496, 1971167548, 12310842190, 13081248619, 6784166345, 7284605704, 7304932666, 7284605697, 13081248558, 13081248618]",3929.0980000000004,"[338, 338, 218, 199, 197, 196, 196, 247, 317, 16, 90, 91, 65, 366, 365, 365, 323, 328, 321, 360, 360]"
7712547783,13081248619,O_60,D_2,"[7712547783, 13081248566, 3494600493, 5715381571, 5504218401, 5504218399, 13081248567, 1950328139, 6062635070, 7284314742, 1847768354, 1977416892, 1971779496, 1971167548, 12310842190, 13081248619]",3139.056,"[338, 338, 218, 199, 197, 196, 196, 247, 317, 16, 90, 91, 65, 366, 365]"
7712547783,13081248620,O_60,D_3,"[7712547783, 13081248566, 3494600493, 5715381571, 5504218401, 5504218399, 5504218397, 6784189922, 1848280242, 1848280088, 1848302348, 1971822806, 1848302290, 1957952262, 5891888010, 1977410498, 13081248620]",2901.5240000000003,"[338, 338, 218, 199, 197, 195, 272, 271, 21, 19, 70, 23, 63, 236, 75, 225]"
7712547783,13081248621,O_60,D_4,"[7712547783, 13081248566, 3494600493, 5715381571, 5504218401, 5504218399, 5504218397, 6784189922, 1848280242, 1848280088, 1848302348, 1971822806, 1848302290, 1957952262, 5891888010, 5891888009, 5891887994, 13081248621]",3083.453,"[338, 338, 218, 199, 197, 195, 272, 271, 21, 19, 70, 23, 63, 236, 234, 235, 222]"
1848302269,13081248617,O_61,D_0,"[1848302269, 6091496731, 1848302353, 1848302343, 5504218405, 5504218404, 5715381571, 3494600493, 6130026099, 13081248617]",2476.958,"[22, 249, 29, 202, 200, 219, 218, 259, 261]"
1848302269,13081248618,O_61,D_1,"[1848302269, 6091496731, 1848302353, 1988151507, 1957951851, 1971929461, 1848302348, 1971822806, 5521479268, 1847768303, 5675748457, 7304846122, 1847768304, 1847768354, 1977416892, 1971779496, 1971167548, 12310842190, 13081248619, 6784166345, 7284605704, 7304932666, 7284605697, 13081248558, 13081248618]",3132.2440000000006,"[22, 249, 126, 58, 73, 28, 70, 71, 207, 12, 215, 326, 15, 90, 91, 65, 366, 365, 365, 323, 328, 321, 360, 360]"
1848302269,13081248619,O_61,D_2,"[1848302269, 6091496731, 1848302353, 1988151507, 1957951851, 1971929461, 1848302348, 1971822806, 5521479268, 1847768303, 5675748457, 7304846122, 1847768304, 1847768354, 1977416892, 1971779496, 1971167548, 12310842190, 13081248619]",2342.202,"[22, 249, 126, 58, 73, 28, 70, 71, 207, 12, 215, 326, 15, 90, 91, 65, 366, 365]"
1848302269,13081248620,O_61,D_3,"[1848302269, 6091496731, 1848302353, 1988151507, 1957951851, 1971929461, 1848302348, 1971822806, 1848302290, 1957952262, 5891888010, 1977410498, 13081248620]",1418.9750000000001,"[22, 249, 126, 58, 73, 28, 70, 23, 63, 236, 75, 225]"
1848302269,13081248621,O_61,D_4,"[1848302269, 6091496731, 1848302353, 1988151507, 1957951851, 1971929461, 1971822799, 1977410506, 559431729, 559431731, 5891888009, 5891887994, 13081248621]",1595.478,"[22, 249, 126, 58, 73, 72, 68, 76, 2, 3, 235, 222]"
13081248576,13081248617,O_62,D_0,"[13081248576, 1977410546, 1971822799, 1848302348, 1848280088, 1848280242, 6784189922, 5504218397, 5504218399, 5504218401, 5715381571, 3494600493, 6130026099, 13081248617]",2769.9230000000002,"[81, 69, 27, 19, 21, 271, 272, 195, 197, 199, 218, 259, 261]"
13081248576,13081248618,O_62,D_1,"[13081248576, 1977410546, 1971822799, 1848302348, 1971822806, 5521479268, 1847768303, 5675748457, 7304846122, 1847768304, 1847768354, 1977416892, 1971779496, 1971167548, 12310842190, 13081248619, 6784166345, 7284605704, 7304932666, 7284605697, 13081248558, 13081248618]",2430.223,"[81, 69, 27, 70, 71, 207, 12, 215, 326, 15, 90, 91, 65, 366, 365, 365, 323, 328, 321, 360, 360]"
13081248576,13081248619,O_62,D_2,"[13081248576, 1977410546, 1971822799, 1848302348, 1971822806, 5521479268, 1847768303, 5675748457, 7304846122, 1847768304, 1847768354, 1977416892, 1971779496, 1971167548, 12310842190, 13081248619]",1640.181,"[81, 69, 27, 70, 71, 207, 12, 215, 326, 15, 90, 91, 65, 366, 365]"
13081248576,13081248620,O_62,D_3,"[13081248576, 1977410546, 1971822799, 1848302348, 1971822806, 1848302290, 1957952262, 5891888010, 1977410498, 13081248620]",716.954,"[81, 69, 27, 70, 23, 63, 236, 75, 225]"
13081248576,13081248621,O_62,D_4,"[13081248576, 1977410546, 1971822799, 1977410506, 559431729, 559431731, 5891888009, 5891887994, 13081248621]",885.008,"[81, 69, 68, 76, 2, 3, 235, 222]"
13081248577,13081248617,O_63,D_0,"[13081248577, 5891887998, 5891887997, 13081248620, 1977410498, 5891888010, 1957952262, 1848302290, 1971822806, 1848302348, 1848280088, 1848280242, 6784189922, 5504218397, 5504218399, 5504218401, 5715381571, 3494600493, 6130026099, 13081248617]",3378.5090000000005,"[231, 227, 225, 225, 75, 236, 63, 23, 70, 19, 21, 271, 272, 195, 197, 199, 218, 259, 261]"
13081248577,13081248618,O_63,D_1,"[13081248577, 5891887998, 5891887997, 13081248620, 1977410498, 5891888010, 1957952262, 1848302290, 1847768303, 5675748457, 7304846122, 1847768304, 1847768354, 1977416892, 1971779496, 1971167548, 12310842190, 13081248619, 6784166345, 7284605704, 7304932666, 7284605697, 13081248558, 13081248618]",3002.5250000000005,"[231, 227, 225, 225, 75, 236, 63, 24, 12, 215, 326, 15, 90, 91, 65, 366, 365, 365, 323, 328, 321, 360, 360]"
13081248577,13081248619,O_63,D_2,"[13081248577, 5891887998, 5891887997, 13081248620, 1977410498, 5891888010, 1957952262, 1848302290, 1847768303, 5675748457, 7304846122, 1847768304, 1847768354, 1977416892, 1971779496, 1971167548, 12310842190, 13081248619]",2212.483,"[231, 227, 225, 225, 75, 236, 63, 24, 12, 215, 326, 15, 90, 91, 65, 366, 365]"
13081248577,13081248620,O_63,D_3,"[13081248577, 5891887998, 5891887997, 13081248620]",328.304,"[231, 227, 225]"
13081248577,13081248621,O_63,D_4,"[13081248577, 5891887998, 5891887997, 5891887996, 13081248621]",162.309,"[231, 227, 223, 222]"
13081248578,13081248617,O_64,D_0,"[13081248578, 1977726017, 1979143906, 5675645894, 1977417695, 1977416894, 1847768354, 7284314742, 6062635070, 1950328139, 6130026099, 13081248617]",3748.1409999999996,"[194, 119, 123, 214, 99, 92, 16, 317, 247, 260, 261]"
13081248578,13081248618,O_64,D_1,"[13081248578, 1977726017, 1979143906, 5675645894, 1977417695, 1977416894, 1977416892, 1971779496, 1971167548, 12310842190, 13081248619, 6784166345, 7284605704, 7304932666, 7284605697, 13081248558, 13081248618]",2638.143,"[194, 119, 123, 214, 99, 93, 91, 65, 366, 365, 365, 323, 328, 321, 360, 360]"
13081248578,13081248619,O_64,D_2,"[13081248578, 1977726017, 1979143906, 5675645894, 1977417695, 1977416894, 1977416892, 1971779496, 1971167548, 12310842190, 13081248619]",1848.1009999999999,"[194, 119, 123, 214, 99, 93, 91, 65, 366, 365]"
13081248578,13081248620,O_64,D_3,"[13081248578, 1977726017, 1977726016, 1979143905, 6056409236, 1977417694, 5675748458, 5675748457, 1847768303, 1848302290, 1957952262, 5891888010, 1977410498, 13081248620]",2816.0570000000007,"[194, 118, 121, 241, 97, 217, 216, 12, 24, 63, 236, 75, 225]"
13081248578,13081248621,O_64,D_4,"[13081248578, 1977726017, 1977726016, 1979143905, 6056409236, 1977417694, 5675748458, 5675748457, 1847768303, 1848302290, 1957952262, 5891888010, 5891888009, 5891887994, 13081248621]",2997.9860000000003,"[194, 118, 121, 241, 97, 217, 216, 12, 24, 63, 236, 234, 235, 222]"
7118791906,13081248617,O_77,D_0,"[7118791906, 1977413998, 2459127367, 13081248591, 1977410535, 5891888008, 5891887999, 5891887996, 13081248621, 5891887994, 5891888009, 5891888010, 1957952262, 1848302290, 1971822806, 1848302348, 1848280088, 1848280242, 6784189922, 5504218397, 5504218399, 5504218401, 5715381571, 3494600493, 6130026099, 13081248617]",5329.202999999999,"[273, 149, 147, 147, 233, 229, 224, 222, 222, 235, 234, 236, 63, 23, 70, 19, 21, 271, 272, 195, 197, 199, 218, 259, 261]"
7118791906,13081248618,O_77,D_1,"[7118791906, 1977413998, 2459127367, 13081248591, 1977410535, 5891888008, 5891887999, 5891887996, 13081248621, 5891887994, 5891888009, 5891888010, 1957952262, 1848302290, 1847768303, 5675748457, 7304846122, 1847768304, 1847768354, 1977416892, 1971779496, 1971167548, 12310842190, 13081248619, 6784166345, 7284605704, 7304932666, 7284605697, 13081248558, 13081248618]",4953.219,"[273, 149, 147, 147, 233, 229, 224, 222, 222, 235, 234, 236, 63, 24, 12, 215, 326, 15, 90, 91, 65, 366, 365, 365, 323, 328, 321, 360, 360]"
7118791906,13081248619,O_77,D_2,"[7118791906, 1977413998, 2459127367, 13081248591, 1977410535, 5891888008, 5891887999, 5891887996, 13081248621, 5891887994, 5891888009, 5891888010, 1957952262, 1848302290, 1847768303, 5675748457, 7304846122, 1847768304, 1847768354, 1977416892, 1971779496, 1971167548, 12310842190, 13081248619]",4163.177000000001,"[273, 149, 147, 147, 233, 229, 224, 222, 222, 235, 234, 236, 63, 24, 12, 215, 326, 15, 90, 91, 65, 366, 365]"
7118791906,13081248620,O_77,D_3,"[7118791906, 1977413998, 2459127367, 13081248591, 1977410535, 5891888008, 5891887999, 5891887998, 5891887997, 13081248620]",2279.7969999999996,"[273, 149, 147, 147, 233, 229, 228, 227, 225]"
7118791906,13081248621,O_77,D_4,"[7118791906, 1977413998, 2459127367, 13081248591, 1977410535, 5891888008, 5891887999, 5891887996, 13081248621]",2097.0689999999995,"[273, 149, 147, 147, 233, 229, 224, 222]"
13081248591,13081248617,O_78,D_0,"[13081248591, 1977410535, 5891888008, 5891887999, 5891887996, 13081248621, 5891887994, 5891888009, 5891888010, 1957952262, 1848302290, 1971822806, 1848302348, 1848280088, 1848280242, 6784189922, 5504218397, 5504218399, 5504218401, 5715381571, 3494600493, 6130026099, 13081248617]",4620.7080000000005,"[147, 233, 229, 224, 222, 222, 235, 234, 236, 63, 23, 70, 19, 21, 271, 272, 195, 197, 199, 218, 259, 261]"
13081248591,13081248618,O_78,D_1,"[13081248591, 1977410535, 5891888008, 5891887999, 5891887996, 13081248621, 5891887994, 5891888009, 5891888010, 1957952262, 1848302290, 1847768303, 5675748457, 7304846122, 1847768304, 1847768354, 1977416892, 1971779496, 1971167548, 12310842190, 13081248619, 6784166345, 7284605704, 7304932666, 7284605697, 13081248558, 13081248618]",4244.724000000001,"[147, 233, 229, 224, 222, 222, 235, 234, 236, 63, 24, 12, 215, 326, 15, 90, 91, 65, 366, 365, 365, 323, 328, 321, 360, 360]"
13081248591,13081248619,O_78,D_2,"[13081248591, 1977410535, 5891888008, 5891887999, 5891887996, 13081248621, 5891887994, 5891888009, 5891888010, 1957952262, 1848302290, 1847768303, 5675748457, 7304846122, 1847768304, 1847768354, 1977416892, 1971779496, 1971167548, 12310842190, 13081248619]",3454.6820000000007,"[147, 233, 229, 224, 222, 222, 235, 234, 236, 63, 24, 12, 215, 326, 15, 90, 91, 65, 366, 365]"
13081248591,13081248620,O_78,D_3,"[13081248591, 1977410535, 5891888008, 5891887999, 5891887998, 5891887997, 13081248620]",1571.3020000000001,"[147, 233, 229, 228, 227, 225]"
13081248591,13081248621,O_78,D_4,"[13081248591, 1977410535, 5891888008, 5891887999, 5891887996, 13081248621]",1388.574,"[147, 233, 229, 224, 222]"
876889400,13081248617,O_79,D_0,"[876889400, 2932497657, 2932497652, 876889494, 2874022726, 2874022722, 876916567, 2459127367, 13081248591, 1977410535, 5891888008, 5891887999, 5891887996, 13081248621, 5891887994, 5891888009, 5891888010, 1957952262, 1848302290, 1971822806, 1848302348, 1848280088, 1848280242, 6784189922, 5504218397, 5504218399, 5504218401, 5715381571, 3494600493, 6130026099, 13081248617]",6614.967,"[7, 183, 179, 8, 166, 163, 148, 147, 147, 233, 229, 224, 222, 222, 235, 234, 236, 63, 23, 70, 19, 21, 271, 272, 195, 197, 199, 218, 259, 261]"
876889400,13081248618,O_79,D_1,"[876889400, 2932497657, 2932497652, 876889494, 2874022726, 2874022722, 876916567, 2459127367, 13081248591, 1977410535, 5891888008, 5891887999, 5891887996, 13081248621, 5891887994, 5891888009, 5891888010, 1957952262, 1848302290, 1847768303, 5675748457, 7304846122, 1847768304, 1847768354, 1977416892, 1971779496, 1971167548, 12310842190, 13081248619, 6784166345, 7284605704, 7304932666, 7284605697, 13081248558, 13081248618]",6238.982999999999,"[7, 183, 179, 8, 166, 163, 148, 147, 147, 233, 229, 224, 222, 222, 235, 234, 236, 63, 24, 12, 215, 326, 15, 90, 91, 65, 366, 365, 365, 323, 328, 321, 360, 360]"
876889400,13081248619,O_79,D_2,"[876889400, 2932497657, 2932497652, 876889494, 2874022726, 2874022722, 876916567, 2459127367, 13081248591, 1977410535, 5891888008, 5891887999, 5891887996, 13081248621, 5891887994, 5891888009, 5891888010, 1957952262, 1848302290, 1847768303, 5675748457, 7304846122, 1847768304, 1847768354, 1977416892, 1971779496, 1971167548, 12310842190, 13081248619]",5448.941,"[7, 183, 179, 8, 166, 163, 148, 147, 147, 233, 229, 224, 222, 222, 235, 234, 236, 63, 24, 12, 215, 326, 15, 90, 91, 65, 366, 365]"
876889400,13081248620,O_79,D_3,"[876889400, 2932497657, 2932497652, 876889494, 2874022726, 2874022722, 876916567, 2459127367, 13081248591, 1977410535, 5891888008, 5891887999, 5891887998, 5891887997, 13081248620]",3565.5610000000006,"[7, 183, 179, 8, 166, 163, 148, 147, 147, 233, 229, 228, 227, 225]"
876889400,13081248621,O_79,D_4,"[876889400, 2932497657, 2932497652, 876889494, 2874022726, 2874022722, 876916567, 2459127367, 13081248591, 1977410535, 5891888008, 5891887999, 5891887996, 13081248621]",3382.8330000000005,"[7, 183, 179, 8, 166, 163, 148, 147, 147, 233, 229, 224, 222]"
13081248601,13081248617,O_90,D_0,"[13081248601, 876916567, 2459127367, 13081248591, 1977410535, 5891888008, 5891887999, 5891887996, 13081248621, 5891887994, 5891888009, 5891888010, 1957952262, 1848302290, 1971822806, 1848302348, 1848280088, 1848280242, 6784189922, 5504218397, 5504218399, 5504218401, 5715381571, 3494600493, 6130026099, 13081248617]",5683.423999999999,"[151, 148, 147, 147, 233, 229, 224, 222, 222, 235, 234, 236, 63, 23, 70, 19, 21, 271, 272, 195, 197, 199, 218, 259, 261]"
13081248601,13081248618,O_90,D_1,"[13081248601, 876916567, 2459127367, 13081248591, 1977410535, 5891888008, 5891887999, 5891887996, 13081248621, 5891887994, 5891888009, 5891888010, 1957952262, 1848302290, 1847768303, 5675748457, 7304846122, 1847768304, 1847768354, 1977416892, 1971779496, 1971167548, 12310842190, 13081248619, 6784166345, 7284605704, 7304932666, 7284605697, 13081248558, 13081248618]",5307.4400000000005,"[151, 148, 147, 147, 233, 229, 224, 222, 222, 235, 234, 236, 63, 24, 12, 215, 326, 15, 90, 91, 65, 366, 365, 365, 323, 328, 321, 360, 360]"
13081248601,13081248619,O_90,D_2,"[13081248601, 876916567, 2459127367, 13081248591, 1977410535, 5891888008, 5891887999, 5891887996, 13081248621, 5891887994, 5891888009, 5891888010, 1957952262, 1848302290, 1847768303, 5675748457, 7304846122, 1847768304, 1847768354, 1977416892, 1971779496, 1971167548, 12310842190, 13081248619]",4517.398000000001,"[151, 148, 147, 147, 233, 229, 224, 222, 222, 235, 234, 236, 63, 24, 12, 215, 326, 15, 90, 91, 65, 366, 365]"
13081248601,13081248620,O_90,D_3,"[13081248601, 876916567, 2459127367, 13081248591, 1977410535, 5891888008, 5891887999, 5891887998, 5891887997, 13081248620]",2634.0180000000005,"[151, 148, 147, 147, 233, 229, 228, 227, 225]"
13081248601,13081248621,O_90,D_4,"[13081248601, 876916567, 2459127367, 13081248591, 1977410535, 5891888008, 5891887999, 5891887996, 13081248621]",2451.2900000000004,"[151, 148, 147, 147, 233, 229, 224, 222]"
13081248602,13081248617,O_91,D_0,"[13081248602, 6130028044, 6130029703, 2530351154, 13081248601, 876916567, 2459127367, 13081248591, 1977410535, 5891888008, 5891887999, 5891887996, 13081248621, 5891887994, 5891888009, 5891888010, 1957952262, 1848302290, 1971822806, 1848302348, 1848280088, 1848280242, 6784189922, 5504218397, 5504218399, 5504218401, 5715381571, 3494600493, 6130026099, 13081248617]",6826.948,"[256, 263, 267, 151, 151, 148, 147, 147, 233, 229, 224, 222, 222, 235, 234, 236, 63, 23, 70, 19, 21, 271, 272, 195, 197, 199, 218, 259, 261]"
13081248602,13081248618,O_91,D_1,"[13081248602, 6130028044, 6130029703, 2530351154, 13081248601, 876916567, 2459127367, 13081248591, 1977410535, 5891888008, 5891887999, 5891887996, 13081248621, 5891887994, 5891888009, 5891888010, 1957952262, 1848302290, 1847768303, 5675748457, 7304846122, 1847768304, 1847768354, 1977416892, 1971779496, 1971167548, 12310842190, 13081248619, 6784166345, 7284605704, 7304932666, 7284605697, 13081248558, 13081248618]",6450.964,"[256, 263, 267, 151, 151, 148, 147, 147, 233, 229, 224, 222, 222, 235, 234, 236, 63, 24, 12, 215, 326, 15, 90, 91, 65, 366, 365, 365, 323, 328, 321, 360, 360]"
13081248602,13081248619,O_91,D_2,"[13081248602, 6130028044, 6130029703, 2530351154, 13081248601, 876916567, 2459127367, 13081248591, 1977410535, 5891888008, 5891887999, 5891887996, 13081248621, 5891887994, 5891888009, 5891888010, 1957952262, 1848302290, 1847768303, 5675748457, 7304846122, 1847768304, 1847768354, 1977416892, 1971779496, 1971167548, 12310842190, 13081248619]",5660.9220000000005,"[256, 263, 267, 151, 151, 148, 147, 147, 233, 229, 224, 222, 222, 235, 234, 236, 63, 24, 12, 215, 326, 15, 90, 91, 65, 366, 365]"
13081248602,13081248620,O_91,D_3,"[13081248602, 6130028044, 6130029703, 2530351154, 13081248601, 876916567, 2459127367, 13081248591, 1977410535, 5891888008, 5891887999, 5891887998, 5891887997, 13081248620]",3777.5420000000004,"[256, 263, 267, 151, 151, 148, 147, 147, 233, 229, 228, 227, 225]"
13081248602,13081248621,O_91,D_4,"[13081248602, 6130028044, 6130029703, 2530351154, 13081248601, 876916567, 2459127367, 13081248591, 1977410535, 5891888008, 5891887999, 5891887996, 13081248621]",3594.8140000000003,"[256, 263, 267, 151, 151, 148, 147, 147, 233, 229, 224, 222]"
13081248611,13081248617,O_102,D_0,"[13081248611, 586717899, 2530351154, 13081248601, 876916567, 2459127367, 13081248591, 1977410535, 5891888008, 5891887999, 5891887996, 13081248621, 5891887994, 5891888009, 5891888010, 1957952262, 1848302290, 1971822806, 1848302348, 1848280088, 1848280242, 6784189922, 5504218397, 5504218399, 5504218401, 5715381571, 3494600493, 6130026099, 13081248617]",6966.572,"[276, 150, 151, 151, 148, 147, 147, 233, 229, 224, 222, 222, 235, 234, 236, 63, 23, 70, 19, 21, 271, 272, 195, 197, 199, 218, 259, 261]"
13081248611,13081248618,O_102,D_1,"[13081248611, 586717899, 2530351154, 13081248601, 876916567, 2459127367, 13081248591, 1977410535, 5891888008, 5891887999, 5891887996, 13081248621, 5891887994, 5891888009, 5891888010, 1957952262, 1848302290, 1847768303, 5675748457, 7304846122, 1847768304, 1847768354, 1977416892, 1971779496, 1971167548, 12310842190, 13081248619, 6784166345, 7284605704, 7304932666, 7284605697, 13081248558, 13081248618]",6590.588,"[276, 150, 151, 151, 148, 147, 147, 233, 229, 224, 222, 222, 235, 234, 236, 63, 24, 12, 215, 326, 15, 90, 91, 65, 366, 365, 365, 323, 328, 321, 360, 360]"
13081248611,13081248619,O_102,D_2,"[13081248611, 586717899, 2530351154, 13081248601, 876916567, 2459127367, 13081248591, 1977410535, 5891888008, 5891887999, 5891887996, 13081248621, 5891887994, 5891888009, 5891888010, 1957952262, 1848302290, 1847768303, 5675748457, 7304846122, 1847768304, 1847768354, 1977416892, 1971779496, 1971167548, 12310842190, 13081248619]",5800.546,"[276, 150, 151, 151, 148, 147, 147, 233, 229, 224, 222, 222, 235, 234, 236, 63, 24, 12, 215, 326, 15, 90, 91, 65, 366, 365]"
13081248611,13081248620,O_102,D_3,"[13081248611, 586717899, 2530351154, 13081248601, 876916567, 2459127367, 13081248591, 1977410535, 5891888008, 5891887999, 5891887998, 5891887997, 13081248620]",3917.1660000000006,"[276, 150, 151, 151, 148, 147, 147, 233, 229, 228, 227, 225]"
13081248611,13081248621,O_102,D_4,"[13081248611, 586717899, 2530351154, 13081248601, 876916567, 2459127367, 13081248591, 1977410535, 5891888008, 5891887999, 5891887996, 13081248621]",3734.4380000000006,"[276, 150, 151, 151, 148, 147, 147, 233, 229, 224, 222]"
